method,block_weeks,eligible_weeks,effect,critical_mean,mean_gate_power,mean_gate_wilson_low,mean_gate_wilson_high,joint_power,joint_wilson_low,joint_wilson_high,draws
REFERENCE_DISTRIBUTION_APPROXIMATION_NOT_GATE_EQUIVALENT,1,26,0,0.0159241889427,0.05648,0.0536860009982,0.0594102791665,0.04812,0.0455357520747,0.0508430968629,25000
REFERENCE_DISTRIBUTION_APPROXIMATION_NOT_GATE_EQUIVALENT,1,26,0.0025,0.0159241889427,0.08564,0.0822345762383,0.089172743948,0.07412,0.070937714801,0.0774331451299,25000
REFERENCE_DISTRIBUTION_APPROXIMATION_NOT_GATE_EQUIVALENT,1,26,0.005,0.0159241889427,0.12464,0.120603083543,0.128792253133,0.11108,0.107244414084,0.115035089166,25000
REFERENCE_DISTRIBUTION_APPROXIMATION_NOT_GATE_EQUIVALENT,1,26,0.0075,0.0159241889427,0.17816,0.173466293594,0.182952598019,0.16152,0.157010242107,0.166133762471,25000
REFERENCE_DISTRIBUTION_APPROXIMATION_NOT_GATE_EQUIVALENT,1,26,0.01,0.0159241889427,0.2454,0.240105126844,0.250773103969,0.22676,0.221611597328,0.231992360988,25000
REFERENCE_DISTRIBUTION_APPROXIMATION_NOT_GATE_EQUIVALENT,1,52,0,0.0116911086398,0.04872,0.046120021808,0.0514586427679,0.04352,0.0410602853875,0.0461199769898,25000
REFERENCE_DISTRIBUTION_APPROXIMATION_NOT_GATE_EQUIVALENT,1,52,0.0025,0.0116911086398,0.09148,0.0879688659113,0.0951166598212,0.08376,0.080389611335,0.087258286518,25000
REFERENCE_DISTRIBUTION_APPROXIMATION_NOT_GATE_EQUIVALENT,1,52,0.005,0.0116911086398,0.1596,0.155112536087,0.164192058448,0.148,0.143652301215,0.152455857646,25000
REFERENCE_DISTRIBUTION_APPROXIMATION_NOT_GATE_EQUIVALENT,1,52,0.0075,0.0116911086398,0.25092,0.245584393402,0.256332141283,0.23696,0.231729707663,0.242271116504,25000
REFERENCE_DISTRIBUTION_APPROXIMATION_NOT_GATE_EQUIVALENT,1,52,0.01,0.0116911086398,0.37896,0.372965428859,0.38499176304,0.36408,0.358136752902,0.370065011167,25000
REFERENCE_DISTRIBUTION_APPROXIMATION_NOT_GATE_EQUIVALENT,1,78,0,0.0098673756752,0.04288,0.0404381979211,0.0454622611087,0.03896,0.0366313677662,0.04143029576,25000
REFERENCE_DISTRIBUTION_APPROXIMATION_NOT_GATE_EQUIVALENT,1,78,0.0025,0.0098673756752,0.0934,0.0898550941127,0.0970698416624,0.08744,0.0840015003119,0.0910052667894,25000
REFERENCE_DISTRIBUTION_APPROXIMATION_NOT_GATE_EQUIVALENT,1,78,0.005,0.0098673756752,0.18128,0.176553561559,0.186104371373,0.17156,0.166937321959,0.176283597632,25000
REFERENCE_DISTRIBUTION_APPROXIMATION_NOT_GATE_EQUIVALENT,1,78,0.0075,0.0098673756752,0.31308,0.307360530438,0.318856904376,0.30076,0.295106346842,0.306474873532,25000
REFERENCE_DISTRIBUTION_APPROXIMATION_NOT_GATE_EQUIVALENT,1,78,0.01,0.0098673756752,0.48776,0.481566263269,0.493957497709,0.47536,0.469173840123,0.481553730998,25000
REFERENCE_DISTRIBUTION_APPROXIMATION_NOT_GATE_EQUIVALENT,1,104,0,0.00856742499854,0.04236,0.0399328639666,0.0449277548433,0.03908,0.0367478105654,0.0415538160885,25000
REFERENCE_DISTRIBUTION_APPROXIMATION_NOT_GATE_EQUIVALENT,1,104,0.0025,0.00856742499854,0.10452,0.100788237454,0.108373281484,0.09768,0.0940614605368,0.101422160125,25000
REFERENCE_DISTRIBUTION_APPROXIMATION_NOT_GATE_EQUIVALENT,1,104,0.005,0.00856742499854,0.22164,0.216534345021,0.226831186514,0.21148,0.206462556978,0.216586096416,25000
REFERENCE_DISTRIBUTION_APPROXIMATION_NOT_GATE_EQUIVALENT,1,104,0.0075,0.00856742499854,0.3968,0.390751806057,0.402879904154,0.38616,0.380142760639,0.392212218919,25000
REFERENCE_DISTRIBUTION_APPROXIMATION_NOT_GATE_EQUIVALENT,1,104,0.01,0.00856742499854,0.60624,0.600167698401,0.612279657288,0.5958,0.589702609794,0.601867953789,25000
REFERENCE_DISTRIBUTION_APPROXIMATION_NOT_GATE_EQUIVALENT,1,156,0,0.00712544192901,0.03612,0.0338774128822,0.0385051232893,0.0336,0.0314369708285,0.0359063396622,25000
REFERENCE_DISTRIBUTION_APPROXIMATION_NOT_GATE_EQUIVALENT,1,156,0.0025,0.00712544192901,0.1166,0.112680394976,0.120637412146,0.11092,0.10708689385,0.114872658563,25000
REFERENCE_DISTRIBUTION_APPROXIMATION_NOT_GATE_EQUIVALENT,1,156,0.005,0.00712544192901,0.28148,0.275939202145,0.287087942384,0.27284,0.267353840385,0.278395958952,25000
REFERENCE_DISTRIBUTION_APPROXIMATION_NOT_GATE_EQUIVALENT,1,156,0.0075,0.00712544192901,0.52516,0.518966510441,0.531345758658,0.51456,0.508362916687,0.520752609469,25000
REFERENCE_DISTRIBUTION_APPROXIMATION_NOT_GATE_EQUIVALENT,1,156,0.01,0.00712544192901,0.77056,0.765306529479,0.775730335687,0.76276,0.757446781578,0.767992480291,25000
REFERENCE_DISTRIBUTION_APPROXIMATION_NOT_GATE_EQUIVALENT,1,208,0,0.0061244520773,0.03756,0.0352733301749,0.0399887635286,0.03488,0.0326761625655,0.0372267546202,25000
REFERENCE_DISTRIBUTION_APPROXIMATION_NOT_GATE_EQUIVALENT,1,208,0.0025,0.0061244520773,0.13796,0.133740762968,0.142290480878,0.13228,0.128136768953,0.136536220184,25000
REFERENCE_DISTRIBUTION_APPROXIMATION_NOT_GATE_EQUIVALENT,1,208,0.005,0.0061244520773,0.35852,0.352597502476,0.364485970011,0.34848,0.342597177306,0.354409380168,25000
REFERENCE_DISTRIBUTION_APPROXIMATION_NOT_GATE_EQUIVALENT,1,208,0.0075,0.0061244520773,0.65636,0.650449286569,0.662222668773,0.64584,0.639889568599,0.651745619218,25000
REFERENCE_DISTRIBUTION_APPROXIMATION_NOT_GATE_EQUIVALENT,1,208,0.01,0.0061244520773,0.88144,0.877374053438,0.885388741687,0.87616,0.872018917047,0.880185500461,25000
REFERENCE_DISTRIBUTION_APPROXIMATION_NOT_GATE_EQUIVALENT,1,260,0,0.00552097140779,0.0352,0.0329860904683,0.0375567283912,0.03296,0.0308176969099,0.0352458102332,25000
REFERENCE_DISTRIBUTION_APPROXIMATION_NOT_GATE_EQUIVALENT,1,260,0.0025,0.00552097140779,0.15856,0.154084708841,0.163140205255,0.15172,0.147326507248,0.15622050857,25000
REFERENCE_DISTRIBUTION_APPROXIMATION_NOT_GATE_EQUIVALENT,1,260,0.005,0.00552097140779,0.4242,0.418085791119,0.430337499909,0.41428,0.408187437489,0.420398901652,25000
REFERENCE_DISTRIBUTION_APPROXIMATION_NOT_GATE_EQUIVALENT,1,260,0.0075,0.00552097140779,0.74092,0.735452266299,0.746313706336,0.73372,0.728205253937,0.739162931038,25000
REFERENCE_DISTRIBUTION_APPROXIMATION_NOT_GATE_EQUIVALENT,1,260,0.01,0.00552097140779,0.93708,0.934002371165,0.940023327486,0.93364,0.930487427952,0.936659327706,25000
REFERENCE_DISTRIBUTION_APPROXIMATION_NOT_GATE_EQUIVALENT,1,312,0,0.00513171899076,0.03444,0.0322500955891,0.0367729567952,0.03208,0.0299665601769,0.0343372173634,25000
REFERENCE_DISTRIBUTION_APPROXIMATION_NOT_GATE_EQUIVALENT,1,312,0.0025,0.00513171899076,0.17084,0.166225220837,0.175555919989,0.16472,0.160173593032,0.169369428283,25000
REFERENCE_DISTRIBUTION_APPROXIMATION_NOT_GATE_EQUIVALENT,1,312,0.005,0.00513171899076,0.47112,0.464937307884,0.477311566059,0.46228,0.456105978867,0.468465611338,25000
REFERENCE_DISTRIBUTION_APPROXIMATION_NOT_GATE_EQUIVALENT,1,312,0.0075,0.00513171899076,0.80516,0.800203532976,0.810022700666,0.79828,0.793260065278,0.803208282379,25000
REFERENCE_DISTRIBUTION_APPROXIMATION_NOT_GATE_EQUIVALENT,1,312,0.01,0.00513171899076,0.96784,0.965580165451,0.96995608159,0.96684,0.964547750692,0.968988803619,25000
REFERENCE_DISTRIBUTION_APPROXIMATION_NOT_GATE_EQUIVALENT,1,416,0,0.0045046797036,0.03212,0.030005238842,0.0343785264075,0.03032,0.0282656183987,0.0325186999359,25000
REFERENCE_DISTRIBUTION_APPROXIMATION_NOT_GATE_EQUIVALENT,1,416,0.0025,0.0045046797036,0.2022,0.197267227862,0.207224276993,0.19556,0.190690327168,0.200523217955,25000
REFERENCE_DISTRIBUTION_APPROXIMATION_NOT_GATE_EQUIVALENT,1,416,0.005,0.0045046797036,0.57988,0.573749842221,0.585985613092,0.57208,0.565936178202,0.578201673813,25000
REFERENCE_DISTRIBUTION_APPROXIMATION_NOT_GATE_EQUIVALENT,1,416,0.0075,0.0045046797036,0.89972,0.895934975212,0.903382203027,0.89568,0.891829893634,0.899408525974,25000
REFERENCE_DISTRIBUTION_APPROXIMATION_NOT_GATE_EQUIVALENT,1,416,0.01,0.0045046797036,0.99228,0.99111688354,0.993291853835,0.99184,0.990646787175,0.992882085398,25000
REFERENCE_DISTRIBUTION_APPROXIMATION_NOT_GATE_EQUIVALENT,1,520,0,0.0040598525505,0.02972,0.0276861785471,0.0318983241492,0.02848,0.0264893978334,0.0306154858771,25000
REFERENCE_DISTRIBUTION_APPROXIMATION_NOT_GATE_EQUIVALENT,1,520,0.0025,0.0040598525505,0.22708,0.221928962602,0.232314897388,0.2208,0.215701465803,0.225984323839,25000
REFERENCE_DISTRIBUTION_APPROXIMATION_NOT_GATE_EQUIVALENT,1,520,0.005,0.0040598525505,0.66876,0.662900218758,0.674567926443,0.66024,0.654344739783,0.666086023354,25000
REFERENCE_DISTRIBUTION_APPROXIMATION_NOT_GATE_EQUIVALENT,1,520,0.0075,0.0040598525505,0.95316,0.950470450223,0.955710307535,0.95128,0.948541357232,0.953879978192,25000
REFERENCE_DISTRIBUTION_APPROXIMATION_NOT_GATE_EQUIVALENT,1,520,0.01,0.0040598525505,0.99852,0.997960803615,0.998926016398,0.99836,0.997776078669,0.998790790508,25000
REFERENCE_DISTRIBUTION_APPROXIMATION_NOT_GATE_EQUIVALENT,4,26,0,0.017320476987,0.08364,0.0802718649318,0.0871360697936,0.06172,0.0588037766415,0.064770893431,25000
REFERENCE_DISTRIBUTION_APPROXIMATION_NOT_GATE_EQUIVALENT,4,26,0.0025,0.017320476987,0.11084,0.107008134693,0.114791442302,0.0848,0.0814101675865,0.0883174107062,25000
REFERENCE_DISTRIBUTION_APPROXIMATION_NOT_GATE_EQUIVALENT,4,26,0.005,0.017320476987,0.14528,0.14096638925,0.149702605384,0.11484,0.110946865006,0.118851482911,25000
REFERENCE_DISTRIBUTION_APPROXIMATION_NOT_GATE_EQUIVALENT,4,26,0.0075,0.017320476987,0.19,0.185184844064,0.194910409478,0.15764,0.153175534337,0.162209662446,25000
REFERENCE_DISTRIBUTION_APPROXIMATION_NOT_GATE_EQUIVALENT,4,26,0.01,0.017320476987,0.24704,0.241732902386,0.252424824505,0.21396,0.208920600863,0.219087290502,25000
REFERENCE_DISTRIBUTION_APPROXIMATION_NOT_GATE_EQUIVALENT,4,52,0,0.0136963953773,0.06104,0.0581392770991,0.0640756019167,0.05224,0.0495499258838,0.0550676571035,25000
REFERENCE_DISTRIBUTION_APPROXIMATION_NOT_GATE_EQUIVALENT,4,52,0.0025,0.0136963953773,0.09776,0.0941401052559,0.101503490824,0.08436,0.0809783747308,0.0878693387605,25000
REFERENCE_DISTRIBUTION_APPROXIMATION_NOT_GATE_EQUIVALENT,4,52,0.005,0.0136963953773,0.14824,0.143889318191,0.152698766925,0.12964,0.125532962227,0.133860838102,25000
REFERENCE_DISTRIBUTION_APPROXIMATION_NOT_GATE_EQUIVALENT,4,52,0.0075,0.0136963953773,0.2156,0.210546233462,0.220741153981,0.19292,0.188076018427,0.197858337889,25000
REFERENCE_DISTRIBUTION_APPROXIMATION_NOT_GATE_EQUIVALENT,4,52,0.01,0.0136963953773,0.3026,0.296936211422,0.308324443575,0.27956,0.274031121674,0.285156612812,25000
REFERENCE_DISTRIBUTION_APPROXIMATION_NOT_GATE_EQUIVALENT,4,78,0,0.0115755962496,0.05532,0.0525539625105,0.0582226740868,0.04828,0.045691546306,0.0510072534686,25000
REFERENCE_DISTRIBUTION_APPROXIMATION_NOT_GATE_EQUIVALENT,4,78,0.0025,0.0115755962496,0.09768,0.0940614605368,0.101422160125,0.08624,0.0828235006907,0.089783635134,25000
REFERENCE_DISTRIBUTION_APPROXIMATION_NOT_GATE_EQUIVALENT,4,78,0.005,0.0115755962496,0.16152,0.157010242107,0.166133762471,0.14616,0.141835304038,0.150593420198,25000
REFERENCE_DISTRIBUTION_APPROXIMATION_NOT_GATE_EQUIVALENT,4,78,0.0075,0.0115755962496,0.2582,0.252812439959,0.263661857804,0.23968,0.234428586391,0.245011402003,25000
REFERENCE_DISTRIBUTION_APPROXIMATION_NOT_GATE_EQUIVALENT,4,78,0.01,0.0115755962496,0.38012,0.374121682095,0.386155153371,0.36288,0.356941158182,0.368860974611,25000
REFERENCE_DISTRIBUTION_APPROXIMATION_NOT_GATE_EQUIVALENT,4,104,0,0.0104448457323,0.04948,0.0468602568796,0.0522381741715,0.045,0.0424994291968,0.0476403784217,25000
REFERENCE_DISTRIBUTION_APPROXIMATION_NOT_GATE_EQUIVALENT,4,104,0.0025,0.0104448457323,0.09544,0.0918597190088,0.0991445899365,0.08708,0.0836480794835,0.0906387982347,25000
REFERENCE_DISTRIBUTION_APPROXIMATION_NOT_GATE_EQUIVALENT,4,104,0.005,0.0104448457323,0.17584,0.171170981113,0.180608623365,0.16384,0.159303608944,0.168479682768,25000
REFERENCE_DISTRIBUTION_APPROXIMATION_NOT_GATE_EQUIVALENT,4,104,0.0075,0.0104448457323,0.29316,0.287549369297,0.298834186325,0.27784,0.272321906859,0.283426356131,25000
REFERENCE_DISTRIBUTION_APPROXIMATION_NOT_GATE_EQUIVALENT,4,104,0.01,0.0104448457323,0.44656,0.440406230159,0.452730190323,0.431,0.424872413464,0.437148788131,25000
REFERENCE_DISTRIBUTION_APPROXIMATION_NOT_GATE_EQUIVALENT,4,156,0,0.00857605757008,0.04368,0.0412158306992,0.046284382515,0.0398,0.0374465950051,0.0422948104147,25000
REFERENCE_DISTRIBUTION_APPROXIMATION_NOT_GATE_EQUIVALENT,4,156,0.0025,0.00857605757008,0.10576,0.102008266852,0.109632871072,0.09832,0.0946906394294,0.10207278458,25000
REFERENCE_DISTRIBUTION_APPROXIMATION_NOT_GATE_EQUIVALENT,4,156,0.005,0.00857605757008,0.21872,0.213639230314,0.223887198448,0.20664,0.201666216062,0.211703924516,25000
REFERENCE_DISTRIBUTION_APPROXIMATION_NOT_GATE_EQUIVALENT,4,156,0.0075,0.00857605757008,0.39176,0.385726092756,0.397827166094,0.37856,0.372566729309,0.384590585498,25000
REFERENCE_DISTRIBUTION_APPROXIMATION_NOT_GATE_EQUIVALENT,4,156,0.01,0.00857605757008,0.60164,0.595556289529,0.6076924796,0.59036,0.58425067154,0.596441563588,25000
REFERENCE_DISTRIBUTION_APPROXIMATION_NOT_GATE_EQUIVALENT,4,208,0,0.0075302956094,0.04176,0.0393499137116,0.04431088946,0.03824,0.0359328410845,0.0406890436757,25000
REFERENCE_DISTRIBUTION_APPROXIMATION_NOT_GATE_EQUIVALENT,4,208,0.0025,0.0075302956094,0.11696,0.113035016592,0.121002679914,0.11032,0.106496215814,0.114263520962,25000
REFERENCE_DISTRIBUTION_APPROXIMATION_NOT_GATE_EQUIVALENT,4,208,0.005,0.0075302956094,0.26496,0.259525952823,0.270466267799,0.25428,0.248920167971,0.259715334288,25000
REFERENCE_DISTRIBUTION_APPROXIMATION_NOT_GATE_EQUIVALENT,4,208,0.0075,0.0075302956094,0.475,0.468814117173,0.481193564564,0.4634,0.457224772358,0.469586473705,25000
REFERENCE_DISTRIBUTION_APPROXIMATION_NOT_GATE_EQUIVALENT,4,208,0.01,0.0075302956094,0.7114,0.705751133932,0.716983909298,0.7032,0.697506092529,0.708831470311,25000
REFERENCE_DISTRIBUTION_APPROXIMATION_NOT_GATE_EQUIVALENT,4,260,0,0.00679426544932,0.03996,0.0376019097938,0.0424594464629,0.037,0.0347303596161,0.0394119061583,25000
REFERENCE_DISTRIBUTION_APPROXIMATION_NOT_GATE_EQUIVALENT,4,260,0.0025,0.00679426544932,0.12708,0.123008602593,0.131265984346,0.1206,0.116621306377,0.124695271668,25000
REFERENCE_DISTRIBUTION_APPROXIMATION_NOT_GATE_EQUIVALENT,4,260,0.005,0.00679426544932,0.30276,0.297095335203,0.308485270631,0.2932,0.287589137934,0.298874405397,25000
REFERENCE_DISTRIBUTION_APPROXIMATION_NOT_GATE_EQUIVALENT,4,260,0.0075,0.00679426544932,0.55516,0.548991874121,0.561311176894,0.54456,0.538380336438,0.550725971633,25000
REFERENCE_DISTRIBUTION_APPROXIMATION_NOT_GATE_EQUIVALENT,4,260,0.01,0.00679426544932,0.80064,0.795641575995,0.805546046505,0.79512,0.790071680313,0.800077638315,25000
REFERENCE_DISTRIBUTION_APPROXIMATION_NOT_GATE_EQUIVALENT,4,312,0,0.00621229957968,0.03804,0.0357388459951,0.040483100219,0.03484,0.0326374251702,0.0371855043063,25000
REFERENCE_DISTRIBUTION_APPROXIMATION_NOT_GATE_EQUIVALENT,4,312,0.0025,0.00621229957968,0.1348,0.130622738935,0.139089475883,0.12784,0.123757965149,0.132036388265,25000
REFERENCE_DISTRIBUTION_APPROXIMATION_NOT_GATE_EQUIVALENT,4,312,0.005,0.00621229957968,0.34932,0.343433748022,0.355252551345,0.3384,0.332559914843,0.344289739907,25000
REFERENCE_DISTRIBUTION_APPROXIMATION_NOT_GATE_EQUIVALENT,4,312,0.0075,0.00621229957968,0.64148,0.635514029989,0.647402497524,0.63128,0.625279756865,0.637239904796,25000
REFERENCE_DISTRIBUTION_APPROXIMATION_NOT_GATE_EQUIVALENT,4,312,0.01,0.00621229957968,0.87312,0.86893676156,0.877188590047,0.86928,0.865044619396,0.873401912126,25000
REFERENCE_DISTRIBUTION_APPROXIMATION_NOT_GATE_EQUIVALENT,4,416,0,0.00536949085836,0.0394,0.0370583545575,0.0418831737701,0.03688,0.0346140274446,0.0392882752022,25000
REFERENCE_DISTRIBUTION_APPROXIMATION_NOT_GATE_EQUIVALENT,4,416,0.0025,0.00536949085836,0.16372,0.159184978408,0.168358350176,0.15636,0.151910686116,0.160914903972,25000
REFERENCE_DISTRIBUTION_APPROXIMATION_NOT_GATE_EQUIVALENT,4,416,0.005,0.00536949085836,0.43984,0.433696785189,0.446001700144,0.42864,0.422516922284,0.434785004467,25000
REFERENCE_DISTRIBUTION_APPROXIMATION_NOT_GATE_EQUIVALENT,4,416,0.0075,0.00536949085836,0.76076,0.755431859408,0.766008016999,0.75284,0.747454321981,0.758147988001,25000
REFERENCE_DISTRIBUTION_APPROXIMATION_NOT_GATE_EQUIVALENT,4,416,0.01,0.00536949085836,0.95124,0.948500324831,0.953841022884,0.94904,0.946244290634,0.951697733073,25000
REFERENCE_DISTRIBUTION_APPROXIMATION_NOT_GATE_EQUIVALENT,4,520,0,0.00489480706183,0.03524,0.033024835029,0.0375979715397,0.033,0.0308563950707,0.0352870997817,25000
REFERENCE_DISTRIBUTION_APPROXIMATION_NOT_GATE_EQUIVALENT,4,520,0.0025,0.00489480706183,0.17644,0.171764567624,0.181214852493,0.16964,0.165038452643,0.174343056906,25000
REFERENCE_DISTRIBUTION_APPROXIMATION_NOT_GATE_EQUIVALENT,4,520,0.005,0.00489480706183,0.49508,0.488883581687,0.501277930079,0.48536,0.479167431784,0.491557066642,25000
REFERENCE_DISTRIBUTION_APPROXIMATION_NOT_GATE_EQUIVALENT,4,520,0.0075,0.00489480706183,0.83644,0.831803427984,0.840973194269,0.83136,0.826667726753,0.835950456428,25000
REFERENCE_DISTRIBUTION_APPROXIMATION_NOT_GATE_EQUIVALENT,4,520,0.01,0.00489480706183,0.97984,0.978022642892,0.981509916916,0.9788,0.976939425938,0.980513453429,25000
REFERENCE_DISTRIBUTION_APPROXIMATION_NOT_GATE_EQUIVALENT,8,26,0,0.0153121384063,0.0992,0.0955558387904,0.102967314822,0.07324,0.0700756432167,0.0765354871114,25000
REFERENCE_DISTRIBUTION_APPROXIMATION_NOT_GATE_EQUIVALENT,8,26,0.0025,0.0153121384063,0.12292,0.118907696529,0.127048168651,0.09232,0.0887940329057,0.0959712347205,25000
REFERENCE_DISTRIBUTION_APPROXIMATION_NOT_GATE_EQUIVALENT,8,26,0.005,0.0153121384063,0.15012,0.145746088129,0.154601419321,0.1182,0.114256583314,0.122260732177,25000
REFERENCE_DISTRIBUTION_APPROXIMATION_NOT_GATE_EQUIVALENT,8,26,0.0075,0.0153121384063,0.20328,0.198337166137,0.208314006866,0.16772,0.163139799333,0.172402300174,25000
REFERENCE_DISTRIBUTION_APPROXIMATION_NOT_GATE_EQUIVALENT,8,26,0.01,0.0153121384063,0.29112,0.285521238624,0.296782943827,0.24752,0.242209344175,0.252908235226,25000
REFERENCE_DISTRIBUTION_APPROXIMATION_NOT_GATE_EQUIVALENT,8,52,0,0.0122209388882,0.06344,0.060485024592,0.066529116977,0.0576,0.0547793251152,0.0605566109076,25000
REFERENCE_DISTRIBUTION_APPROXIMATION_NOT_GATE_EQUIVALENT,8,52,0.0025,0.0122209388882,0.10764,0.103858300332,0.111542259926,0.09652,0.0929211976529,0.100242779441,25000
REFERENCE_DISTRIBUTION_APPROXIMATION_NOT_GATE_EQUIVALENT,8,52,0.005,0.0122209388882,0.16584,0.161280913449,0.170501763724,0.148,0.143652301215,0.152455857646,25000
REFERENCE_DISTRIBUTION_APPROXIMATION_NOT_GATE_EQUIVALENT,8,52,0.0075,0.0122209388882,0.2586,0.253209642647,0.264064532209,0.2328,0.227602588655,0.238079513753,25000
REFERENCE_DISTRIBUTION_APPROXIMATION_NOT_GATE_EQUIVALENT,8,52,0.01,0.0122209388882,0.35932,0.353394463647,0.365288763025,0.333,0.327184028355,0.33886728565,25000
REFERENCE_DISTRIBUTION_APPROXIMATION_NOT_GATE_EQUIVALENT,8,78,0,0.0104945411569,0.04896,0.046353761081,0.0517048297503,0.04492,0.0424216178582,0.0475582143418,25000
REFERENCE_DISTRIBUTION_APPROXIMATION_NOT_GATE_EQUIVALENT,8,78,0.0025,0.0104945411569,0.09812,0.0944940158434,0.10186946962,0.09136,0.0878509923306,0.0949945702742,25000
REFERENCE_DISTRIBUTION_APPROXIMATION_NOT_GATE_EQUIVALENT,8,78,0.005,0.0104945411569,0.18004,0.175326506697,0.18485180725,0.16728,0.162704722013,0.171957512692,25000
REFERENCE_DISTRIBUTION_APPROXIMATION_NOT_GATE_EQUIVALENT,8,78,0.0075,0.0104945411569,0.29808,0.292441304026,0.30378073983,0.27948,0.273951621058,0.28507613801,25000
REFERENCE_DISTRIBUTION_APPROXIMATION_NOT_GATE_EQUIVALENT,8,78,0.01,0.0104945411569,0.44692,0.440765696893,0.453090612972,0.4306,0.424473167662,0.43674815684,25000
REFERENCE_DISTRIBUTION_APPROXIMATION_NOT_GATE_EQUIVALENT,8,104,0,0.00913992552694,0.04764,0.0450684180306,0.0503505783964,0.04216,0.0397385319266,0.0447221483372,25000
REFERENCE_DISTRIBUTION_APPROXIMATION_NOT_GATE_EQUIVALENT,8,104,0.0025,0.00913992552694,0.10392,0.100197960193,0.107763743107,0.09608,0.0924887263377,0.0997953859551,25000
REFERENCE_DISTRIBUTION_APPROXIMATION_NOT_GATE_EQUIVALENT,8,104,0.005,0.00913992552694,0.20956,0.204559747242,0.214649496109,0.19716,0.192274925458,0.202138128035,25000
REFERENCE_DISTRIBUTION_APPROXIMATION_NOT_GATE_EQUIVALENT,8,104,0.0075,0.00913992552694,0.36172,0.355785454766,0.367697034459,0.34492,0.339051935643,0.35083571571,25000
REFERENCE_DISTRIBUTION_APPROXIMATION_NOT_GATE_EQUIVALENT,8,104,0.01,0.00913992552694,0.54572,0.539541461403,0.551884490236,0.53112,0.524929758435,0.537300679339,25000
REFERENCE_DISTRIBUTION_APPROXIMATION_NOT_GATE_EQUIVALENT,8,156,0,0.00759648565359,0.04248,0.0400494704694,0.0450511114682,0.0394,0.0370583545575,0.0418831737701,25000
REFERENCE_DISTRIBUTION_APPROXIMATION_NOT_GATE_EQUIVALENT,8,156,0.0025,0.00759648565359,0.11788,0.113941326663,0.121936087155,0.11156,0.1077169901,0.115522365661,25000
REFERENCE_DISTRIBUTION_APPROXIMATION_NOT_GATE_EQUIVALENT,8,156,0.005,0.00759648565359,0.26436,0.258930011685,0.269862393297,0.25324,0.247887620795,0.258668201025,25000
REFERENCE_DISTRIBUTION_APPROXIMATION_NOT_GATE_EQUIVALENT,8,156,0.0075,0.00759648565359,0.47544,0.469253778994,0.481633767545,0.4622,0.456026066246,0.468385548541,25000
REFERENCE_DISTRIBUTION_APPROXIMATION_NOT_GATE_EQUIVALENT,8,156,0.01,0.00759648565359,0.7032,0.697506092529,0.708831470311,0.6926,0.68685109898,0.698289720916,25000
REFERENCE_DISTRIBUTION_APPROXIMATION_NOT_GATE_EQUIVALENT,8,208,0,0.00671587960254,0.03592,0.0336836123297,0.0382989852958,0.0334,0.0312434241825,0.0356999477621,25000
REFERENCE_DISTRIBUTION_APPROXIMATION_NOT_GATE_EQUIVALENT,8,208,0.0025,0.00671587960254,0.12052,0.116542473878,0.124614128748,0.11564,0.11173479683,0.119663305272,25000
REFERENCE_DISTRIBUTION_APPROXIMATION_NOT_GATE_EQUIVALENT,8,208,0.005,0.00671587960254,0.30876,0.303063064107,0.314515698111,0.29796,0.292321979176,0.303660101552,25000
REFERENCE_DISTRIBUTION_APPROXIMATION_NOT_GATE_EQUIVALENT,8,208,0.0075,0.00671587960254,0.57028,0.564133246374,0.576405158726,0.56056,0.554398841246,0.566702550514,25000
REFERENCE_DISTRIBUTION_APPROXIMATION_NOT_GATE_EQUIVALENT,8,208,0.01,0.00671587960254,0.81408,0.809209348258,0.818854144541,0.8084,0.803474233588,0.813231004501,25000
REFERENCE_DISTRIBUTION_APPROXIMATION_NOT_GATE_EQUIVALENT,8,260,0,0.00598354338706,0.03604,0.0337998903666,0.0384226703865,0.03376,0.0315918233805,0.036071437947,25000
REFERENCE_DISTRIBUTION_APPROXIMATION_NOT_GATE_EQUIVALENT,8,260,0.0025,0.00598354338706,0.14016,0.135911985835,0.144518582019,0.13268,0.128531333903,0.136941532327,25000
REFERENCE_DISTRIBUTION_APPROXIMATION_NOT_GATE_EQUIVALENT,8,260,0.005,0.00598354338706,0.36972,0.363756583145,0.375723447924,0.3598,0.353872648969,0.365770430214,25000
REFERENCE_DISTRIBUTION_APPROXIMATION_NOT_GATE_EQUIVALENT,8,260,0.0075,0.00598354338706,0.67244,0.666596207675,0.678230806774,0.66232,0.6564332045,0.668156919517,25000
REFERENCE_DISTRIBUTION_APPROXIMATION_NOT_GATE_EQUIVALENT,8,260,0.01,0.00598354338706,0.89576,0.891911164895,0.899487230131,0.89204,0.888132774573,0.895826763496,25000
REFERENCE_DISTRIBUTION_APPROXIMATION_NOT_GATE_EQUIVALENT,8,312,0,0.00549500492161,0.03704,0.0347691384801,0.0394531150035,0.03448,0.0322888248965,0.036814215197,25000
REFERENCE_DISTRIBUTION_APPROXIMATION_NOT_GATE_EQUIVALENT,8,312,0.0025,0.00549500492161,0.15704,0.152582623611,0.161602757534,0.15008,0.145706579871,0.154560939869,25000
REFERENCE_DISTRIBUTION_APPROXIMATION_NOT_GATE_EQUIVALENT,8,312,0.005,0.00549500492161,0.4214,0.415291644097,0.427532507285,0.40956,0.403478630958,0.415669158494,25000
REFERENCE_DISTRIBUTION_APPROXIMATION_NOT_GATE_EQUIVALENT,8,312,0.0075,0.00549500492161,0.74408,0.738633499492,0.74945150217,0.73688,0.731385655247,0.742301558756,25000
REFERENCE_DISTRIBUTION_APPROXIMATION_NOT_GATE_EQUIVALENT,8,312,0.01,0.00549500492161,0.94076,0.937765383634,0.943619184265,0.93832,0.935270003211,0.941235314426,25000
REFERENCE_DISTRIBUTION_APPROXIMATION_NOT_GATE_EQUIVALENT,8,416,0,0.00478869031798,0.03304,0.0308950940997,0.0353283884619,0.03116,0.0290772038963,0.0333868563319,25000
REFERENCE_DISTRIBUTION_APPROXIMATION_NOT_GATE_EQUIVALENT,8,416,0.0025,0.00478869031798,0.18576,0.180987481451,0.190629074914,0.1792,0.174495323654,0.184003248399,25000
REFERENCE_DISTRIBUTION_APPROXIMATION_NOT_GATE_EQUIVALENT,8,416,0.005,0.00478869031798,0.5224,0.516205305844,0.52858781132,0.51204,0.505842472819,0.518233827656,25000
REFERENCE_DISTRIBUTION_APPROXIMATION_NOT_GATE_EQUIVALENT,8,416,0.0075,0.00478869031798,0.85768,0.853294176459,0.86195591939,0.85176,0.847301233075,0.856110681809,25000
REFERENCE_DISTRIBUTION_APPROXIMATION_NOT_GATE_EQUIVALENT,8,416,0.01,0.00478869031798,0.98372,0.982075340702,0.9852160269,0.983,0.981321769262,0.984529819574,25000
REFERENCE_DISTRIBUTION_APPROXIMATION_NOT_GATE_EQUIVALENT,8,520,0,0.00432847885125,0.03324,0.0310886022154,0.0355348188923,0.0316,0.0295024872207,0.033841437809,25000
REFERENCE_DISTRIBUTION_APPROXIMATION_NOT_GATE_EQUIVALENT,8,520,0.0025,0.00432847885125,0.2072,0.2022211092,0.212268859307,0.2008,0.195880353893,0.205811581139,25000
REFERENCE_DISTRIBUTION_APPROXIMATION_NOT_GATE_EQUIVALENT,8,520,0.005,0.00432847885125,0.60796,0.601892108528,0.613994718658,0.59928,0.593190653355,0.60533884093,25000
REFERENCE_DISTRIBUTION_APPROXIMATION_NOT_GATE_EQUIVALENT,8,520,0.0075,0.00432847885125,0.92048,0.917061340994,0.92376945833,0.91772,0.914249200956,0.921062446432,25000
REFERENCE_DISTRIBUTION_APPROXIMATION_NOT_GATE_EQUIVALENT,8,520,0.01,0.00432847885125,0.99628,0.995445329054,0.996962179243,0.99584,0.994962407419,0.996565236076,25000
