signal_date,action_time,target_end_time,hold_days,sp500_close,btc_anchor,action_price,btc_return,sp500_return,btc_variance_20,rho,delta_rho,target,forecast,low_event,high_event,direction,signed_gross,plan_net
2022-08-01,2022-08-02 00:15:00+00:00,2022-08-03 00:15:00+00:00,1.0,4118.63,23257.6,23372.9,-0.021834389983513943,-0.0028270386343186996,0.0017111828926841678,0.429228419593234,-0.0006408589341095339,-0.018573069772520767,-0.001624730292044204,False,False,0.0,-0.0,-0.00010958904109589041
2022-08-02,2022-08-03 00:15:00+00:00,2022-08-04 00:15:00+00:00,1.0,4091.19,22975.1,22942.8,-0.012220939550199908,-0.006684702509967414,0.0016149192429723868,0.4292905399166401,6.212032340613405e-05,-0.00509516276305791,-0.002291279279121554,False,False,0.0,-0.0,-0.00010958904109589041
2022-08-03,2022-08-04 00:15:00+00:00,2022-08-05 00:15:00+00:00,1.0,4155.17,22801.5,22826.2,-0.007584697519358819,0.015517460750035557,0.0016000031192185706,0.41555773149516206,-0.01373280842147806,-0.008566257888173216,-0.0031808599219309416,True,False,1.0,-0.008566257888173216,-0.0035511535131391944
2022-08-04,2022-08-05 00:15:00+00:00,2022-08-06 00:15:00+00:00,1.0,4151.94,22608.9,22631.5,-0.008482689203031525,-0.0007776471390832699,0.0014771010166671219,0.4143279376107079,-0.0012297938844541556,0.025740138868255543,-0.0024697680314982344,False,False,0.0,0.0,-0.00010958904109589041
2022-08-05,2022-08-06 00:15:00+00:00,2022-08-09 00:15:00+00:00,3.0,4145.19,23298.0,23221.6,0.030023885910570102,-0.0016270689959386672,0.0015220963125066457,0.4077987300311653,-0.0065292075795426174,0.023762011251389964,-0.0049926153780494725,False,False,0.0,0.0,-0.00032876712328767124
2022-08-08,2022-08-09 00:15:00+00:00,2022-08-10 00:15:00+00:00,1.0,4140.06,23804.3,23780.0,0.021498716649482427,-0.0012383454103545306,0.0012356499678499017,0.4034470501762125,-0.004351679854952772,-0.029956442265470448,-0.004594285574038334,False,False,0.0,-0.0,-0.00010958904109589041
2022-08-09,2022-08-10 00:15:00+00:00,2022-08-11 00:15:00+00:00,1.0,4122.47,23140.1,23078.2,-0.028299193349699634,-0.004257782198348112,0.0012239990419564855,0.40690429353927,0.0034572433630574717,0.03943617801538703,-0.0009449509255657408,False,False,0.0,0.0,-0.00010958904109589041
2022-08-10,2022-08-11 00:15:00+00:00,2022-08-12 00:15:00+00:00,1.0,4210.24,23941.0,24006.5,0.034025427074473716,0.021067154907856916,0.001178889995716552,0.41907900791877456,0.01217471437950457,-0.010245377811810834,-0.006621357447924514,False,True,-1.0,0.010245377811810834,0.0011517554118568181
2022-08-11,2022-08-12 00:15:00+00:00,2022-08-13 00:15:00+00:00,1.0,4207.27,23917.3,23761.8,-0.0009904238945953082,-0.0007056718966173459,0.0011634958168883676,0.4176268548882076,-0.0014521530305669494,0.024620963977311207,-0.00352932992355699,False,False,0.0,0.0,-0.00010958904109589041
2022-08-12,2022-08-13 00:15:00+00:00,2022-08-16 00:15:00+00:00,3.0,4280.15,24387.5,24354.1,0.019468659491983054,0.01717407440983608,0.0011754719747972694,0.42030093794208806,0.0026740830538804494,-0.010604562003775301,-0.0056335006060027615,False,False,0.0,-0.0,-0.00032876712328767124
2022-08-15,2022-08-16 00:15:00+00:00,2022-08-17 00:15:00+00:00,1.0,4297.14,24085.2,24097.2,-0.012473161977918893,0.003961629423932771,0.0009091062466229826,0.41588485034972766,-0.004416087592360396,-0.007188432888292641,-0.003194187507806606,False,False,0.0,-0.0,-0.00010958904109589041
2022-08-16,2022-08-17 00:15:00+00:00,2022-08-18 00:15:00+00:00,1.0,4305.2,23843.0,23924.6,-0.010106870765040627,0.0018739092755182558,0.0008259138658302742,0.41312427522128503,-0.0027605751284426328,-0.022376345169124956,-0.003280939161402224,False,False,0.0,-0.0,-0.00010958904109589041
2022-08-17,2022-08-18 00:15:00+00:00,2022-08-19 00:15:00+00:00,1.0,4274.04,23333.1,23395.2,-0.02161771987502114,-0.00726407864047862,0.0008467917147532949,0.4173376674963772,0.004213392275092154,-0.014374985190177618,-0.0021427870798060257,False,False,0.0,-0.0,-0.00010958904109589041
2022-08-18,2022-08-19 00:15:00+00:00,2022-08-20 00:15:00+00:00,1.0,4283.74,23185.0,23061.3,-0.006367435487824707,0.002266944033161183,0.0008482673408078164,0.4146052467563445,-0.0027324207400326594,-0.09663318300150182,-0.0035813370531191198,False,False,0.0,-0.0,-0.00010958904109589041
2022-08-19,2022-08-20 00:15:00+00:00,2022-08-23 00:15:00+00:00,3.0,4228.48,20825.0,20937.1,-0.1073513297905178,-0.012983869381359623,0.001403482180114183,0.4572928851511783,0.04268763839483375,0.020727379679122117,0.004161010151607429,False,True,-1.0,-0.020727379679122117,-0.006810612043068201
2022-08-22,2022-08-23 00:15:00+00:00,2022-08-24 00:15:00+00:00,1.0,4137.99,21387.0,21375.6,0.026629072750694788,-0.021632427725287454,0.0012432753789851979,0.4132840338831387,-0.04400885126803955,0.0074201466517725264,-0.00515563099663255,True,False,1.0,0.0074201466517725264,0.00044544762184724125
2022-08-23,2022-08-24 00:15:00+00:00,2022-08-25 00:15:00+00:00,1.0,4128.73,21518.2,21534.8,0.006115827869024917,-0.002240309064050325,0.0012447608491683506,0.41134098206898284,-0.0019430518141558828,-0.010817629224496996,-0.0036747276166638086,False,False,0.0,-0.0,-0.00010958904109589041
2022-08-24,2022-08-25 00:15:00+00:00,2022-08-26 00:15:00+00:00,1.0,4140.77,21355.0,21303.1,-0.007613184379196202,0.002911907251337381,0.0009512336292457149,0.4088869460802987,-0.0024540359886841556,0.008846782238204398,-0.003186716679557924,False,False,0.0,0.0,-0.00010958904109589041
2022-08-25,2022-08-26 00:15:00+00:00,2022-08-27 00:15:00+00:00,1.0,4199.12,21548.3,21492.4,0.009011022833733345,0.013993218645290096,0.0008820433515860937,0.40581293216457104,-0.003074013915727647,-0.0628339453345695,-0.004763299887678246,False,False,0.0,-0.0,-0.00010958904109589041
2022-08-26,2022-08-27 00:15:00+00:00,2022-08-30 00:15:00+00:00,3.0,4057.66,20228.7,20183.5,-0.06319453901085254,-0.03426852674898546,0.0010813457107880747,0.44890594892172814,0.0430930167571571,0.00246926534961796,0.0016276363468631042,False,True,-1.0,-0.00246926534961796,-0.002246083460692161
2022-08-29,2022-08-30 00:15:00+00:00,2022-08-31 00:15:00+00:00,1.0,4030.61,20275.5,20233.4,0.0023108724935443407,-0.006688723509263949,0.0010577756880745372,0.44638092208282926,-0.0025250268388988806,-0.018078354333177196,-0.004662372152293133,False,False,0.0,-0.0,-0.00010958904109589041
2022-08-30,2022-08-31 00:15:00+00:00,2022-09-01 00:15:00+00:00,1.0,3986.16,19803.2,19870.9,-0.023569719806234228,-0.011089367791653617,0.0010780847044872745,0.4485270969047466,0.002146174821917368,0.011438589182082532,-0.002633390629638613,False,False,0.0,0.0,-0.00010958904109589041
2022-08-31,2022-09-01 00:15:00+00:00,2022-09-02 00:15:00+00:00,1.0,3955.0,20041.4,20099.5,0.011956593252368643,-0.00784776025709875,0.0010823563287743955,0.44268821646333756,-0.005838880441409067,-6.96558998829026e-05,-0.005205204572868394,False,False,0.0,-0.0,-0.00010958904109589041
2022-09-01,2022-09-02 00:15:00+00:00,2022-09-03 00:15:00+00:00,1.0,3966.85,20122.6,20098.1,0.00404342747885018,0.0029917276491103818,0.0010795759932574701,0.44091811131828423,-0.0017701051450533245,-0.0073861148855746085,-0.004907561768173176,False,False,0.0,-0.0,-0.00010958904109589041
2022-09-02,2022-09-03 00:15:00+00:00,2022-09-07 00:15:00+00:00,4.0,3924.26,19941.0,19950.2,-0.009065647807285228,-0.010794530441166154,0.0010386136055072106,0.4401837054800333,-0.0007344058382509067,-0.057628518135668404,-0.0034970280054734608,False,False,0.0,-0.0,-0.00043835616438356166
2022-09-06,2022-09-07 00:15:00+00:00,2022-09-08 00:15:00+00:00,1.0,3908.19,18781.4,18833.0,-0.05991089533511494,-0.00410344720981454,0.0011949696336212288,0.43739926590746897,-0.0027844395725643567,0.02649761935267318,0.00016038022982925275,False,False,0.0,0.0,-0.00010958904109589041
2022-09-07,2022-09-08 00:15:00+00:00,2022-09-09 00:15:00+00:00,1.0,3979.87,19287.0,19338.7,0.026564275435219845,0.018174804228558855,0.0011902104528789558,0.442587068236183,0.00518780232871402,2.5854557772058765e-05,-0.006858311466726169,False,False,0.0,0.0,-0.00010958904109589041
2022-09-08,2022-09-09 00:15:00+00:00,2022-09-10 00:15:00+00:00,1.0,4006.18,19309.3,19339.2,0.0011555513083600325,0.0065890133889801,0.001132390733440252,0.43978534965365684,-0.002801718582526147,0.09438746356719863,-0.004737930296436615,False,False,0.0,0.0,-0.00010958904109589041
2022-09-09,2022-09-10 00:15:00+00:00,2022-09-13 00:15:00+00:00,3.0,4067.36,21352.0,21253.5,0.10055856696620363,0.015155971507018435,0.0016379429559805255,0.4633046425737099,0.02351929292005306,0.05200351333885899,-0.011858505610412476,False,True,-1.0,-0.05200351333885899,-0.014629645458002419
2022-09-12,2022-09-13 00:15:00+00:00,2022-09-14 00:15:00+00:00,1.0,4110.41,22386.0,22388.0,0.04729035136485286,0.010528639881468727,0.0017308103874703485,0.4686288591954799,0.005324216621770017,-0.10298112009112927,-0.008224051444615433,False,False,0.0,-0.0,-0.00010958904109589041
2022-09-13,2022-09-14 00:15:00+00:00,2022-09-15 00:15:00+00:00,1.0,3932.69,20162.6,20197.2,-0.1046063603256301,-0.04419911011958206,0.0022701559300127563,0.5295439483974199,0.06091508920194,0.0021168634812809167,0.0040781829381700664,False,True,-1.0,-0.0021168634812809167,-0.0019388049114161194
2022-09-14,2022-09-15 00:15:00+00:00,2022-09-16 00:15:00+00:00,1.0,3946.01,20217.0,20240.0,0.0026944314907438394,0.003381271704881856,0.0022654114862326108,0.5268047448141193,-0.002739203583300598,-0.029140855996407308,-0.006144764016986883,False,False,0.0,-0.0,-0.00010958904109589041
2022-09-15,2022-09-16 00:15:00+00:00,2022-09-17 00:15:00+00:00,1.0,3901.35,19690.8,19658.7,-0.026372313045221765,-0.011382294724738607,0.0022768201403706246,0.5264836376186154,-0.0003211071955039335,0.00807567311897194,-0.003485125400094673,False,False,0.0,0.0,-0.00010958904109589041
2022-09-16,2022-09-17 00:15:00+00:00,2022-09-20 00:15:00+00:00,3.0,3873.33,19792.4,19818.1,0.005146504044874955,-0.007208044914246866,0.00227611725383024,0.522377640611547,-0.004105997007068374,-0.014387933034795469,-0.005804380026309891,False,False,0.0,-0.0,-0.00032876712328767124
2022-09-19,2022-09-20 00:15:00+00:00,2022-09-21 00:15:00+00:00,1.0,3899.89,19528.6,19535.0,-0.013417967900531767,0.006833745439536254,0.0017089039465695995,0.5162787827868055,-0.00609885782474151,-0.030878843832429406,-0.005544734653330585,False,False,0.0,-0.0,-0.00010958904109589041
2022-09-20,2022-09-21 00:15:00+00:00,2022-09-22 00:15:00+00:00,1.0,3855.93,18866.7,18941.0,-0.034481594407391826,-0.01133612455307255,0.0017328975884353035,0.5191583792855092,0.0028795964987037292,-0.024748049426051136,-0.0033261466703517844,False,False,0.0,-0.0,-0.00010958904109589041
2022-09-21,2022-09-22 00:15:00+00:00,2022-09-23 00:15:00+00:00,1.0,3789.93,18447.5,18478.0,-0.022469603373534527,-0.017264673789774226,0.0017562715746973242,0.5204764959847296,0.0013181166992203286,0.04672638228028206,-0.004010396936154371,False,False,0.0,0.0,-0.00010958904109589041
2022-09-22,2022-09-23 00:15:00+00:00,2022-09-24 00:15:00+00:00,1.0,3757.99,19392.5,19361.9,0.04995753343250492,-0.00846330926893181,0.0018781613032107347,0.49642478755677477,-0.024051708427954788,-0.006939667497121132,-0.00891766432211667,True,False,1.0,-0.006939667497121132,-0.0031445059153761734
2022-09-23,2022-09-24 00:15:00+00:00,2022-09-27 00:15:00+00:00,3.0,3693.23,19280.7,19228.0,-0.0057817978056332485,-0.017382826077567966,0.0018757728358784922,0.490539506421906,-0.005885281134868747,0.004219295104305289,-0.004155990858923261,False,False,0.0,0.0,-0.00032876712328767124
2022-09-26,2022-09-27 00:15:00+00:00,2022-09-28 00:15:00+00:00,1.0,3655.04,19216.3,19309.3,-0.0033457183714862243,-0.010394376865970473,0.0016766550394098495,0.48722674982146036,-0.0033127566004456654,-0.00694299268200816,-0.0046882788197803405,False,False,0.0,-0.0,-0.00010958904109589041
2022-09-27,2022-09-28 00:15:00+00:00,2022-09-29 00:15:00+00:00,1.0,3647.29,19070.1,19175.7,-0.007637213768701622,-0.0021226109775338642,0.0016793043845332208,0.4851071320359763,-0.0021196177854840847,0.013832969128347063,-0.0045830358452885935,False,False,0.0,0.0,-0.00010958904109589041
2022-09-28,2022-09-29 00:15:00+00:00,2022-09-30 00:15:00+00:00,1.0,3719.04,19407.4,19442.8,0.0175327732001824,0.019481144387776417,0.0016668977067504532,0.4841277922739634,-0.0009793397620128652,0.004485163909196044,-0.007111038973229724,False,False,0.0,0.0,-0.00010958904109589041
2022-09-29,2022-09-30 00:15:00+00:00,2022-10-01 00:15:00+00:00,1.0,3640.47,19582.5,19530.2,0.008981873622005533,-0.02135277627216209,0.0016637834033284074,0.46558805408444964,-0.018539738189513766,-0.004243458392762263,-0.004708682674932312,True,False,1.0,-0.004243458392762263,-0.002470453639286456
2022-09-30,2022-10-01 00:15:00+00:00,2022-10-04 00:15:00+00:00,3.0,3585.62,19411.6,19447.5,-0.008765484739428137,-0.015181392276394085,0.001666807624175429,0.4642475739058597,-0.0013404801785899534,0.01178273334478156,-0.003351605583500385,False,False,0.0,0.0,-0.00032876712328767124
2022-10-03,2022-10-04 00:15:00+00:00,2022-10-05 00:15:00+00:00,1.0,3678.43,19621.9,19678.0,0.01077546388792775,0.02555462879740763,0.001668503856767144,0.4599763136355082,-0.004271260270351462,0.028297914328555225,-0.006089435534978526,False,False,0.0,0.0,-0.00010958904109589041
2022-10-04,2022-10-05 00:15:00+00:00,2022-10-06 00:15:00+00:00,1.0,3790.93,20332.9,20242.8,0.03559397439494285,0.03012534086530393,0.0015523846384357814,0.4725018562849499,0.012525542649441668,-0.000237149464560694,-0.008335825491035904,False,True,-1.0,0.000237149464560694,-0.001350301674955717
2022-10-05,2022-10-06 00:15:00+00:00,2022-10-07 00:15:00+00:00,1.0,3783.28,20149.9,20238.0,-0.009040938201477914,-0.0020200133350643033,0.0015211885301440174,0.4702426208297213,-0.002259235455228603,-0.011694760865257078,-0.004201239290636944,False,False,0.0,-0.0,-0.00010958904109589041
2022-10-06,2022-10-07 00:15:00+00:00,2022-10-08 00:15:00+00:00,1.0,3744.52,19954.0,20002.7,-0.009769701109905691,-0.010297920383574249,0.0015258941181915493,0.4693890189154113,-0.0008536019143099982,-0.02274876575990646,-0.003800236441803144,False,False,0.0,-0.0,-0.00010958904109589041
2022-10-07,2022-10-08 00:15:00+00:00,2022-10-11 00:15:00+00:00,3.0,3639.66,19520.9,19552.8,-0.02194393801186647,-0.028403167167490584,0.0010443696694501581,0.4745394343529097,0.00515041543749839,-0.029843354403862495,-0.0029987000508752285,False,False,0.0,-0.0,-0.00032876712328767124
2022-10-10,2022-10-11 00:15:00+00:00,2022-10-12 00:15:00+00:00,1.0,3612.39,19124.1,18977.9,-0.020536366697680077,-0.00752066754461965,0.0009536379206966754,0.47407590753334056,-0.00046352681956912667,0.004369218468393737,-0.004026887760505188,False,False,0.0,0.0,-0.00010958904109589041
2022-10-11,2022-10-12 00:15:00+00:00,2022-10-13 00:15:00+00:00,1.0,3588.84,19055.0,19061.0,-0.0036197854559453886,-0.006540572639369859,0.00040716853200525107,0.4718174539484047,-0.002258453584935871,0.0038015890955819817,-0.005934414743110472,False,False,0.0,0.0,-0.00010958904109589041
2022-10-12,2022-10-13 00:15:00+00:00,2022-10-14 00:15:00+00:00,1.0,3577.03,19148.1,19133.6,0.0048739596683451715,-0.0032961833504644216,0.0004079933080947683,0.46844691325959414,-0.0033705406888105416,0.010641633595246868,-0.0065593527322634106,False,False,0.0,0.0,-0.00010958904109589041
2022-10-13,2022-10-14 00:15:00+00:00,2022-10-15 00:15:00+00:00,1.0,3669.91,19365.4,19338.3,0.011284474581578104,0.02563429144689717,0.00037958533165612367,0.4625807665476876,-0.00586614671190655,-0.007151265076440676,-0.007921623423951236,False,False,0.0,-0.0,-0.00010958904109589041
2022-10-14,2022-10-15 00:15:00+00:00,2022-10-18 00:15:00+00:00,3.0,3583.07,19164.6,19200.5,-0.010423141341158914,-0.023947163771951822,0.0003836931002328168,0.4610264335244042,-0.001554333023283394,0.016610836804310428,-0.0044938525857248285,False,False,0.0,0.0,-0.00032876712328767124
2022-10-17,2022-10-18 00:15:00+00:00,2022-10-19 00:15:00+00:00,1.0,3677.95,19540.7,19522.1,0.01943464268925627,0.02613555691190645,0.0003935762739267848,0.46420370563032387,0.0031772721059196707,-0.013008053620412545,-0.008419717435801995,False,False,0.0,-0.0,-0.00010958904109589041
2022-10-18,2022-10-19 00:15:00+00:00,2022-10-20 00:15:00+00:00,1.0,3719.98,19320.9,19269.8,-0.011312058373534498,0.011362760181543908,0.00034052538951530363,0.4559906130162628,-0.008213092614061057,-0.00604319509325203,-0.0056710235224688155,True,False,1.0,-0.00604319509325203,-0.0029203878144088975
2022-10-19,2022-10-20 00:15:00+00:00,2022-10-21 00:15:00+00:00,1.0,3695.16,19116.6,19153.7,-0.010630344007446748,-0.006694436704711702,0.0003209314464129389,0.4550060481732699,-0.0009845648429929188,-0.005528549386186966,-0.004963466902994217,False,False,0.0,-0.0,-0.00010958904109589041
2022-10-20,2022-10-21 00:15:00+00:00,2022-10-22 00:15:00+00:00,1.0,3665.78,19034.8,19048.1,-0.004288184724462446,-0.007982718516093059,0.00019706311549150222,0.45302062582110286,-0.0019854223521670322,0.004823476225225598,-0.005481377055403676,False,False,0.0,0.0,-0.00010958904109589041
2022-10-21,2022-10-22 00:15:00+00:00,2022-10-25 00:15:00+00:00,3.0,3752.75,19151.0,19140.2,0.0060860507660219654,0.02344776785243657,0.00019724365689457074,0.44547621036178586,-0.007544415459317,0.008583654381886562,-0.007168437897805886,True,False,1.0,0.008583654381886562,0.0005171464721839692
2022-10-24,2022-10-25 00:15:00+00:00,2022-10-26 00:15:00+00:00,1.0,3797.34,19318.1,19305.2,0.008687546678591755,0.011811917059798283,0.0002004576386881413,0.4441969843494419,-0.0012792260123439814,0.03848289562859316,-0.006800376487973054,False,False,0.0,0.0,-0.00010958904109589041
2022-10-25,2022-10-26 00:15:00+00:00,2022-10-27 00:15:00+00:00,1.0,3859.11,20068.3,20062.6,0.038098975420066836,0.01613576532526921,0.00027011788338364185,0.4542071704925949,0.010010186143153021,0.03575419698007844,-0.009123213328706397,False,True,-1.0,-0.03575419698007844,-0.010348138286115499
2022-10-26,2022-10-27 00:15:00+00:00,2022-10-28 00:15:00+00:00,1.0,3830.6,20758.4,20792.9,0.03380952835351805,-0.007415138056792231,0.0003119021869535572,0.43620378440330393,-0.018003386089290974,-0.027074263277813395,-0.007754723758711151,True,False,1.0,-0.027074263277813395,-0.00817815486054924
2022-10-27,2022-10-28 00:15:00+00:00,2022-10-29 00:15:00+00:00,1.0,3807.3,20285.6,20237.5,-0.02303970930933874,-0.0061011723843323405,0.0003344098945184147,0.4373579613617101,0.0011541769584061945,0.01737990050846273,-0.003462616060330708,False,False,0.0,0.0,-0.00010958904109589041
2022-10-28,2022-10-29 00:15:00+00:00,2022-11-01 00:15:00+00:00,3.0,3901.06,20582.7,20592.3,0.014539642408564665,0.024328034575769396,0.00034113826845100394,0.43505097021112044,-0.002306991150589688,-0.005688170046826978,-0.00718951545723348,False,False,0.0,-0.0,-0.00032876712328767124
2022-10-31,2022-11-01 00:15:00+00:00,2022-11-02 00:15:00+00:00,1.0,3871.98,20482.1,20475.5,-0.00489958315878856,-0.007482306966126504,0.0003365330331074964,0.43350173579508505,-0.0015492344160353833,-0.0016814695309503532,-0.004618471834493438,False,False,0.0,-0.0,-0.00010958904109589041
2022-11-01,2022-11-02 00:15:00+00:00,2022-11-03 00:15:00+00:00,1.0,3856.1,20472.1,20441.1,-0.0004883504108852118,-0.004109694089746853,0.00027319840675229466,0.43118806755447336,-0.002313668240611688,-0.015400922596646131,-0.005070160802475796,False,False,0.0,-0.0,-0.00010958904109589041
2022-11-02,2022-11-03 00:15:00+00:00,2022-11-04 00:15:00+00:00,1.0,3759.69,20140.2,20128.7,-0.01634516583844826,-0.0253198028276198,0.00028246970088846633,0.43358988275733995,0.0024018152028665862,0.003283439944600807,-0.003183428591976419,False,False,0.0,0.0,-0.00010958904109589041
2022-11-03,2022-11-04 00:15:00+00:00,2022-11-05 00:15:00+00:00,1.0,3719.89,20199.8,20194.9,0.0029548856403416473,-0.01064240923898342,0.00027813391535699654,0.428880797730914,-0.004709085026425974,0.04254352111726088,-0.005037727700080737,False,False,0.0,0.0,-0.00010958904109589041
2022-11-04,2022-11-05 00:15:00+00:00,2022-11-08 00:15:00+00:00,3.0,3770.55,21137.6,21072.6,0.04538074177390753,0.013526781457993704,0.00035702768078106845,0.4381490962047382,0.00926829847382421,-0.022784489548104796,-0.008914924106997348,False,True,-1.0,0.022784489548104796,0.0040673552637385275
2022-11-07,2022-11-08 00:15:00+00:00,2022-11-09 00:15:00+00:00,1.0,3806.8,20578.5,20597.9,-0.026806603689760268,0.009568061802673562,0.00037187026299298275,0.42103552107337133,-0.017113575131366854,-0.11000552428126731,-0.003434434053218429,True,False,1.0,-0.11000552428126731,-0.028910970111412717
2022-11-08,2022-11-09 00:15:00+00:00,2022-11-10 00:15:00+00:00,1.0,3828.11,18533.9,18452.2,-0.10464535379161906,0.005582267593980096,0.0009187476241642852,0.35856913802932494,-0.06246638304404639,-0.13732752922410926,0.004363867666732529,True,False,1.0,-0.13732752922410926,-0.03574147134712321
2022-11-09,2022-11-10 00:15:00+00:00,2022-11-11 00:15:00+00:00,1.0,3748.57,15905.0,16084.5,-0.15296796245946576,-0.020996774887089925,0.002087519726971879,0.4153761664163034,0.056807028386978486,0.08908213811166397,0.010199581980202162,False,True,-1.0,-0.08908213811166397,-0.023680123569011884
2022-11-10,2022-11-11 00:15:00+00:00,2022-11-12 00:15:00+00:00,1.0,3956.37,17588.0,17583.1,0.10058332611745623,0.05395250428096393,0.002587003033285292,0.4528578791682846,0.0374817127519812,-0.03367192962648473,-0.011437160960071571,False,True,-1.0,0.03367192962648473,0.007008393365525291
2022-11-11,2022-11-12 00:15:00+00:00,2022-11-15 00:15:00+00:00,3.0,3992.93,17058.4,17000.9,-0.030574100288676433,0.00919835904482699,0.0026283097199375056,0.4474027575857845,-0.005455121582500111,-0.02448426297514186,-0.0009064288715410515,False,False,0.0,-0.0,-0.00032876712328767124
2022-11-14,2022-11-15 00:15:00+00:00,2022-11-16 00:15:00+00:00,1.0,3957.25,16605.3,16589.7,-0.026920829517045757,-0.008975957665021739,0.0026456610062088447,0.44716326852851457,-0.00023948905726994818,0.015390578547856765,-0.0004138253726375875,False,False,0.0,0.0,-0.00010958904109589041
2022-11-15,2022-11-16 00:15:00+00:00,2022-11-17 00:15:00+00:00,1.0,3991.73,16888.3,16847.0,0.016899152968245276,0.008675381307597811,0.0026535419415287397,0.4463201233380088,-0.0008431451905057674,-0.009087285564719369,-0.00413736890296274,False,False,0.0,-0.0,-0.00010958904109589041
2022-11-16,2022-11-17 00:15:00+00:00,2022-11-18 00:15:00+00:00,1.0,3958.79,16650.7,16694.6,-0.014168816896333819,-0.00828629787208508,0.0026579294994549985,0.4457142064291694,-0.0006059169088393768,0.008659818419746413,-0.0012897846431355678,False,False,0.0,0.0,-0.00010958904109589041
2022-11-17,2022-11-18 00:15:00+00:00,2022-11-19 00:15:00+00:00,1.0,3946.56,16682.1,16839.8,0.0018840307017737325,-0.003094109623737159,0.002657187551627704,0.44361966922655316,-0.0020945372026162645,-0.009043249412857196,-0.002573348320064989,False,False,0.0,-0.0,-0.00010958904109589041
2022-11-18,2022-11-19 00:15:00+00:00,2022-11-22 00:15:00+00:00,3.0,3965.34,16689.7,16688.2,0.0004554743904368431,0.004747288330235593,0.0026553459237773913,0.4413402676548253,-0.002279401571727846,-0.051040390006447514,-0.0026786223702325697,False,False,0.0,-0.0,-0.00032876712328767124
2022-11-21,2022-11-22 00:15:00+00:00,2022-11-23 00:15:00+00:00,1.0,3949.94,15772.9,15857.8,-0.05649848513973679,-0.0038912128014762935,0.0028111761915670086,0.43920055796262586,-0.002139709692199454,0.021608975055934218,0.001968811792598428,False,False,0.0,0.0,-0.00010958904109589041
2022-11-22,2022-11-23 00:15:00+00:00,2022-11-24 00:15:00+00:00,1.0,4003.58,16220.5,16204.2,0.027982596815491437,0.01348857192195737,0.0027777508813909835,0.443612099535856,0.004411541573230149,0.024878936561940988,-0.004767214874481201,False,False,0.0,0.0,-0.00010958904109589041
2022-11-23,2022-11-24 00:15:00+00:00,2022-11-26 00:15:00+00:00,2.0,4027.26,16595.8,16612.4,0.022873776948638205,0.005897283130642713,0.002746757154611419,0.4440751222343321,0.0004630226984760899,-0.0058076870375344675,-0.004249359097117138,False,False,0.0,-0.0,-0.00021917808219178083
2022-11-25,2022-11-26 00:15:00+00:00,2022-11-29 00:15:00+00:00,3.0,4026.12,16516.2,16516.2,-0.004807933881226524,-0.000283110944129042,0.0027213715557687897,0.44217591936854106,-0.0018992028657910387,-0.023047250384386184,-0.0020606083223008716,False,False,0.0,-0.0,-0.00032876712328767124
2022-11-28,2022-11-29 00:15:00+00:00,2022-11-30 00:15:00+00:00,1.0,3963.94,16204.6,16139.9,-0.01904656487085435,-0.015564652905563017,0.0027289400773693267,0.44449680005621256,0.0023208806876715005,0.017686641871792114,-0.0005063951679413242,False,False,0.0,0.0,-0.00010958904109589041
2022-11-29,2022-11-30 00:15:00+00:00,2022-12-01 00:15:00+00:00,1.0,3957.63,16433.3,16427.9,0.01401461143163598,-0.0015931188727940442,0.0027375602482918194,0.4406668927050992,-0.003829907351113382,0.04454941774836259,-0.003315588861845983,False,False,0.0,0.0,-0.00010958904109589041
2022-11-30,2022-12-01 00:15:00+00:00,2022-12-02 00:15:00+00:00,1.0,4080.11,17153.4,17176.3,0.0428866407108216,0.03047858758258928,0.002829511521558584,0.4617819657366805,0.021115073031581333,-0.01302083417399739,-0.006715655707282727,False,True,-1.0,0.01302083417399739,0.0018456195024034571
2022-12-01,2022-12-02 00:15:00+00:00,2022-12-03 00:15:00+00:00,1.0,4076.57,16970.5,16954.1,-0.010719862120070521,-0.000868000270271791,0.002821899071437931,0.4594881183009026,-0.0022938474357779293,0.006080297225540452,-0.0020677586715880684,False,False,0.0,0.0,-0.00010958904109589041
2022-12-02,2022-12-03 00:15:00+00:00,2022-12-06 00:15:00+00:00,3.0,4071.7,17083.0,17057.5,0.006607274393257907,-0.0011953459028422096,0.0028236453077259463,0.45677218849340984,-0.002715929807492745,-0.003959168225736986,-0.003206724847250052,False,False,0.0,-0.0,-0.00032876712328767124
2022-12-05,2022-12-06 00:15:00+00:00,2022-12-07 00:15:00+00:00,1.0,3998.84,16958.2,16990.1,-0.007332324309042448,-0.01805628360207544,0.002723362870517091,0.4527571702434208,-0.004015018249989011,0.004099858899936057,-0.0016318382094261332,False,False,0.0,0.0,-0.00010958904109589041
2022-12-06,2022-12-07 00:15:00+00:00,2022-12-08 00:15:00+00:00,1.0,3941.26,17078.7,17059.9,0.007080580395671202,-0.014503849921748772,0.002689939901385076,0.4430264674892106,-0.00973070275421023,-0.01325874782728964,-0.0025933242458194166,True,False,1.0,-0.01325874782728964,-0.004724275997918301
2022-12-07,2022-12-08 00:15:00+00:00,2022-12-09 00:15:00+00:00,1.0,3933.92,16828.0,16835.2,-0.014787907323274787,-0.0018640849162627044,0.002153341508026508,0.44123149730794275,-0.001794970181267841,0.023806735316873995,-0.0020008029259116324,False,False,0.0,0.0,-0.00010958904109589041
2022-12-08,2022-12-09 00:15:00+00:00,2022-12-10 00:15:00+00:00,1.0,3963.51,17216.0,17240.8,0.022795018251099503,0.007493612090724109,0.0010093622739298798,0.44286491334712014,0.0016334160391773822,-0.00703713829618361,-0.006510095131456494,False,False,0.0,-0.0,-0.00010958904109589041
2022-12-09,2022-12-10 00:15:00+00:00,2022-12-13 00:15:00+00:00,3.0,3934.38,17122.0,17119.9,-0.005474997659080014,-0.00737668721482345,0.0005050107792556988,0.4413022009793638,-0.001562712367756347,0.0030269738524546933,-0.004620543828613731,False,False,0.0,0.0,-0.00032876712328767124
2022-12-12,2022-12-13 00:15:00+00:00,2022-12-14 00:15:00+00:00,1.0,3990.56,17200.0,17171.8,0.0045451974991134615,0.014178262831053962,0.0004593049398478939,0.43535317395587725,-0.005949027023486542,0.034800102345483336,-0.006027668891299629,False,False,0.0,0.0,-0.00010958904109589041
2022-12-13,2022-12-14 00:15:00+00:00,2022-12-15 00:15:00+00:00,1.0,4019.65,17777.1,17779.9,0.03300172835142375,0.007263262233261697,0.0004775240904626602,0.4386478952461428,0.0032947212902655343,0.0032399831810443853,-0.007759346727545631,False,False,0.0,0.0,-0.00010958904109589041
2022-12-14,2022-12-15 00:15:00+00:00,2022-12-16 00:15:00+00:00,1.0,3995.32,17804.0,17837.6,0.001512038982776618,-0.006071158028413109,0.0004633593350047243,0.43490995139071736,-0.0037379438554254185,-0.026690671875013148,-0.0050404500729735605,False,False,0.0,-0.0,-0.00010958904109589041
2022-12-15,2022-12-16 00:15:00+00:00,2022-12-17 00:15:00+00:00,1.0,3895.75,17351.9,17367.8,-0.02572114067007605,-0.025237460791963953,0.0004864004202611245,0.4445769979344207,0.009667046543703317,-0.04014376596577742,-0.002505881030639569,False,True,-1.0,0.04014376596577742,0.008626352450348464
2022-12-16,2022-12-17 00:15:00+00:00,2022-12-20 00:15:00+00:00,3.0,3852.36,16624.1,16684.4,-0.042848560745330305,-0.011200267830704025,0.0005780228995741763,0.4509053536345363,0.00632835570011564,-0.017028195687452608,-0.0019218593728920984,False,False,0.0,-0.0,-0.00032876712328767124
2022-12-19,2022-12-20 00:15:00+00:00,2022-12-21 00:15:00+00:00,1.0,3817.66,16429.2,16402.7,-0.01179321029262791,-0.009048278034291597,0.0005849665171784664,0.4508441845798491,-6.116905468722678e-05,0.027705567537275676,-0.004300237000498476,False,False,0.0,0.0,-0.00010958904109589041
2022-12-20,2022-12-21 00:15:00+00:00,2022-12-22 00:15:00+00:00,1.0,3821.62,16887.3,16863.5,0.027501620691413244,0.001036747011419641,0.00046317953305693196,0.4463906956912089,-0.004453488888640167,-0.002874230717439492,-0.007539538440114639,False,False,0.0,-0.0,-0.00010958904109589041
2022-12-21,2022-12-22 00:15:00+00:00,2022-12-23 00:15:00+00:00,1.0,3878.44,16819.7,16815.1,-0.004011041660877827,0.014758594440961796,0.0004248326695902792,0.4345823394196389,-0.011808356271570009,-0.0012913401678444128,-0.00554570586581417,True,False,1.0,-0.0012913401678444128,-0.0017324240830569936
2022-12-22,2022-12-23 00:15:00+00:00,2022-12-24 00:15:00+00:00,1.0,3822.39,16815.5,16793.4,-0.00024973837062544987,-0.014557129502374849,0.00039867530445816476,0.4278284072206203,-0.006753932199018597,0.00012504130845213674,-0.004509034014253164,False,False,0.0,0.0,-0.00010958904109589041
2022-12-23,2022-12-24 00:15:00+00:00,2022-12-28 00:15:00+00:00,4.0,3844.82,16776.3,16795.5,-0.0023339039762016287,0.005850906388984781,0.00039779184843635886,0.4242292956603646,-0.003599111560255719,-0.006217376666016238,-0.004916946419292543,False,False,0.0,-0.0,-0.00043835616438356166
2022-12-27,2022-12-28 00:15:00+00:00,2022-12-29 00:15:00+00:00,1.0,3829.25,16698.2,16691.4,-0.0046662469468693735,-0.004057826255056132,0.00038074195979583415,0.4228726442680862,-0.0013566513922784185,-0.008809675346632538,-0.004342741080224355,False,False,0.0,-0.0,-0.00010958904109589041
2022-12-28,2022-12-29 00:15:00+00:00,2022-12-30 00:15:00+00:00,1.0,3783.22,16538.9,16545.0,-0.009585747239806427,-0.01209346269904926,0.0003755158206241199,0.4228285633592165,-4.408090886970362e-05,0.004595047613340824,-0.0036924837519285636,False,False,0.0,0.0,-0.00010958904109589041
2022-12-29,2022-12-30 00:15:00+00:00,2022-12-31 00:15:00+00:00,1.0,3849.28,16630.3,16621.2,0.0055111507868290666,0.017310618960093668,0.0002850712622009232,0.4160885277088318,-0.006740035650384668,-0.0021260521573169167,-0.005807062461548588,False,False,0.0,-0.0,-0.00010958904109589041
2022-12-30,2022-12-31 00:15:00+00:00,2023-01-04 00:15:00+00:00,4.0,3839.5,16601.2,16585.9,-0.0017513508230462703,-0.0025439680351095257,0.0002794788514925263,0.414331782508139,-0.0017567452006927997,0.004451697490122612,-0.004458941889846652,False,False,0.0,0.0,-0.00043835616438356166
2023-01-03,2023-01-04 00:15:00+00:00,2023-01-05 00:15:00+00:00,1.0,3824.14,16667.3,16659.9,0.003973734131665699,-0.0040085443908070935,0.00027808557589459445,0.4110185789152713,-0.003313203592867686,0.011696109558967866,-0.0047310179406185185,False,False,0.0,0.0,-0.00010958904109589041
2023-01-04,2023-01-05 00:15:00+00:00,2023-01-06 00:15:00+00:00,1.0,3852.97,16842.2,16855.9,0.010438925573457004,0.007510674075384772,0.00028084598526235445,0.4111250085478435,0.0001064296325721803,-0.0020191349524750673,-0.00554858448436696,False,False,0.0,-0.0,-0.00010958904109589041
2023-01-05,2023-01-06 00:15:00+00:00,2023-01-07 00:15:00+00:00,1.0,3808.1,16823.8,16821.9,-0.0010930910611359154,-0.011713902384519219,0.00027839899672877304,0.40487533909104023,-0.006249669456803275,0.006789447380334927,-0.0039364896983731515,False,False,0.0,0.0,-0.00010958904109589041
2023-01-06,2023-01-07 00:15:00+00:00,2023-01-10 00:15:00+00:00,3.0,3895.08,16943.9,16936.5,0.007113336497114044,0.02258384117602654,0.00026999486438474354,0.39470605824049104,-0.01016928085054919,0.01417008176863563,-0.005469572228705657,True,False,1.0,0.01417008176863563,0.0019137533188712363
2023-01-09,2023-01-10 00:15:00+00:00,2023-01-11 00:15:00+00:00,1.0,3892.09,17169.6,17178.2,0.013232491143236122,-0.0007679298504944067,0.0002527691626241367,0.3916062771935204,-0.0030997810469706177,0.014408280303231746,-0.004891618271615257,False,False,0.0,0.0,-0.00010958904109589041
2023-01-10,2023-01-11 00:15:00+00:00,2023-01-12 00:15:00+00:00,1.0,3919.25,17428.8,17427.5,0.01498363215531803,0.0069540205524518915,0.0002624958442840841,0.392956536229105,0.0013502590355845556,0.029117208568799735,-0.0052548522821818915,False,False,0.0,0.0,-0.00010958904109589041
2023-01-11,2023-01-12 00:15:00+00:00,2023-01-13 00:15:00+00:00,1.0,3969.61,17935.6,17942.4,0.02866355421857447,0.012767544131228952,0.0003025428702908447,0.403463619643634,0.010507083414528995,0.04813600578031109,-0.006595139663641871,False,True,-1.0,-0.04813600578031109,-0.013443590486173662
2023-01-12,2023-01-13 00:15:00+00:00,2023-01-14 00:15:00+00:00,1.0,3983.17,18838.1,18827.2,0.04909385024107008,0.0034101315868827887,0.00036859747315641717,0.39896360009486576,-0.004500019548768219,0.07298548527025517,-0.007713480733993904,False,False,0.0,0.0,-0.00010958904109589041
2023-01-13,2023-01-14 00:15:00+00:00,2023-01-18 00:15:00+00:00,4.0,3999.09,19924.3,20252.7,0.05605867750941599,0.003988850553225138,0.0005256119262673806,0.3969402303989488,-0.0020233696959169323,0.04168136237812148,-0.007921397062343377,False,False,0.0,0.0,-0.00043835616438356166
2023-01-17,2023-01-18 00:15:00+00:00,2023-01-19 00:15:00+00:00,1.0,3990.97,21130.8,21114.7,0.05879159945749127,-0.0020325261125498277,0.000665355680737393,0.37641243088729137,-0.020527799511657452,-0.018146386677559634,-0.007319231928191222,True,False,1.0,-0.018146386677559634,-0.005946185710485799
2023-01-18,2023-01-19 00:15:00+00:00,2023-01-20 00:15:00+00:00,1.0,3928.86,20680.1,20735.0,-0.0215598065541167,-0.015685001660276407,0.0005967969857726265,0.38294868077186134,0.006536249884569967,0.01539095647930422,-0.0009975032754521015,False,False,0.0,0.0,-0.00010958904109589041
2023-01-19,2023-01-20 00:15:00+00:00,2023-01-21 00:15:00+00:00,1.0,3898.85,21068.3,21056.6,0.01859765590637002,-0.00766766960752083,0.0006071366355829063,0.3718139503051695,-0.011134730466691833,0.06735403799975775,-0.004031902155582327,True,False,1.0,0.06735403799975775,0.015428920458843549
2023-01-20,2023-01-21 00:15:00+00:00,2023-01-24 00:15:00+00:00,3.0,3972.61,22661.0,22523.7,0.07287584412793884,0.01874167155917249,0.0008348641114181696,0.41216422443806766,0.040350274132898156,0.018488376239803508,-0.009104332918909611,False,True,-1.0,-0.018488376239803508,-0.006250861183238548
2023-01-23,2023-01-24 00:15:00+00:00,2023-01-25 00:15:00+00:00,1.0,4019.81,22913.3,22944.0,0.011072142742676644,0.011811328415709267,0.0008401893059036151,0.41141192186790876,-0.0007523025701589026,-0.01367837493845981,-0.005038559038197445,False,False,0.0,-0.0,-0.00010958904109589041
2023-01-24,2023-01-25 00:15:00+00:00,2023-01-26 00:15:00+00:00,1.0,4016.95,22627.5,22632.3,-0.012551547276275566,-0.0007117296325210936,0.0008480632543923561,0.409760996757748,-0.0016509251101607392,0.02029434205973403,-0.0028574416707146198,False,False,0.0,0.0,-0.00010958904109589041
2023-01-25,2023-01-26 00:15:00+00:00,2023-01-27 00:15:00+00:00,1.0,4016.22,23060.6,23096.3,0.01895955286389293,-0.00018174643434897735,0.000865764131243787,0.4064635982377873,-0.0032973985199606926,-0.002631586170532664,-0.005017509570472841,False,False,0.0,-0.0,-0.00010958904109589041
2023-01-26,2023-01-27 00:15:00+00:00,2023-01-28 00:15:00+00:00,1.0,4060.43,23001.9,23035.6,-0.002548712370190112,0.010947717569977039,0.0008650002349526266,0.3978069695845542,-0.008656628653233134,0.00046005148179796383,-0.0036712832723062505,True,False,1.0,0.00046005148179796383,-0.0012945761706463993
2023-01-27,2023-01-28 00:15:00+00:00,2023-01-31 00:15:00+00:00,3.0,4070.56,23068.1,23046.2,0.0028738895404154846,0.0024917027916841637,0.0008608188694998794,0.3962825614609904,-0.001524408123563803,-0.01173647087730788,-0.00360557129698621,False,False,0.0,-0.0,-0.00032876712328767124
2023-01-30,2023-01-31 00:15:00+00:00,2023-02-01 00:15:00+00:00,1.0,4017.77,22819.9,22777.3,-0.010817748449925415,-0.013053559781991077,0.0008651514144264142,0.396387610444282,0.00010504898329161128,0.013401302567602594,-0.0020509232530550904,False,False,0.0,0.0,-0.00010958904109589041
2023-01-31,2023-02-01 00:15:00+00:00,2023-02-02 00:15:00+00:00,1.0,4076.6,23119.5,23084.6,0.013043454969365428,0.014536285322318165,0.0008735046388180382,0.3972316119334144,0.0008440014891323844,0.02724559002382712,-0.00473708970098626,False,False,0.0,0.0,-0.00010958904109589041
2023-02-01,2023-02-02 00:15:00+00:00,2023-02-03 00:15:00+00:00,1.0,4119.21,23730.1,23722.2,0.026067867241056447,0.010398089735210484,0.000906691795795447,0.4038264557617255,0.006594843828311103,-0.0062287318348946295,-0.005608704794439147,False,False,0.0,-0.0,-0.00010958904109589041
2023-02-02,2023-02-03 00:15:00+00:00,2023-02-04 00:15:00+00:00,1.0,4179.76,23493.0,23574.9,-0.010041780076893122,0.014592431217642185,0.0009062851047946727,0.38658401015530514,-0.017242445606420354,-0.007305548667476109,-0.0029689804005920578,True,False,1.0,-0.007305548667476109,-0.0032359762079649176
2023-02-03,2023-02-04 00:15:00+00:00,2023-02-07 00:15:00+00:00,3.0,4136.48,23424.7,23403.3,-0.0029114832247420543,-0.010408643989373002,0.0009066491991196737,0.3843958174882972,-0.0021881926670079266,-0.025783224310985054,-0.0022911382702662155,False,False,0.0,-0.0,-0.00032876712328767124
2023-02-06,2023-02-07 00:15:00+00:00,2023-02-08 00:15:00+00:00,1.0,4111.08,22757.8,22807.6,-0.028883077434430977,-0.006159416919169087,0.0009458308294177818,0.38898901988139045,0.004593202393093243,0.018565948786426215,-0.0005867192966871597,False,False,0.0,0.0,-0.00010958904109589041
2023-02-07,2023-02-08 00:15:00+00:00,2023-02-09 00:15:00+00:00,1.0,4164.0,23234.1,23235.0,0.020713083341470186,0.012790383040919152,0.0009585274794005252,0.39521788339299935,0.006228863511608895,-0.012546640031665682,-0.004963203642293133,False,False,0.0,-0.0,-0.00010958904109589041
2023-02-08,2023-02-09 00:15:00+00:00,2023-02-10 00:15:00+00:00,1.0,4117.86,22955.9,22945.3,-0.012046043042189132,-0.011142539811002886,0.0009545573754209446,0.397506118276189,0.0022882348831896326,-0.048848129789733664,-0.001918329226032976,False,False,0.0,-0.0,-0.00010958904109589041
2023-02-09,2023-02-10 00:15:00+00:00,2023-02-11 00:15:00+00:00,1.0,4081.5,21793.3,21851.4,-0.05197240096996409,-0.008869043032445954,0.001048533931528023,0.40915051425994503,0.01164439598375605,-0.011798555612048322,0.0007283498623206426,False,True,-1.0,0.011798555612048322,0.0015400498619161903
2023-02-10,2023-02-11 00:15:00+00:00,2023-02-14 00:15:00+00:00,3.0,4090.46,21618.6,21595.1,-0.00804852784929265,0.002192865258876484,0.0009312625649804342,0.4060723428100935,-0.003078171449851508,0.007478300134132331,-0.003072209192466123,False,False,0.0,0.0,-0.00032876712328767124
2023-02-13,2023-02-14 00:15:00+00:00,2023-02-15 00:15:00+00:00,1.0,4137.29,21766.1,21757.2,0.006799658326973128,0.011383550959928976,0.0007764455664433778,0.4029596033926284,-0.003112739417465149,0.018222276062985397,-0.004556680428384954,False,False,0.0,0.0,-0.00010958904109589041
2023-02-14,2023-02-15 00:15:00+00:00,2023-02-16 00:15:00+00:00,1.0,4136.13,22187.4,22157.3,0.019170846598489603,-0.0002804160812822511,0.0006219990260700145,0.39906857699667897,-0.003891026395949404,0.1049086437334804,-0.0051106292346668174,False,False,0.0,0.0,-0.00010958904109589041
2023-02-15,2023-02-16 00:15:00+00:00,2023-02-17 00:15:00+00:00,1.0,4147.6,24332.7,24608.1,0.09229656456107832,0.002769285655189374,0.0010246905546263327,0.3811404212619448,-0.017928155734734164,-0.0444595205786218,-0.009529242178333565,True,False,1.0,-0.0444595205786218,-0.012524469185751341
2023-02-16,2023-02-17 00:15:00+00:00,2023-02-18 00:15:00+00:00,1.0,4090.41,23526.6,23538.0,-0.03368942883323061,-0.013884644172642286,0.0010641457951212113,0.39464500001850417,0.01350457875655936,0.045552059540455804,0.0001314969136217035,False,True,-1.0,-0.045552059540455804,-0.012797603926209843
2023-02-17,2023-02-18 00:15:00+00:00,2023-02-22 00:15:00+00:00,4.0,4079.09,24581.3,24635.0,0.0438542953555258,-0.0027712852059047503,0.0008947613233097141,0.38184238448909996,-0.012802615529404204,-0.008028898101595919,-0.005990876067354859,True,False,1.0,-0.008028898101595919,-0.003745580689782541
2023-02-21,2023-02-22 00:15:00+00:00,2023-02-23 00:15:00+00:00,1.0,3997.34,24443.3,24438.0,-0.005629841528279184,-0.020244784414123935,0.0008902164618456805,0.3691138796179148,-0.012728504871185153,-0.010034629356674051,-0.0014222436840766962,True,False,1.0,-0.010034629356674051,-0.0039182463802644035
2023-02-22,2023-02-23 00:15:00+00:00,2023-02-24 00:15:00+00:00,1.0,3991.05,24171.3,24194.0,-0.011190170784591984,-0.0015747857327715093,0.0008886003910036683,0.3686559804836148,-0.0004578991342999994,-0.009677159934294946,-0.0014877020401739874,False,False,0.0,-0.0,-0.00010958904109589041
2023-02-23,2023-02-24 00:15:00+00:00,2023-02-25 00:15:00+00:00,1.0,4012.32,23928.7,23961.0,-0.010087403624025661,0.005315273460274993,0.000875714944357431,0.36402728857156763,-0.004628691912047178,-0.03372023897120781,-0.0017367049496607822,False,False,0.0,-0.0,-0.00010958904109589041
2023-02-24,2023-02-25 00:15:00+00:00,2023-02-28 00:15:00+00:00,3.0,3970.04,23175.5,23166.5,-0.03198288913748723,-0.010593457421727142,0.000926535407499173,0.37587339089719224,0.011846102325624608,0.013245794720624803,0.0003119061797575022,False,True,-1.0,-0.013245794720624803,-0.004940215803443873
2023-02-27,2023-02-28 00:15:00+00:00,2023-03-01 00:15:00+00:00,1.0,3982.24,23480.0,23475.4,0.013053308767681975,0.0030683048311681872,0.0009346418889338697,0.37577546302499454,-9.79278721977006e-05,-0.01390644931083513,-0.0035533785321163617,False,False,0.0,-0.0,-0.00010958904109589041
2023-02-28,2023-03-01 00:15:00+00:00,2023-03-02 00:15:00+00:00,1.0,3970.15,23129.7,23151.2,-0.01503148896927336,-0.0030405976856194583,0.0009400879878892458,0.3768350985816624,0.0010596355566678817,0.020106465774325323,-0.0013431096365310391,False,False,0.0,0.0,-0.00010958904109589041
2023-03-01,2023-03-02 00:15:00+00:00,2023-03-03 00:15:00+00:00,1.0,3951.39,23619.8,23621.4,0.020967837342237325,-0.00473646161527038,0.0009535639121528788,0.3655436182433288,-0.011291480338333604,-0.008520025010005056,-0.0036468099522003325,True,False,1.0,-0.008520025010005056,-0.0035395952935971544
2023-03-02,2023-03-03 00:15:00+00:00,2023-03-04 00:15:00+00:00,1.0,3981.35,23457.1,23421.0,-0.0069121224117089574,0.007553542016924832,0.0009219760988397341,0.35702031944019763,-0.008523298803131185,-0.04780051697531233,-0.001808477955188314,True,False,1.0,-0.04780051697531233,-0.013359718284923973
2023-03-03,2023-03-04 00:15:00+00:00,2023-03-07 00:15:00+00:00,3.0,4045.64,22342.8,22327.8,-0.048669099413280695,0.016018800257414187,0.0010353682933690895,0.2765289670945275,-0.08049135234567012,0.002871213382201244,0.002603340782496239,True,False,1.0,0.002871213382201244,-0.0009109637777373603
2023-03-06,2023-03-07 00:15:00+00:00,2023-03-08 00:15:00+00:00,1.0,4048.42,22397.1,22392.0,0.002427364686186089,0.0006869235239955045,0.001035239061606679,0.27716173604293837,0.0006327689484108556,-0.006982160738921475,0.0007072964235476996,False,False,0.0,-0.0,-0.00010958904109589041
2023-03-07,2023-03-08 00:15:00+00:00,2023-03-09 00:15:00+00:00,1.0,3986.37,22187.1,22236.2,-0.009420447289944811,-0.015445639173959797,0.0009979646948596436,0.280228740786943,0.00306700474400462,-0.02415590682122065,0.00201064923453245,False,False,0.0,-0.0,-0.00010958904109589041
2023-03-08,2023-03-09 00:15:00+00:00,2023-03-10 00:15:00+00:00,1.0,3992.01,21695.3,21705.5,-0.022415391678419848,0.0014138210863556078,0.0010016355929889577,0.2780467680101291,-0.0021819727768138675,-0.07211578058580209,0.002338710009476526,False,False,0.0,-0.0,-0.00010958904109589041
2023-03-09,2023-03-10 00:15:00+00:00,2023-03-11 00:15:00+00:00,1.0,3918.32,20348.4,20195.3,-0.06409336250674608,-0.018631872945282475,0.0011997781912113023,0.3305553975686621,0.05250862955853297,-0.0015808242903357548,0.00536630408309529,False,True,-1.0,0.0015808242903357548,-0.0010143829685119517
2023-03-10,2023-03-11 00:15:00+00:00,2023-03-14 00:15:00+00:00,3.0,3861.59,20140.3,20163.4,-0.010279501809578435,-0.014583974750190179,0.0010700050759548225,0.3325765872016126,0.002021189632950504,0.17488866942871842,0.0003808366536266932,False,False,0.0,0.0,-0.00032876712328767124
2023-03-13,2023-03-14 00:15:00+00:00,2023-03-15 00:15:00+00:00,1.0,3855.76,24119.5,24016.9,0.18029785904984627,-0.0015108816132590817,0.002692132034825692,0.25904512980362276,-0.07353145739798983,0.023260786596172072,-0.010268734541307774,True,False,1.0,0.023260786596172072,0.004405607607947127
2023-03-14,2023-03-15 00:15:00+00:00,2023-03-16 00:15:00+00:00,1.0,3919.29,24682.5,24582.1,0.023073848544254694,0.016342380801371525,0.0027164403914896737,0.2629549415251002,0.003909811721477419,-0.012344976741775177,0.001395152819131048,False,False,0.0,-0.0,-0.00010958904109589041
2023-03-15,2023-03-16 00:15:00+00:00,2023-03-17 00:15:00+00:00,1.0,3891.93,24287.9,24280.5,-0.01611620655827619,-0.007005336398235209,0.0027110509292159837,0.2656627284654341,0.0027077869403339117,0.027604990843469904,0.004903979739109215,False,False,0.0,0.0,-0.00010958904109589041
2023-03-16,2023-03-17 00:15:00+00:00,2023-03-18 00:15:00+00:00,1.0,3960.28,24990.5,24960.1,0.028517468704713275,0.01740955128696453,0.0023257804387933336,0.27343736151430875,0.007774633048874657,0.08915750130900658,0.00016928592659839386,False,True,-1.0,-0.08915750130900658,-0.023698964368347536
2023-03-17,2023-03-18 00:15:00+00:00,2023-03-21 00:15:00+00:00,3.0,3916.64,27383.9,27287.7,0.09145949680385615,-0.011080586449227313,0.002687273535818597,0.23768279167220716,-0.0357545698421016,0.01751664909147804,-0.0023137809085116453,True,False,1.0,0.01751664909147804,0.0027503951495818388
2023-03-20,2023-03-21 00:15:00+00:00,2023-03-22 00:15:00+00:00,1.0,3951.57,27704.1,27769.9,0.011625167226908475,0.008878824909597214,0.0025978708004147917,0.24001079272494094,0.0023280010527337858,0.011450260797898723,0.003060006802761877,False,False,0.0,0.0,-0.00010958904109589041
2023-03-21,2023-03-22 00:15:00+00:00,2023-03-23 00:15:00+00:00,1.0,4002.87,28091.1,28089.7,0.013872383512116747,0.01289863554198477,0.0026059081958484777,0.24326274519312222,0.003251952468181274,-0.029227134233549768,0.00267370950407744,False,False,0.0,-0.0,-0.00010958904109589041
2023-03-22,2023-03-23 00:15:00+00:00,2023-03-24 00:15:00+00:00,1.0,3936.97,27233.8,27280.6,-0.03099395127884285,-0.016600211922495948,0.0026476784505328247,0.2563379582056116,0.0130752130124894,0.03686264062033194,0.00668973706341278,False,True,-1.0,-0.03686264062033194,-0.010625249196178875
2023-03-23,2023-03-24 00:15:00+00:00,2023-03-25 00:15:00+00:00,1.0,3948.72,28284.0,28305.0,0.037837424828051,0.0029800838470393862,0.0027141742008200452,0.2584558826015438,0.002117924395932169,-0.030348126217721545,0.0009340870103219843,False,False,0.0,-0.0,-0.00010958904109589041
2023-03-24,2023-03-25 00:15:00+00:00,2023-03-28 00:15:00+00:00,3.0,3970.99,27439.0,27458.9,-0.030330914697065572,0.005623958124210314,0.002709027160259039,0.2516968668550475,-0.0067590157464962886,-0.013965058169865754,0.005789016594871505,False,False,0.0,-0.0,-0.00032876712328767124
2023-03-27,2023-03-28 00:15:00+00:00,2023-03-29 00:15:00+00:00,1.0,3977.53,27112.0,27078.1,-0.011988924740178595,0.0016455897389303137,0.0027076944325910993,0.25175917746900106,6.231061395356452e-05,0.0064566701274318804,0.004720362925636273,False,False,0.0,0.0,-0.00010958904109589041
2023-03-28,2023-03-29 00:15:00+00:00,2023-03-30 00:15:00+00:00,1.0,3971.27,27249.7,27253.5,0.005066077569589592,-0.001575080840930101,0.002697680406656485,0.2522111814700932,0.00045200400109213223,0.03971664500562096,0.003595020735104711,False,False,0.0,0.0,-0.00010958904109589041
2023-03-29,2023-03-30 00:15:00+00:00,2023-03-31 00:15:00+00:00,1.0,4027.81,28338.6,28357.7,0.03918232102682403,0.014136861145886559,0.0027524606105684144,0.27483623405313656,0.02262505258304337,-0.012904824547973464,0.0002594631424301967,False,True,-1.0,0.012904824547973464,0.0018166170958974757
2023-03-30,2023-03-31 00:15:00+00:00,2023-04-01 00:15:00+00:00,1.0,4050.83,28015.0,27994.1,-0.01148475188391602,0.005698994460609173,0.002756666715048447,0.27118188570188384,-0.003654348351252723,0.017594474242809854,0.003903281165673134,False,False,0.0,0.0,-0.00010958904109589041
2023-03-31,2023-04-01 00:15:00+00:00,2023-04-04 00:15:00+00:00,3.0,4109.31,28454.8,28491.0,0.015576782371423351,0.014333332809426856,0.0026503644606157917,0.27651730204913266,0.0053354163472488225,-0.026514583048348857,0.0014862481932182239,False,False,0.0,-0.0,-0.00032876712328767124
2023-04-03,2023-04-04 00:15:00+00:00,2023-04-05 00:15:00+00:00,1.0,4124.51,27786.1,27745.5,-0.023780967733762103,0.003692093649516912,0.002678346576967516,0.2716344242353561,-0.004882877813776554,0.013485635132469,0.004716091267337973,False,False,0.0,0.0,-0.00010958904109589041
2023-04-04,2023-04-05 00:15:00+00:00,2023-04-06 00:15:00+00:00,1.0,4100.6,28155.1,28122.2,0.013192614812369271,-0.005813920385208212,0.0026826115898897617,0.266579038190393,-0.005055386044963084,-0.001444742421756853,0.0025848167757095246,False,False,0.0,-0.0,-0.00010958904109589041
2023-04-05,2023-04-06 00:15:00+00:00,2023-04-07 00:15:00+00:00,1.0,4090.38,28154.0,28081.6,-3.907006150470565e-05,-0.002495429192470336,0.0026574891770083987,0.26730316516896574,0.0007241269785727145,-0.002813623493591857,0.003442344965638311,False,False,0.0,-0.0,-0.00010958904109589041
2023-04-06,2023-04-07 00:15:00+00:00,2023-04-11 00:15:00+00:00,4.0,4105.02,28022.9,28002.7,-0.004667407350625138,0.0035727397253701647,0.002453180455706174,0.26632432425176517,-0.000978840917200574,0.057498402612089335,0.003297782750738886,False,False,0.0,0.0,-0.00043835616438356166
2023-04-10,2023-04-11 00:15:00+00:00,2023-04-12 00:15:00+00:00,1.0,4109.11,29623.1,29660.0,0.05553242932231117,0.0009958450470119054,0.0026020895831553913,0.2629894472018483,-0.0033348770499168623,0.01971337655608315,-0.000638033807552848,False,False,0.0,0.0,-0.00010958904109589041
2023-04-11,2023-04-12 00:15:00+00:00,2023-04-13 00:15:00+00:00,1.0,4108.94,30185.1,30250.5,0.018793962769202206,-4.137234502690973e-05,0.0009943843360859877,0.26261198545480224,-0.0003774617470460595,-0.011420146557192536,-2.0354327162818093e-05,False,False,0.0,-0.0,-0.00010958904109589041
2023-04-12,2023-04-13 00:15:00+00:00,2023-04-14 00:15:00+00:00,1.0,4091.95,29874.9,29907.0,-0.010329762180924016,-0.004143458650798345,0.0009730994110895497,0.2664753879321323,0.00386340247733008,0.014611689539244193,0.0021116693220345835,False,False,0.0,0.0,-0.00010958904109589041
2023-04-13,2023-04-14 00:15:00+00:00,2023-04-15 00:15:00+00:00,1.0,4146.22,30362.7,30347.2,0.01619621841372786,0.013175446748330008,0.0009732286799433576,0.2725964039295534,0.006121015997421098,0.002731280100747169,-0.0005639021024953642,False,False,0.0,0.0,-0.00010958904109589041
2023-04-14,2023-04-15 00:15:00+00:00,2023-04-18 00:15:00+00:00,3.0,4137.64,30453.0,30430.2,0.0029696300909378874,-0.002071498810492095,0.0009330073140209926,0.27274769465524756,0.00015129072569414204,-0.03325109386844329,0.0007721821743521089,False,False,0.0,-0.0,-0.00032876712328767124
2023-04-17,2023-04-18 00:15:00+00:00,2023-04-19 00:15:00+00:00,1.0,4151.32,29420.1,29435.0,-0.03450639725462254,0.0033007789687629755,0.000574299908814955,0.26224718791706825,-0.010500506738179316,0.030595600424997187,0.0029758297526266413,True,False,1.0,0.030595600424997187,0.006239311065153406
2023-04-18,2023-04-19 00:15:00+00:00,2023-04-20 00:15:00+00:00,1.0,4154.87,30365.8,30349.5,0.03163886090888466,0.0008547842551524592,0.0006175935591428631,0.262231092973565,-1.6094943503242032e-05,-0.055402199467412414,-0.0014425341250770313,False,False,0.0,-0.0,-0.00010958904109589041
2023-04-19,2023-04-20 00:15:00+00:00,2023-04-21 00:15:00+00:00,1.0,4154.52,28795.0,28713.8,-0.053115214166030066,-8.424204429116194e-05,0.0007490327067226629,0.25977769410059326,-0.002453398872971746,-0.015240682905199079,0.004855859661534767,False,False,0.0,-0.0,-0.00010958904109589041
2023-04-20,2023-04-21 00:15:00+00:00,2023-04-22 00:15:00+00:00,1.0,4129.79,28229.9,28279.5,-0.019820061030365488,-0.005970339945819703,0.0007206431968912692,0.26879191752489123,0.009014223424297974,-0.034840286063591325,0.002525272374515061,False,True,-1.0,0.034840286063591325,0.0073004824748019405
2023-04-21,2023-04-22 00:15:00+00:00,2023-04-25 00:15:00+00:00,3.0,4133.52,27252.6,27311.2,-0.035232770526496454,0.000902785990925368,0.0007111270669589866,0.26566973103116576,-0.003122186493725476,0.007568899108263662,0.003289289342788908,False,False,0.0,0.0,-0.00032876712328767124
2023-04-24,2023-04-25 00:15:00+00:00,2023-04-26 00:15:00+00:00,1.0,4137.04,27497.4,27518.7,0.008942525346503173,0.0008512120612239251,0.0006691272856195957,0.2667333866628229,0.0010636556316571677,0.03009982361482069,0.00011152985717643484,False,False,0.0,0.0,-0.00010958904109589041
2023-04-25,2023-04-26 00:15:00+00:00,2023-04-27 00:15:00+00:00,1.0,4071.63,28286.7,28359.6,0.028300274768599164,-0.01593714559496794,0.0007019858473972229,0.2007661786366001,-0.06596720802622283,0.006968008164095602,0.0005432319378923035,True,False,1.0,0.006968008164095602,0.00033241299992801016
2023-04-26,2023-04-27 00:15:00+00:00,2023-04-28 00:15:00+00:00,1.0,4055.99,28396.0,28557.9,0.0038565606602632536,-0.003848609877111783,0.0007014462433064825,0.2015743343805473,0.0008081557439472142,0.029496348390270898,0.0028436336541785854,False,False,0.0,0.0,-0.00010958904109589041
2023-04-27,2023-04-28 00:15:00+00:00,2023-04-29 00:15:00+00:00,1.0,4135.35,29459.0,29412.8,0.03675117594992632,0.01937716738000212,0.00069221597593915,0.2348301206759386,0.033255786295391276,-0.004118926454880717,-0.0009518907064853801,False,True,-1.0,0.004118926454880717,-0.0003798574273757112
2023-04-28,2023-04-29 00:15:00+00:00,2023-05-02 00:15:00+00:00,3.0,4169.48,29300.0,29291.9,-0.0054119501040440585,0.008219359612570367,0.0006870854598438273,0.23279296621055293,-0.00203715446538566,-0.045556618396770804,0.0019788849549729594,False,False,0.0,-0.0,-0.00032876712328767124
2023-05-01,2023-05-02 00:15:00+00:00,2023-05-03 00:15:00+00:00,1.0,4167.87,28054.5,27987.4,-0.04343846911399422,-0.0003862138497272949,0.0007692986823398646,0.23214672919458282,-0.0006462370159701081,0.021246632249735123,0.005147536204310485,False,False,0.0,0.0,-0.00010958904109589041
2023-05-02,2023-05-03 00:15:00+00:00,2023-05-04 00:15:00+00:00,1.0,4119.58,28656.4,28588.4,0.021227756994207488,-0.011653897528004022,0.0007635528443724091,0.21612780307998972,-0.0160189261145931,0.0166093495577897,0.0012230420826851317,True,False,1.0,0.0166093495577897,0.0027427483483515344
2023-05-03,2023-05-04 00:15:00+00:00,2023-05-05 00:15:00+00:00,1.0,4090.75,29018.4,29067.2,0.012553307642774696,-0.00702288909058116,0.0007627298667317392,0.21196521531161922,-0.0041625877683705015,-0.007923364135647362,0.0019949151990426013,False,False,0.0,-0.0,-0.00010958904109589041
2023-05-04,2023-05-05 00:15:00+00:00,2023-05-06 00:15:00+00:00,1.0,4061.22,28826.0,28837.8,-0.006652353885098627,-0.007244906241251436,0.0007649424810188832,0.2158086061145774,0.0038433908029581743,0.022608317020102967,0.003370014235616025,False,False,0.0,0.0,-0.00010958904109589041
2023-05-05,2023-05-06 00:15:00+00:00,2023-05-09 00:15:00+00:00,3.0,4136.25,29491.5,29497.2,0.022824328572607255,0.018306159168068423,0.0007899007451895665,0.23275472578484982,0.01694611967027243,-0.06579502261162683,2.939356209256559e-05,False,True,-1.0,0.06579502261162683,0.014819988529619037
2023-05-08,2023-05-09 00:15:00+00:00,2023-05-10 00:15:00+00:00,1.0,4138.12,27659.8,27618.9,-0.06412199068103722,0.00045199816586328297,0.0008412896943126435,0.2255477196901837,-0.007207006094666124,0.0007962388992478206,0.006807829440579745,True,False,1.0,0.0007962388992478206,-0.0012105293162839351
2023-05-09,2023-05-10 00:15:00+00:00,2023-05-11 00:15:00+00:00,1.0,4119.17,27610.2,27640.9,-0.0017948258843900502,-0.004589891663841041,0.0008237901124818993,0.22722403632235352,0.0016763166321698275,-0.0021077952740344496,0.002594093413893792,False,False,0.0,-0.0,-0.00010958904109589041
2023-05-10,2023-05-11 00:15:00+00:00,2023-05-12 00:15:00+00:00,1.0,4137.64,27583.0,27582.7,-0.0009856287441925705,0.004473890233026689,0.0008185034863472457,0.22781018650548407,0.000586150183130546,-0.02285673399680813,0.002172418524392419,False,False,0.0,-0.0,-0.00010958904109589041
2023-05-11,2023-05-12 00:15:00+00:00,2023-05-13 00:15:00+00:00,1.0,4130.62,26956.4,26959.4,-0.022978894953140646,-0.0016980602174566785,0.0008317890924653607,0.23144067277424515,0.003630486268761085,-0.008134062471220662,0.003903581159913681,False,False,0.0,-0.0,-0.00010958904109589041
2023-05-12,2023-05-13 00:15:00+00:00,2023-05-16 00:15:00+00:00,3.0,4124.08,26785.2,26741.0,-0.006371249799927728,-0.0015845521626198357,0.0008333777985221645,0.23374719303535038,0.002306520261105227,0.017346157531777415,0.002619656868157067,False,False,0.0,0.0,-0.00032876712328767124
2023-05-15,2023-05-16 00:15:00+00:00,2023-05-17 00:15:00+00:00,1.0,4136.28,27152.5,27208.9,0.01361962700122427,0.0029538685652344835,0.0007831179379300971,0.23718540353815087,0.003438210502800493,-0.00611963171937231,0.0008694713142287453,False,False,0.0,-0.0,-0.00010958904109589041
2023-05-16,2023-05-17 00:15:00+00:00,2023-05-18 00:15:00+00:00,1.0,4109.9,27024.7,27042.9,-0.004717860540959213,-0.006398135861993161,0.0007341799723537066,0.23961843894545093,0.002433035407300055,0.011986492086684862,0.0023495664760279354,False,False,0.0,0.0,-0.00010958904109589041
2023-05-17,2023-05-18 00:15:00+00:00,2023-05-19 00:15:00+00:00,1.0,4158.77,27395.7,27369.0,0.013634804140883538,0.01182066016444788,0.0006024140677565573,0.2467868955377537,0.00716845659230278,-0.01920475716872021,5.604684245147406e-05,False,True,-1.0,0.01920475716872021,0.0033916002510841624
2023-05-18,2023-05-19 00:15:00+00:00,2023-05-20 00:15:00+00:00,1.0,4198.05,26809.4,26848.4,-0.02163349448360368,0.009400774284705668,0.0006061727309727922,0.2286831959006465,-0.0181036996371072,0.001358561845781752,0.0028823059156037377,True,False,1.0,0.001358561845781752,-0.0010699485796504522
2023-05-19,2023-05-20 00:15:00+00:00,2023-05-23 00:15:00+00:00,3.0,4191.98,26870.1,26884.9,0.0022615719547272456,-0.001446955746059144,0.0005443610604094748,0.2299410716484942,0.001257875747847692,-0.001488931929384707,0.0017319469377024429,False,False,0.0,-0.0,-0.00032876712328767124
2023-05-22,2023-05-23 00:15:00+00:00,2023-05-24 00:15:00+00:00,1.0,4192.63,26840.2,26844.9,-0.0011133806025551676,0.0001550459714410593,0.0005404246032491395,0.2315133136961684,0.0015722420476741994,0.012946242595350493,0.0018634791488481301,False,False,0.0,0.0,-0.00010958904109589041
2023-05-23,2023-05-24 00:15:00+00:00,2023-05-25 00:15:00+00:00,1.0,4145.58,27209.9,27194.7,0.01368011402841343,-0.011285515564489972,0.0005097366016417486,0.2126195778683861,-0.01889373582778231,-0.03173980193375262,0.0014903642018960694,True,False,1.0,-0.03173980193375262,-0.009344539524534047
2023-05-24,2023-05-25 00:15:00+00:00,2023-05-26 00:15:00+00:00,1.0,4115.24,26313.9,26345.1,-0.03348356099095237,-0.007345550785867146,0.0005650503914671755,0.23048832508871653,0.01786874722033044,0.0035692401544721876,0.004752504050703413,False,True,-1.0,-0.0035692401544721876,-0.0023018990797139373
2023-05-25,2023-05-26 00:15:00+00:00,2023-05-27 00:15:00+00:00,1.0,4151.28,26461.7,26439.3,0.005601087866383084,0.008719564785563249,0.0004990865540464006,0.23248482098956091,0.001996495900844386,0.008609055341079684,0.0010011064624734505,False,False,0.0,0.0,-0.00010958904109589041
2023-05-26,2023-05-27 00:15:00+00:00,2023-05-31 00:15:00+00:00,4.0,4205.45,26689.8,26667.9,0.008583065400728496,0.01296458273531355,0.0005013055444336266,0.23583271594147506,0.0033478949519141488,0.03722424647608136,0.0005500854125674755,False,False,0.0,0.0,-0.00043835616438356166
2023-05-30,2023-05-31 00:15:00+00:00,2023-06-01 00:15:00+00:00,1.0,4205.52,27680.0,27679.3,0.03642866080434922,1.6644929182328236e-05,0.0004733128808851716,0.2331041709482185,-0.0027285449932565597,-0.013728544573607624,-0.0010166301818203126,False,False,0.0,-0.0,-0.00010958904109589041
2023-05-31,2023-06-01 00:15:00+00:00,2023-06-02 00:15:00+00:00,1.0,4179.83,27201.1,27301.9,-0.01745271708876894,-0.006127372232971846,0.00046601186422394567,0.2413321650179225,0.008227994069704009,-0.019035868488384768,0.002929711917195165,False,True,-1.0,0.019035868488384768,0.0033493780810003016
2023-06-01,2023-06-02 00:15:00+00:00,2023-06-03 00:15:00+00:00,1.0,4221.02,26805.3,26787.1,-0.014657784502026247,0.009806229149665344,0.0004688751199106304,0.22772163924775884,-0.013610525770163667,0.01563104782279436,0.0022908754633459323,True,False,1.0,0.01563104782279436,0.0024981729146026995
2023-06-02,2023-06-03 00:15:00+00:00,2023-06-06 00:15:00+00:00,3.0,4282.37,27227.8,27209.1,0.015638881020297864,0.01442978965214366,0.0004788911592783527,0.2377319708346631,0.010010331586904259,-0.05644977585070449,3.189421740175131e-06,False,True,-1.0,0.05644977585070449,0.012483676839388452
2023-06-05,2023-06-06 00:15:00+00:00,2023-06-07 00:15:00+00:00,1.0,4273.79,25714.6,25715.7,-0.057179586196542856,-0.0020055732655681105,0.0006163189144192297,0.2395431878310134,0.0018112169963502844,0.05689805476117744,0.005777481059847174,False,False,0.0,0.0,-0.00010958904109589041
2023-06-06,2023-06-07 00:15:00+00:00,2023-06-08 00:15:00+00:00,1.0,4283.85,27221.5,27221.3,0.05694817826189139,0.0023511165774900327,0.0005728921803416864,0.24139778058747752,0.0018545927564641296,-0.0337960364264449,-0.0026398971221954265,False,False,0.0,-0.0,-0.00010958904109589041
2023-06-07,2023-06-08 00:15:00+00:00,2023-06-09 00:15:00+00:00,1.0,4267.52,26325.9,26316.7,-0.033453856774490025,-0.0038192757067673886,0.0006286891369983273,0.24965760445131796,0.008259823863840443,0.006472980295844225,0.003926259036213129,False,True,-1.0,-0.006472980295844225,-0.0030278341150569463
2023-06-08,2023-06-09 00:15:00+00:00,2023-06-10 00:15:00+00:00,1.0,4293.93,26486.0,26487.6,0.006063046034942813,0.00616953524709693,0.0006304785901583501,0.2513469976736703,0.0016893932223523422,-0.0008951588371465645,0.000598776870683634,False,False,0.0,-0.0,-0.00010958904109589041
2023-06-09,2023-06-10 00:15:00+00:00,2023-06-13 00:15:00+00:00,3.0,4298.86,26468.2,26463.9,-0.000672279089114948,0.0011474737636884458,0.0006040997074536595,0.2523786302100826,0.001031632536412308,-0.020423363370273343,0.0011787033787385914,False,False,0.0,-0.0,-0.00032876712328767124
2023-06-12,2023-06-13 00:15:00+00:00,2023-06-14 00:15:00+00:00,1.0,4338.93,25894.8,25928.9,-0.021901836068374248,0.009277902665684432,0.0006260545874113026,0.22986135704876692,-0.022517273161315687,0.0005513561379724692,0.002825767857390483,True,False,1.0,0.0005513561379724692,-0.001271750006602773
2023-06-13,2023-06-14 00:15:00+00:00,2023-06-15 00:15:00+00:00,1.0,4369.01,25918.0,25943.2,0.0008955316659393416,0.0069086648833658285,0.0006168199742769136,0.22950823769370154,-0.00035311935506537884,-0.032416384280217744,0.0016180390081461772,False,False,0.0,-0.0,-0.00010958904109589041
2023-06-14,2023-06-15 00:15:00+00:00,2023-06-16 00:15:00+00:00,1.0,4372.59,25115.9,25115.7,-0.03143659629500662,0.0008190720692196159,0.0006651200432034779,0.22775425137464742,-0.0017539863190541294,0.016118201609616998,0.0042413977250794765,False,False,0.0,0.0,-0.00010958904109589041
2023-06-15,2023-06-16 00:15:00+00:00,2023-06-17 00:15:00+00:00,1.0,4425.84,25586.0,25523.8,0.01854421517662717,0.012104580063652602,0.0006730190448313177,0.24005834227592945,0.012304090901282039,0.03168992790898875,8.905094227142118e-05,False,True,-1.0,-0.03168992790898875,-0.009332071018343078
2023-06-16,2023-06-17 00:15:00+00:00,2023-06-21 00:15:00+00:00,4.0,4409.59,26335.9,26345.6,0.028887700508767537,-0.0036783763376504303,0.0006913436026869245,0.23047736619815032,-0.009580976077779135,0.07100913779127237,-7.951180718977552e-05,True,False,1.0,0.07100913779127237,0.01601392828343453
2023-06-20,2023-06-21 00:15:00+00:00,2023-06-22 00:15:00+00:00,1.0,4388.71,28290.7,28284.4,0.07160010132944218,-0.004746380368690653,0.0009474165928209235,0.19234765864931413,-0.038129707548836184,0.05710871893815395,-0.0019218272030804742,True,False,1.0,0.05710871893815395,0.012867590693442597
2023-06-21,2023-06-22 00:15:00+00:00,2023-06-23 00:15:00+00:00,1.0,4365.69,29988.5,29946.7,0.05828084610476518,-0.005259081846186579,0.0011171874631369823,0.16625254756594496,-0.026095111083369177,0.0013114712213150622,0.0003176228037425914,True,False,1.0,0.0013114712213150622,-0.0010817212357671247
2023-06-22,2023-06-23 00:15:00+00:00,2023-06-24 00:15:00+00:00,1.0,4381.89,29875.0,29986.0,-0.0037919645861434616,0.003703885765053952,0.0011085491369165908,0.16743204759862804,0.0011795000326830785,0.021575738799679164,0.0047930836425591015,False,False,0.0,0.0,-0.00010958904109589041
2023-06-23,2023-06-24 00:15:00+00:00,2023-06-27 00:15:00+00:00,3.0,4348.33,30673.5,30640.0,0.026377079394167086,-0.007688274822307147,0.0010872792099531593,0.15058087716184582,-0.01685117043678222,-0.013266462832771778,0.0033022208309075526,True,False,1.0,-0.013266462832771778,-0.004945382831480616
2023-06-26,2023-06-27 00:15:00+00:00,2023-06-28 00:15:00+00:00,1.0,4328.82,30260.1,30236.2,-0.013569076598428953,-0.004496875789266097,0.0010949165926755137,0.1581578749809943,0.007576997819148473,0.012913920279193275,0.006168527679266202,False,True,-1.0,-0.012913920279193275,-0.0046380691108942095
2023-06-27,2023-06-28 00:15:00+00:00,2023-06-29 00:15:00+00:00,1.0,4378.41,30683.2,30629.2,0.013885260489701309,0.011390657230512101,0.0011008731650351976,0.168130476588441,0.009972601607446702,-0.017242601356860093,0.0033591588988796774,False,True,-1.0,0.017242601356860093,0.002901061298119133
2023-06-28,2023-06-29 00:15:00+00:00,2023-06-30 00:15:00+00:00,1.0,4376.86,30066.3,30105.6,-0.02031033033295824,-0.0003540724651995093,0.001055146274546975,0.17138790296701611,0.0032574263785751234,0.009994530724995808,0.005946126254071128,False,False,0.0,0.0,-0.00010958904109589041
2023-06-29,2023-06-30 00:15:00+00:00,2023-07-01 00:15:00+00:00,1.0,4396.44,30439.9,30408.0,0.012349304632816182,0.00446355020531417,0.0010475416741036496,0.1770370106645146,0.00564910769749849,0.0010090934300488138,0.0032831923019263584,False,False,0.0,0.0,-0.00010958904109589041
2023-06-30,2023-07-01 00:15:00+00:00,2023-07-04 00:15:00+00:00,3.0,4450.38,30460.2,30438.7,0.0006666655966690321,0.012194363266362706,0.0010368213639291466,0.17393064604567274,-0.003106364618841867,0.022457159336520406,0.0037997293103732123,False,False,0.0,0.0,-0.00032876712328767124
2023-07-03,2023-07-04 00:15:00+00:00,2023-07-06 00:15:00+00:00,2.0,4455.59,31149.0,31130.0,0.022361228555785633,0.0011700018289601843,0.0010495938610769991,0.17691374066747842,0.002983094621805682,-0.02230933214951759,0.0026516730136623896,False,False,0.0,-0.0,-0.00021917808219178083
2023-07-05,2023-07-06 00:15:00+00:00,2023-07-07 00:15:00+00:00,1.0,4446.82,30488.4,30443.2,-0.02143585858790027,-0.001970253636267394,0.0009090934088666284,0.18306562386946548,0.006151883201987063,-0.015335495192148505,0.005549023000907528,False,False,0.0,-0.0,-0.00010958904109589041
2023-07-06,2023-07-07 00:15:00+00:00,2023-07-08 00:15:00+00:00,1.0,4411.59,29874.3,29979.9,-0.020347704386704014,-0.007954065287478301,0.000767640112189655,0.19853376731031924,0.01546814344085376,0.010452224404921951,0.0051260080530085165,False,True,-1.0,-0.010452224404921951,-0.004022645142326378
2023-07-07,2023-07-08 00:15:00+00:00,2023-07-11 00:15:00+00:00,3.0,4398.95,30328.0,30294.9,0.01507279919921148,-0.0028692926136023467,0.000723041549320238,0.19594048154848906,-0.002593285761830183,0.004387142059575467,0.0021722254143415245,False,False,0.0,0.0,-0.00032876712328767124
2023-07-10,2023-07-11 00:15:00+00:00,2023-07-12 00:15:00+00:00,1.0,4409.53,30396.9,30428.1,0.0022692513142622862,0.002402231733022815,0.0007214609980355103,0.198272233203457,0.002331751654967934,0.005192211564427088,0.0028944060104163496,False,False,0.0,0.0,-0.00010958904109589041
2023-07-11,2023-07-12 00:15:00+00:00,2023-07-13 00:15:00+00:00,1.0,4439.26,30608.3,30586.5,0.006930584480689921,0.006719588071620385,0.0007238400501390262,0.20226006177713468,0.0039878285736776875,-0.006063496534644825,0.0023045333133749537,False,False,0.0,-0.0,-0.00010958904109589041
2023-07-12,2023-07-13 00:15:00+00:00,2023-07-14 00:15:00+00:00,1.0,4472.16,30368.9,30401.6,-0.007852155561188633,0.007383817501052891,0.0007029383463285845,0.19543995882960402,-0.00682010294753066,0.03443142723090279,0.0033716001395536336,False,False,0.0,0.0,-0.00010958904109589041
2023-07-13,2023-07-14 00:15:00+00:00,2023-07-15 00:15:00+00:00,1.0,4510.04,31441.6,31466.6,0.034712798403568314,0.008434509266769535,0.0007631471661306882,0.21904391738142492,0.023603958551820903,-0.03944701042240667,5.1906592779388076e-05,False,True,-1.0,0.03944701042240667,0.008452163564505778
2023-07-14,2023-07-15 00:15:00+00:00,2023-07-18 00:15:00+00:00,3.0,4505.42,30293.3,30249.5,-0.03720529089935217,-0.0010249061954501163,0.0007829458703451978,0.2225650875094892,0.0035211701280642715,-0.004104346789700389,0.00512449708962534,False,False,0.0,-0.0,-0.00032876712328767124
2023-07-17,2023-07-18 00:15:00+00:00,2023-07-19 00:15:00+00:00,1.0,4522.79,30126.0,30125.6,-0.005537979671389971,0.003847943597379543,0.0007672849354613818,0.22147015606503034,-0.001094931444458852,-0.008708173049302442,0.0026377683856701915,False,False,0.0,-0.0,-0.00010958904109589041
2023-07-18,2023-07-19 00:15:00+00:00,2023-07-20 00:15:00+00:00,1.0,4554.98,29845.7,29864.4,-0.0093478104200689,0.007092079866132413,0.0007299290514096469,0.21320508900189766,-0.00826506706313268,0.0017396894359029546,0.0029119319625637565,True,False,1.0,0.0017396894359029546,-0.0009746666821201517
2023-07-19,2023-07-20 00:15:00+00:00,2023-07-21 00:15:00+00:00,1.0,4565.72,29895.5,29916.4,0.0016671915373323613,0.0023550834835142126,0.0004737393022714351,0.21513518516271665,0.0019300961608189893,-0.004727634254170532,0.002049499197869865,False,False,0.0,-0.0,-0.00010958904109589041
2023-07-20,2023-07-21 00:15:00+00:00,2023-07-22 00:15:00+00:00,1.0,4534.87,29791.0,29775.3,-0.003501632924585074,-0.006779806181851591,0.0003045195227939959,0.21762902277717347,0.0024938376144568175,0.0044167196445296965,0.0024467893857144105,False,False,0.0,0.0,-0.00010958904109589041
2023-07-21,2023-07-22 00:15:00+00:00,2023-07-25 00:15:00+00:00,3.0,4536.34,29891.5,29907.1,0.0033678245713990988,0.0003241023001049327,0.00030436768514005357,0.2195450000763816,0.0019159772992081436,-0.025438616713566207,0.0016322957973359826,False,False,0.0,-0.0,-0.00032876712328767124
2023-07-24,2023-07-25 00:15:00+00:00,2023-07-26 00:15:00+00:00,1.0,4554.64,29163.8,29155.9,-0.024645944893884785,0.004025974035341747,0.00029995129925736413,0.20810647256626147,-0.011438527510120144,0.0012922134806982878,0.003672431652895395,True,False,1.0,0.0012922134806982878,-0.0010865356709213183
2023-07-25,2023-07-26 00:15:00+00:00,2023-07-27 00:15:00+00:00,1.0,4567.46,29216.2,29193.6,0.0017951358023857483,0.0028107581456501534,0.00029090643289811293,0.2101177038075168,0.0020112312412553235,0.003992894680039712,0.001953474611269981,False,False,0.0,0.0,-0.00010958904109589041
2023-07-26,2023-07-27 00:15:00+00:00,2023-07-28 00:15:00+00:00,1.0,4566.75,29336.0,29310.4,0.004092080815823101,-0.00015545953102232801,0.00028210366622493125,0.21202867921667148,0.0019109754091546916,-0.0030205515991650377,0.0018181178277032338,False,False,0.0,-0.0,-0.00010958904109589041
2023-07-27,2023-07-28 00:15:00+00:00,2023-07-29 00:15:00+00:00,1.0,4537.41,29209.8,29222.0,-0.004311161363031564,-0.0064454274911412875,0.00026240749592814185,0.2152988861990456,0.003270206982374124,0.002907957237293964,0.0025269147951461246,False,False,0.0,0.0,-0.00010958904109589041
2023-07-28,2023-07-29 00:15:00+00:00,2023-08-01 00:15:00+00:00,3.0,4582.23,29300.0,29307.1,0.003083246617028322,0.009829414508767577,0.00025525755016750796,0.21381422269022962,-0.0014846635088159865,-0.0031509543858399356,0.0013906689100895622,False,False,0.0,-0.0,-0.00032876712328767124
2023-07-31,2023-08-01 00:15:00+00:00,2023-08-02 00:15:00+00:00,1.0,4588.96,29220.8,29214.9,-0.0027067315673813853,0.001467639686456588,0.0002556016478055118,0.21539778939526458,0.0015835667050349556,0.016505229058490084,0.0020944070549428315,False,False,0.0,0.0,-0.00010958904109589041
2023-08-01,2023-08-02 00:15:00+00:00,2023-08-03 00:15:00+00:00,1.0,4576.73,29701.2,29701.1,0.016306664577196442,-0.002668649552448092,0.00024389578616096732,0.21077905824302848,-0.0046187311522361,-0.018543937806208964,0.0009280861821468174,False,False,0.0,-0.0,-0.00010958904109589041
2023-08-02,2023-08-03 00:15:00+00:00,2023-08-04 00:15:00+00:00,1.0,4513.39,29170.2,29155.4,-0.018039808817438184,-0.013936235197657028,0.00023719271959943045,0.23206905465731667,0.021289996414288193,0.0012682570708567893,0.0034550883744907247,False,True,-1.0,-0.0012682570708567893,-0.0017266533088100876
2023-08-03,2023-08-04 00:15:00+00:00,2023-08-05 00:15:00+00:00,1.0,4501.89,29180.1,29192.4,0.00033932987816663054,-0.0025512255276715053,0.0002164970231473066,0.23360626373905066,0.0015372090817339923,-0.0032492681713765605,0.0013627944113940459,False,False,0.0,-0.0,-0.00010958904109589041
2023-08-04,2023-08-05 00:15:00+00:00,2023-08-08 00:15:00+00:00,3.0,4478.03,29101.1,29097.7,-0.002710995943261131,-0.0053140910274567365,0.00020550503431253798,0.23593874844678348,0.0023324847077328126,0.0032869485017347354,0.0015985836847108711,False,False,0.0,0.0,-0.00032876712328767124
2023-08-07,2023-08-08 00:15:00+00:00,2023-08-09 00:15:00+00:00,1.0,4518.44,29202.7,29193.5,0.003485196602662351,0.008983583955258645,0.00020585488900413438,0.23635837322127104,0.00041962477448756474,0.020783763744281404,0.0006074749106099772,False,False,0.0,0.0,-0.00010958904109589041
2023-08-08,2023-08-09 00:15:00+00:00,2023-08-10 00:15:00+00:00,1.0,4499.38,29758.9,29806.6,0.018867076163208218,-0.004227192022498048,0.00022125156708935039,0.2283231203180703,-0.00803525290320073,-0.007658433883080154,0.00013649224126999264,True,False,1.0,-0.007658433883080154,-0.0033241975118659286
2023-08-09,2023-08-10 00:15:00+00:00,2023-08-11 00:15:00+00:00,1.0,4467.71,29572.9,29579.2,-0.006269845489923416,-0.007063636404007057,0.00022013429786487074,0.2330014706210902,0.004678350303019885,-0.004411457952346895,0.002066747828845498,False,False,0.0,-0.0,-0.00010958904109589041
2023-08-10,2023-08-11 00:15:00+00:00,2023-08-12 00:15:00+00:00,1.0,4468.83,29443.7,29449.0,-0.004378436114737226,0.00025065629558288107,0.00016084391435507378,0.23466614250397258,0.0016646718828823848,-0.0017503169482633782,0.0014943493580160175,False,False,0.0,-0.0,-0.00010958904109589041
2023-08-11,2023-08-12 00:15:00+00:00,2023-08-15 00:15:00+00:00,3.0,4464.05,29415.5,29397.5,-0.0009582190093556287,-0.001070203664713968,9.167813999329743e-05,0.23653028776191393,0.0018641452579413464,0.0010743440225827602,0.0011478519167008557,False,False,0.0,0.0,-0.00032876712328767124
2023-08-14,2023-08-15 00:15:00+00:00,2023-08-16 00:15:00+00:00,1.0,4489.72,29419.5,29429.1,0.00013597348537984323,0.005733913274737526,9.014560349069731e-05,0.23571357240198118,-0.0008167153599327459,-0.00716137571117343,0.0008132745903589803,False,False,0.0,-0.0,-0.00010958904109589041
2023-08-15,2023-08-16 00:15:00+00:00,2023-08-17 00:15:00+00:00,1.0,4437.86,29188.9,29219.1,-0.007869219769983428,-0.011618060736365813,8.887275649763478e-05,0.24117129897972261,0.005457726577741434,-0.015485951626535427,0.0019113202572702342,False,False,0.0,-0.0,-0.00010958904109589041
2023-08-16,2023-08-17 00:15:00+00:00,2023-08-18 00:15:00+00:00,1.0,4404.33,28714.4,28770.1,-0.01638976092221052,-0.007584130338210397,0.00010216499327088811,0.25228917685548574,0.011117877875763127,-0.07218181177882808,0.002110360287476891,False,True,-1.0,0.07218181177882808,0.01663586390361113
2023-08-17,2023-08-18 00:15:00+00:00,2023-08-19 00:15:00+00:00,1.0,4370.36,26609.7,26766.6,-0.07612292812645709,-0.007742762356125065,0.0003912869309412488,0.28630486023975255,0.034015683384266804,-0.026688037977219227,0.005973583098969954,False,True,-1.0,0.026688037977219227,0.005262420453208916
2023-08-18,2023-08-19 00:15:00+00:00,2023-08-22 00:15:00+00:00,3.0,4369.71,26042.0,26061.7,-0.0215651916623508,-0.00014874022775515319,0.0004139726933957591,0.28655947064378123,0.00025461040402868784,0.0021579281539552096,0.001320477217559895,False,False,0.0,0.0,-0.00032876712328767124
2023-08-21,2023-08-22 00:15:00+00:00,2023-08-23 00:15:00+00:00,1.0,4399.77,26115.4,26118.0,0.002814559332124171,0.006855621481266927,0.0003839976506218411,0.28570569304032317,-0.0008537776034580613,0.0012244587127163886,-0.0006951843643260081,False,False,0.0,0.0,-0.00010958904109589041
2023-08-22,2023-08-23 00:15:00+00:00,2023-08-24 00:15:00+00:00,1.0,4387.55,26044.5,26150.0,-0.0027185651684955114,-0.002781282092229976,0.0003842060548231586,0.28670713407757376,0.0010014410372505833,0.0115733055652876,3.617015502579892e-05,False,False,0.0,0.0,-0.00010958904109589041
2023-08-23,2023-08-24 00:15:00+00:00,2023-08-25 00:15:00+00:00,1.0,4436.01,26419.2,26454.4,0.014284405074722758,0.01098433903027149,0.00039357100996993547,0.29281829153990546,0.006111157462331707,-0.01234224356977374,-0.0017782885252342947,False,False,0.0,-0.0,-0.00010958904109589041
2023-08-24,2023-08-25 00:15:00+00:00,2023-08-26 00:15:00+00:00,1.0,4376.31,26164.6,26129.9,-0.009683666435509365,-0.013549420207499292,0.0003973303741367412,0.2961822008964075,0.0033639093565020484,-0.0033081958736422773,0.0006528762238669061,False,False,0.0,-0.0,-0.00010958904109589041
2023-08-25,2023-08-26 00:15:00+00:00,2023-08-29 00:15:00+00:00,3.0,4405.71,26051.7,26043.6,-0.004324326922203467,0.006695523315478112,0.0003977900438181751,0.29273231120171317,-0.0034498896946943414,0.0025539859493185955,-0.00043472439880406024,False,False,0.0,0.0,-0.00032876712328767124
2023-08-28,2023-08-29 00:15:00+00:00,2023-08-30 00:15:00+00:00,1.0,4433.31,26106.5,26110.2,0.0021013002812192262,0.006245056511156882,0.0003976444971728747,0.2922776487960356,-0.0004546624056775417,0.05865500522323247,-0.000817088467588627,False,False,0.0,0.0,-0.00010958904109589041
2023-08-29,2023-08-30 00:15:00+00:00,2023-08-31 00:15:00+00:00,1.0,4497.63,27700.1,27687.5,0.059251697826685365,0.014404107984150809,0.0005598873164584567,0.33737806148618277,0.04510041269014714,-0.015806433110794275,-0.005781176022249326,False,True,-1.0,0.015806433110794275,0.0025420192366026784
2023-08-30,2023-08-31 00:15:00+00:00,2023-09-01 00:15:00+00:00,1.0,4514.87,27290.4,27253.3,-0.014901031298593832,0.0038258021699069606,0.0005547176180380543,0.3323605150514246,-0.005017546434758158,-0.04775907773244055,-0.000713420035860013,False,False,0.0,-0.0,-0.00010958904109589041
2023-08-31,2023-09-01 00:15:00+00:00,2023-09-02 00:15:00+00:00,1.0,4507.66,25928.0,25982.3,-0.0512115261572395,-0.0015982216816604765,0.0006858428813674247,0.3305255523541966,-0.001834962697227993,-0.0071650837347812645,0.002350535314019694,False,False,0.0,-0.0,-0.00010958904109589041
2023-09-01,2023-09-02 00:15:00+00:00,2023-09-06 00:15:00+00:00,4.0,4515.77,25795.6,25796.8,-0.005119531091382419,0.0017975431036151848,0.0006867858863469874,0.3293433342606935,-0.0011822180935031068,-0.0002597558697139693,-0.0010089958131568693,False,False,0.0,-0.0,-0.00043835616438356166
2023-09-05,2023-09-06 00:15:00+00:00,2023-09-07 00:15:00+00:00,1.0,4496.83,25779.7,25790.1,-0.0006165742323830747,-0.004203010869610265,0.0006861975647682289,0.32828408975884343,-0.0010592445018500762,-0.0014123912498124138,-0.001081560082906807,False,False,0.0,-0.0,-0.00010958904109589041
2023-09-06,2023-09-07 00:15:00+00:00,2023-09-08 00:15:00+00:00,1.0,4465.48,25747.4,25753.7,-0.0012537093774237398,-0.006995992744252873,0.0006684778259809659,0.3256540529210235,-0.002630036837819927,0.017539818939532426,-0.0008967244436085811,False,False,0.0,0.0,-0.00010958904109589041
2023-09-07,2023-09-08 00:15:00+00:00,2023-09-09 00:15:00+00:00,1.0,4451.14,26240.7,26209.4,0.01897798941127927,-0.0032164682050081963,0.0006845204819623216,0.31735854711016614,-0.008295505810857362,-0.012369486997329046,-0.002263894113425346,True,False,1.0,-0.012369486997329046,-0.004501960790428153
2023-09-08,2023-09-09 00:15:00+00:00,2023-09-12 00:15:00+00:00,3.0,4457.49,25899.9,25887.2,-0.013072532855158862,0.0014255841976643817,0.0006921065025842402,0.315094949033769,-0.002263598076397144,-0.02769860943381418,3.5633998048389785e-05,False,False,0.0,-0.0,-0.00032876712328767124
2023-09-11,2023-09-12 00:15:00+00:00,2023-09-13 00:15:00+00:00,1.0,4487.46,25150.4,25180.0,-0.029365306702340863,0.006701012782986727,0.000735176655286873,0.28746376557120557,-0.027631183462563436,0.02627991451094391,0.001601352639674637,True,False,1.0,0.02627991451094391,0.005160389586640087
2023-09-12,2023-09-13 00:15:00+00:00,2023-09-14 00:15:00+00:00,1.0,4461.9,25825.8,25850.5,0.026500191268818713,-0.0057121558411206055,0.0007702887377116355,0.26700113062875835,-0.02046263494244721,0.013715686217445658,-0.001112051620611332,True,False,1.0,0.013715686217445658,0.0020193325132655243
2023-09-13,2023-09-14 00:15:00+00:00,2023-09-15 00:15:00+00:00,1.0,4467.44,26209.9,26207.5,0.014763209729724062,0.0012408533465711885,0.0007780901247984116,0.2684919507300934,0.0014908201013350553,0.01074809865631454,-0.0002274179415020258,False,False,0.0,0.0,-0.00010958904109589041
2023-09-14,2023-09-15 00:15:00+00:00,2023-09-16 00:15:00+00:00,1.0,4505.1,26510.3,26490.7,0.011396134730869582,0.008394550741111827,0.0007711525059842572,0.27335019038711067,0.00485823965701726,0.004046056664177816,-0.0003599040468769872,False,False,0.0,0.0,-0.00010958904109589041
2023-09-15,2023-09-16 00:15:00+00:00,2023-09-19 00:15:00+00:00,3.0,4450.32,26591.1,26598.1,0.003043236613698837,-0.012234084667107637,0.00048188056111131747,0.2618038107756164,-0.011546379611494295,0.005504016294501757,0.0007243612596250502,True,False,1.0,0.005504016294501757,-0.000252763049662232
2023-09-18,2023-09-19 00:15:00+00:00,2023-09-20 00:15:00+00:00,1.0,4453.53,26749.9,26744.9,0.005954161682323376,0.000721036436838388,0.00046040028860658353,0.26284385170879626,0.0010400409331798866,0.018023246048119453,0.0001858193696951414,False,False,0.0,0.0,-0.00010958904109589041
2023-09-19,2023-09-20 00:15:00+00:00,2023-09-21 00:15:00+00:00,1.0,4443.95,27195.9,27231.3,0.01653549162885673,-0.0021534195529618974,0.0004736753255652808,0.25900477152765977,-0.0038390801811364894,-0.004829629091956763,-0.0003966349830138627,False,False,0.0,-0.0,-0.00010958904109589041
2023-09-20,2023-09-21 00:15:00+00:00,2023-09-22 00:15:00+00:00,1.0,4402.2,27107.7,27100.1,-0.0032484062772353993,-0.009439204623110126,0.0004738334029036121,0.25909235448166884,8.75829540090689e-05,-0.020846710746388733,0.0013302068126286992,False,False,0.0,-0.0,-0.00010958904109589041
2023-09-21,2023-09-22 00:15:00+00:00,2023-09-23 00:15:00+00:00,1.0,4330.0,26552.6,26541.0,-0.02069014903870945,-0.01653687395146802,0.0004850353048488743,0.2794551391248722,0.020362784643203347,0.0020061999415450314,0.0024718299564418338,False,True,-1.0,-0.0020061999415450314,-0.0019111390264821481
2023-09-22,2023-09-23 00:15:00+00:00,2023-09-26 00:15:00+00:00,3.0,4320.06,26566.7,26594.3,0.0005308805022339446,-0.0022982509659402743,0.0004803607267725464,0.27996155524801464,0.0005064161231424502,-0.012246463933128445,0.00012921396507228032,False,False,0.0,-0.0,-0.00032876712328767124
2023-09-25,2023-09-26 00:15:00+00:00,2023-09-27 00:15:00+00:00,1.0,4337.44,26290.5,26270.6,-0.010450894633213508,0.004015021275818627,0.0004848867965377682,0.27654283027784804,-0.003418724970166598,-0.0016572158382393645,0.0007493864559999453,False,False,0.0,-0.0,-0.00010958904109589041
2023-09-26,2023-09-27 00:15:00+00:00,2023-09-28 00:15:00+00:00,1.0,4273.53,26208.7,26227.1,-0.0031162404835247373,-0.014844128717961364,0.00048515157113173356,0.27387123638512917,-0.002671593892718871,0.006809390707243117,0.0009942936330622106,False,False,0.0,0.0,-0.00010958904109589041
2023-09-27,2023-09-28 00:15:00+00:00,2023-09-29 00:15:00+00:00,1.0,4274.51,26359.6,26406.3,0.0057411182966651654,0.00022929233000634007,0.0003112614083293072,0.2744033302057745,0.0005320938206453407,0.024420744719252815,-0.0003678780838512682,False,False,0.0,0.0,-0.00010958904109589041
2023-09-28,2023-09-29 00:15:00+00:00,2023-09-30 00:15:00+00:00,1.0,4299.7,27011.7,27059.1,0.024437570463544264,0.00587577688747319,0.00033001911414925805,0.2821235484441967,0.007720218238422172,-0.005692636090990303,-0.002025326751923357,False,True,-1.0,0.005692636090990303,1.35699816516854e-05
2023-09-29,2023-09-30 00:15:00+00:00,2023-10-03 00:15:00+00:00,3.0,4288.05,26890.9,26905.5,-0.00448216606387734,-0.002713168675515421,0.00019989258421278548,0.28365940533800726,0.0015358568938105832,0.021255097925451757,2.838116365072967e-05,False,False,0.0,0.0,-0.00032876712328767124
2023-10-02,2023-10-03 00:15:00+00:00,2023-10-04 00:15:00+00:00,1.0,4288.39,27477.7,27483.5,0.021586827204976552,7.928697692236147e-05,0.00022188165972187966,0.28190146310204556,-0.001757942235961707,-0.004997274671000925,-0.0018939053084030357,False,False,0.0,-0.0,-0.00010958904109589041
2023-10-03,2023-10-04 00:15:00+00:00,2023-10-05 00:15:00+00:00,1.0,4229.45,27412.0,27346.5,-0.002393892893410124,-0.013839410161483797,0.00022214918769193374,0.2760378866466454,-0.0058635764554001435,0.013749590153454422,0.00044354524551071944,False,False,0.0,0.0,-0.00010958904109589041
2023-10-04,2023-10-05 00:15:00+00:00,2023-10-06 00:15:00+00:00,1.0,4263.75,27759.7,27725.1,0.012604454940204766,0.008077093787000134,0.0002300142125487643,0.2811520129594599,0.005114126312814493,-0.011689292873459598,-0.001396492703111974,False,False,0.0,-0.0,-0.00010958904109589041
2023-10-05,2023-10-06 00:15:00+00:00,2023-10-07 00:15:00+00:00,1.0,4258.19,27398.3,27402.9,-0.013104360990173928,-0.0013048673867472557,0.00022059222229207253,0.2828466591269463,0.00169464616748638,0.01801368326941989,0.0006502959686520302,False,False,0.0,0.0,-0.00010958904109589041
2023-10-06,2023-10-07 00:15:00+00:00,2023-10-10 00:15:00+00:00,3.0,4308.5,27916.3,27901.0,0.01872977994884368,0.011745628333713317,0.00022958789937621744,0.2945502425428612,0.011703583415914931,-0.012079401206659988,-0.0023093767566354545,False,True,-1.0,0.012079401206659988,0.0013910831783773257
2023-10-09,2023-10-10 00:15:00+00:00,2023-10-11 00:15:00+00:00,1.0,4335.66,27578.4,27566.0,-0.012177889993055243,0.006284032081045516,0.00019388688772423794,0.28653808068575726,-0.008012161857103961,-0.0061970625002686795,1.08600638013495e-05,True,False,1.0,-0.0061970625002686795,-0.0029588546661630604
2023-10-10,2023-10-11 00:15:00+00:00,2023-10-12 00:15:00+00:00,1.0,4358.24,27381.3,27395.7,-0.007172558983884399,0.005194458360886415,0.00016134616097890423,0.28233185114525033,-0.004206229540506923,-0.020861675170314464,-0.00015288919848887762,False,False,0.0,-0.0,-0.00010958904109589041
2023-10-11,2023-10-12 00:15:00+00:00,2023-10-13 00:15:00+00:00,1.0,4376.95,26864.5,26830.1,-0.01905458621432552,0.004283828654568987,0.00016860240569267147,0.27328216943008393,-0.009049681715166402,-0.0014807772122297674,0.0009640955008918999,True,False,1.0,-0.0014807772122297674,-0.0017797833441533322
2023-10-12,2023-10-13 00:15:00+00:00,2023-10-14 00:15:00+00:00,1.0,4349.61,26744.0,26790.4,-0.004495563313389199,-0.006265948885271601,0.00016311931582769942,0.2753641272282871,0.0020819577982031934,0.0026318060945411275,0.00039098716239738084,False,False,0.0,0.0,-0.00010958904109589041
2023-10-13,2023-10-14 00:15:00+00:00,2023-10-17 00:15:00+00:00,3.0,4327.78,26849.7,26861.0,0.003944498590298098,-0.005031477449688668,0.00016343420482979473,0.2728669754733477,-0.0024971517549394195,0.05738486276505117,-0.0002411248236385922,False,False,0.0,0.0,-0.00032876712328767124
2023-10-16,2023-10-17 00:15:00+00:00,2023-10-18 00:15:00+00:00,1.0,4373.63,28486.3,28447.5,0.059168622237995586,0.010538619453747615,0.00033670789563996367,0.3151648714917877,0.04229789601843997,-0.003020639799134084,-0.00523425582226707,False,True,-1.0,0.003020639799134084,-0.0006544290913123693
2023-10-17,2023-10-18 00:15:00+00:00,2023-10-19 00:15:00+00:00,1.0,4373.2,28382.0,28361.7,-0.00366812853374551,-9.832133477993887e-05,0.000323709529816568,0.3151582917909183,-6.579700869369098e-06,-0.0016055644183817542,-0.0010303590042525764,False,False,0.0,-0.0,-0.00010958904109589041
2023-10-18,2023-10-19 00:15:00+00:00,2023-10-20 00:15:00+00:00,1.0,4314.6,28307.2,28316.2,-0.0026389521605298797,-0.01349038622382619,0.00032353012607474715,0.30814627013470675,-0.0070120216562115645,0.013414262056452898,-0.0005029124241969177,True,False,1.0,0.013414262056452898,0.001943976473017334
2023-10-19,2023-10-20 00:15:00+00:00,2023-10-21 00:15:00+00:00,1.0,4278.0,28697.0,28698.6,0.013676398433433583,-0.008519009694152467,0.00031147820641804787,0.2965024894515442,-0.011643780683162519,0.03249910661695505,-0.0015425774157495587,True,False,1.0,0.03249910661695505,0.006715187613142872
2023-10-20,2023-10-21 00:15:00+00:00,2023-10-24 00:15:00+00:00,3.0,4224.16,29653.0,29646.6,0.03277071307853817,-0.01266518618575799,0.0003651600964964589,0.25712525860337254,-0.039377230848171685,0.10661754235388791,-0.0018005970521461387,True,False,1.0,0.10661754235388791,0.025025618465184307
2023-10-23,2023-10-24 00:15:00+00:00,2023-10-25 00:15:00+00:00,1.0,4217.04,33074.0,32982.1,0.10918417446421684,-0.0016869643388467898,0.0009557582342363594,0.21570348141836299,-0.041421777185009556,0.025808559867536787,-0.005527383869460872,True,False,1.0,0.025808559867536787,0.005042550925788306
2023-10-24,2023-10-25 00:15:00+00:00,2023-10-26 00:15:00+00:00,1.0,4247.68,33917.0,33844.4,0.02516888838812341,0.0072394913997594025,0.0009869463336334922,0.22376216549305872,0.008058684074695732,0.019449507446218893,0.0006753000159979681,False,True,-1.0,-0.019449507446218893,-0.006271965902650614
2023-10-25,2023-10-26 00:15:00+00:00,2023-10-27 00:15:00+00:00,1.0,4186.77,34487.8,34509.1,0.016689274693356616,-0.014443397939346892,0.0009992249061581927,0.2060915979339744,-0.017670567559084305,-0.011415539293842702,0.0022617187659939282,True,False,1.0,-0.011415539293842702,-0.004263473864556566
2023-10-26,2023-10-27 00:15:00+00:00,2023-10-28 00:15:00+00:00,1.0,4137.23,34154.0,34117.4,-0.00972592884443733,-0.011903071819740901,0.0009740948482445111,0.21157388820576858,0.005482290271794171,-0.006628519742502091,0.004192855177194913,False,False,0.0,-0.0,-0.00010958904109589041
2023-10-27,2023-10-28 00:15:00+00:00,2023-10-31 00:15:00+00:00,3.0,4117.37,33893.2,33892.0,-0.007665305170003086,-0.004811871761208667,0.0009760282027807661,0.21511861236522575,0.003544724159457169,0.01853366505813956,0.003650047575140503,False,False,0.0,0.0,-0.00032876712328767124
2023-10-30,2023-10-31 00:15:00+00:00,2023-11-01 00:15:00+00:00,1.0,4166.82,34483.8,34526.0,0.017275244244608048,0.011938544947970331,0.0009676503505274334,0.224201486919004,0.009082874553778236,0.0022768475944442554,0.001047975749842867,False,True,-1.0,-0.0022768475944442554,-0.0019788009397069544
2023-10-31,2023-11-01 00:15:00+00:00,2023-11-02 00:15:00+00:00,1.0,4193.8,34651.4,34604.7,0.0048484803204428455,0.006454089207465981,0.0009685392024390636,0.2263365409365795,0.0021350540175755217,0.02737812068712134,0.0019541401334889786,False,False,0.0,0.0,-0.00010958904109589041
