config_id,selected_candidate,direction,channel_lookback_15m,confirmation_bars_1m,max_entry_extension_atr,raw_trigger_count,favorable_trades,favorable_mean,favorable_median,favorable_win_rate,favorable_total_compound,favorable_max_drawdown,favorable_standard_error,favorable_mean_2021,favorable_mean_2022,favorable_mean_2023,base_trades,base_mean,base_median,base_win_rate,base_total_compound,base_max_drawdown,base_standard_error,base_mean_2021,base_mean_2022,base_mean_2023,stress_trades,stress_mean,stress_median,stress_win_rate,stress_total_compound,stress_max_drawdown,stress_standard_error,stress_mean_2021,stress_mean_2022,stress_mean_2023
LONG:12:1:0.25,True,LONG,12,1,0.25,23175,4611,-0.0014279099892314444,-0.0020189719568339667,0.3203209715896769,-0.9987470464353938,-0.9988007092040497,9.378870460621395e-05,-0.0016128985817710762,-0.0014987251460059246,-0.0011279873450390314,1680,-0.003195521728694563,-0.0038662399787002203,0.27440476190476193,-0.9956519193111161,-0.9957756566480653,0.0002076532560382054,-0.0033938588391543407,-0.0030750227527485863,-0.0019450699880324458,684,-0.004826179813021938,-0.00523609902552674,0.24707602339181287,-0.9647111963648998,-0.9656195582026957,0.0003866586973781488,-0.004693720021301736,-0.006140190895026394,0.00010875623570305664
LONG:12:1:0.5,True,LONG,12,1,0.5,35242,5363,-0.0014882551982529062,-0.0020738816571177964,0.31307104232705574,-0.9996951556799508,-0.9997099259055978,8.678347944152631e-05,-0.0016995894751242672,-0.0015097336612051328,-0.001236564578823261,4080,-0.003178215151848529,-0.004076976779146293,0.2375,-0.9999979304326687,-0.9999979304326687,0.00010971935410433854,-0.0033514939478809964,-0.003188719434375992,-0.002806821016882778,3026,-0.004248121263470888,-0.005303066766149816,0.21447455386649042,-0.9999976709375676,-0.9999976709375676,0.0001382781752038261,-0.004412712213419239,-0.004267827022018603,-0.0035156529873917835
LONG:12:2:0.25,True,LONG,12,2,0.25,13426,3297,-0.0014877022012187895,-0.0019928942830546347,0.3099787685774947,-0.9931000076630889,-0.9933571081667022,0.00011156028235336987,-0.0017798225958068742,-0.0013830986397874458,-0.001205120265455424,1065,-0.0032946002010097826,-0.0038841741549988386,0.27230046948356806,-0.9714039277016753,-0.9722471292628592,0.0002651467440263282,-0.0036540726553491807,-0.0027096193368956623,-0.0018456352919215065,430,-0.004840114173387066,-0.005256358689279842,0.26976744186046514,-0.8785740420860699,-0.8823460466216272,0.0004886304972860077,-0.004887828937400343,-0.005474729081347879,-0.00032011756755556144
LONG:12:2:0.5,True,LONG,12,2,0.5,23534,4213,-0.001541925042503449,-0.0020469279252959692,0.30572038927130313,-0.9986197230219801,-0.9986618336929496,9.74933484289781e-05,-0.0018697657934898197,-0.0014473176990056193,-0.0012583203918655646,2981,-0.00326555590173682,-0.004088734282192759,0.23482053002348205,-0.9999459269964469,-0.9999465732344754,0.00012942625315988466,-0.0035339054817706667,-0.0030891429636352957,-0.0029092192075749934,2136,-0.00426267033450087,-0.0051373280103109145,0.224250936329588,-0.9998978194790403,-0.9998978194790403,0.00016745799908233984,-0.00460475273313505,-0.0038884005688859377,-0.0034817164608027364
LONG:12:3:0.25,True,LONG,12,3,0.25,8919,2438,-0.0013823786895008755,-0.001989304839277254,0.31829368334700575,-0.9674071255697924,-0.9688597662516477,0.00013115583888334735,-0.0018243655594349197,-0.001139857599185587,-0.0010017991079315548,780,-0.003191716621680873,-0.003687164795893952,0.27564102564102566,-0.9197780804568756,-0.9216485848231207,0.0003108552501571575,-0.0037243330953121464,-0.0021227892493064534,-0.0017550203702511383,315,-0.004661617783248223,-0.0050343446268568135,0.2761904761904762,-0.7743473703817906,-0.7796306486918527,0.0005833857825780042,-0.004983781974273136,-0.003736050791479957,-0.0016103327794246627
LONG:12:3:0.5,True,LONG,12,3,0.5,16873,3411,-0.0015126382044619096,-0.002104745656217457,0.30606860158311344,-0.9946564836939903,-0.9949350589387008,0.00010841676738754527,-0.0018838288187449802,-0.0013787037192169952,-0.0012013504273730125,2270,-0.003162738777739689,-0.004012429613217204,0.24273127753303964,-0.9992895744864444,-0.9992919648116784,0.00015095605546341508,-0.0035851935292661166,-0.0027557500362162222,-0.0027078446525106814,1599,-0.004108651661044519,-0.0050483547443885765,0.23764853033145716,-0.9986840283054703,-0.9986840283054703,0.0001972093743488419,-0.004538590333272804,-0.0034251106102844535,-0.0034813203440774453
LONG:20:1:0.25,True,LONG,20,1,0.25,14946,3174,-0.00147850939438161,-0.0021252077630641557,0.3311279143037177,-0.9914930997987614,-0.991852258849582,0.00011839922428758203,-0.0016925204199422822,-0.0015273544138281949,-0.0011432948205698495,1197,-0.0036181684110249564,-0.004352098113523432,0.27401837928153716,-0.9875321923389732,-0.9877829634093044,0.000252500908262508,-0.0037989867627836217,-0.0036090737188502076,-0.0020069647659722726,493,-0.0056176180786124295,-0.006051328988294969,0.2332657200811359,-0.9393103120262265,-0.9403699739112666,0.00044963737366580996,-0.005729160267480191,-0.00616884279464028,-0.00030474336490598965
LONG:20:1:0.5,True,LONG,20,1,0.5,23389,3775,-0.0014774662513745646,-0.002182769626537452,0.32317880794701986,-0.9965353069006513,-0.9967511567408753,0.00010830490460517873,-0.0016930033204829084,-0.0014894479198875894,-0.0012133155743027384,2830,-0.003202943393558571,-0.004423779145617896,0.2554770318021201,-0.999894340724551,-0.999894340724551,0.0001379569397401474,-0.0033841262978491966,-0.003174731075268381,-0.00283215510960086,2127,-0.0043119515466608395,-0.005629784738613894,0.23554301833568406,-0.9999046587435163,-0.9999046587435163,0.00017133601370923726,-0.004473439349970732,-0.004246015242761644,-0.0037118931752501603
LONG:20:2:0.25,True,LONG,20,2,0.25,8490,2243,-0.0015442742039958972,-0.0020906496911588484,0.32322781988408383,-0.9703873122790015,-0.9712608780339863,0.00014522566144945176,-0.0019972109256189176,-0.0012868832290186482,-0.0011225308456768038,719,-0.0035660861646807976,-0.004312365614156255,0.2767732962447844,-0.925617846359775,-0.9273742311749422,0.0003399590168760813,-0.0040746141790951465,-0.002549475370453891,-0.0013454256751707248,308,-0.005549548239636514,-0.006097459703496051,0.2597402597402597,-0.8228480515015475,-0.8274066258333865,0.0005926733509490199,-0.005945300434211712,-0.004677514880377404,-0.0006021748320008977
LONG:20:2:0.5,True,LONG,20,2,0.5,15401,2956,-0.001547106316277386,-0.002165225589540338,0.3135994587280108,-0.9903663579577447,-0.9906637755118372,0.0001226234557329327,-0.0019098768325004714,-0.0013944219792957357,-0.0012274040654452957,2049,-0.0032467817287371464,-0.004194623893670796,0.25866276232308444,-0.9987941904327045,-0.9988104520176273,0.0001647327061489392,-0.0036735435709825794,-0.002844086532516099,-0.00271761889068012,1480,-0.00431217138984526,-0.005226978291514858,0.23986486486486486,-0.9984094129731568,-0.9984122504537941,0.00020852276017284337,-0.004773584129799046,-0.0036351765536073066,-0.003356466450586178
LONG:20:3:0.25,True,LONG,20,3,0.25,5556,1626,-0.0014660990352582056,-0.002098358523800527,0.33210332103321033,-0.9114668541145452,-0.9162263714412611,0.00017120960114147443,-0.001968399778773114,-0.0011845124961102527,-0.0009447658268027834,516,-0.003518700842017405,-0.004111365561204573,0.27906976744186046,-0.8413746523567551,-0.8441356293730682,0.00040940281318282333,-0.004113560164892193,-0.0018448593670052453,-0.002271687411036526,222,-0.005427757660728762,-0.005686455101387944,0.2747747747747748,-0.7049472586245209,-0.7103294439692698,0.0007071970887677187,-0.00587358712141755,-0.00341932542482978,-0.004103467255459025
LONG:20:3:0.5,True,LONG,20,3,0.5,10917,2369,-0.0015525480564365483,-0.0022041488673517277,0.31701139721401433,-0.9761159698010065,-0.9773024925459722,0.00013830890167973643,-0.002009196569032509,-0.0012543409997202775,-0.0012286797213059222,1551,-0.0032322350483134296,-0.004084976741492641,0.2624113475177305,-0.9936953232029242,-0.9937105179889641,0.00019341947862934114,-0.003847847633673256,-0.0024839419748745335,-0.002588586360889201,1097,-0.004366030918460828,-0.005237808189137463,0.24703737465815861,-0.9920692979016795,-0.9920692979016795,0.00024729839029752457,-0.00493145177179519,-0.0033037379602085357,-0.003479176007353099
LONG:32:1:0.25,True,LONG,32,1,0.25,9716,2192,-0.001501983195655687,-0.0025063171473536433,0.3398722627737226,-0.9649136318266716,-0.9678502148066968,0.00015150314677462445,-0.001533929663878987,-0.0016887607413161902,-0.0012649832481026176,850,-0.0034140822733318486,-0.004455442853453494,0.2788235294117647,-0.9472477862369999,-0.9494397790992851,0.000311986368310587,-0.0034494417261135496,-0.003960670051773249,-0.0015716437451599547,345,-0.005623185675078296,-0.006466165468237443,0.2318840579710145,-0.8598585269172891,-0.8627045207586195,0.0005732850119102157,-0.005653738674746494,-0.006892978032002865,0.00021485065513508108
LONG:32:1:0.5,True,LONG,32,1,0.5,15580,2666,-0.001521525633289831,-0.002485570581496484,0.32820705176294074,-0.9838525542118636,-0.9848279713407193,0.00013683309256062932,-0.0015823436949224082,-0.001614947473203398,-0.001362589935312964,2000,-0.003205316478774864,-0.0049123900972863205,0.269,-0.9984677303788728,-0.9984863159904969,0.00017311035749487282,-0.0032378417657332394,-0.003325463410612294,-0.002950280888668808,1519,-0.0043442962496939,-0.006140594819147506,0.2488479262672811,-0.9987257212801648,-0.9987257212801648,0.00021190008314276223,-0.004399907110991474,-0.004563125410094141,-0.0035765511151252434
LONG:32:2:0.25,True,LONG,32,2,0.25,5389,1527,-0.0016936519788061661,-0.0025570494664821112,0.32612966601178783,-0.9278214549546979,-0.9297567276490902,0.00018570052021189978,-0.002109749103661399,-0.001453426166223785,-0.0012710571290130224,519,-0.0037936901931404834,-0.004760070505238038,0.26204238921001927,-0.8641314717933143,-0.8681179651887347,0.0004164723569088739,-0.004348502602115304,-0.0031143150065785865,-0.000423452499188095,207,-0.006025886241443817,-0.0075811152451887645,0.2608695652173913,-0.7175047973161115,-0.7243337590933432,0.0007765026498104899,-0.006440595151942866,-0.00577450384072377,0.0003593343989678662
LONG:32:2:0.5,True,LONG,32,2,0.5,10090,2059,-0.0016114867817152729,-0.0024810600516153593,0.32685769791160757,-0.9656812066378945,-0.9668810002017014,0.0001556160836426604,-0.001959485108227359,-0.0014226008057400296,-0.001324623568074674,1433,-0.0032522781193016835,-0.004797356843503451,0.2735519888346127,-0.9910144878844895,-0.9911356667773304,0.00020681329533924465,-0.003622701752877203,-0.0028857065848660463,-0.0027981499454970984,1049,-0.004403217278935446,-0.005800214165672334,0.2526215443279314,-0.9905894645108312,-0.9906062521570194,0.00025788378344712676,-0.004771053014962902,-0.00411911879817726,-0.0030898896930394233
LONG:32:3:0.25,True,LONG,32,3,0.25,3457,1091,-0.0014925236237746705,-0.0023859897349577156,0.34280476626947753,-0.8096953733607337,-0.8143116149243474,0.00022293024635699517,-0.001923591888542523,-0.0012361063796623958,-0.0010099559369265488,366,-0.003550171196765475,-0.0044509272735627926,0.273224043715847,-0.7325301386947651,-0.73718562503785,0.0005046596250226893,-0.0042769484236324365,-0.001748285620049598,-0.0010570127424167528,150,-0.00565679851870115,-0.0068724633474139644,0.28,-0.5773012998034934,-0.5843479444431187,0.0009501799186795265,-0.006568624554388394,-0.0018413714754996918,-0.002850108878214553
LONG:32:3:0.5,True,LONG,32,3,0.5,7038,1617,-0.0015300994543666752,-0.0024788796536073707,0.3364254792826221,-0.9193099250572776,-0.9222425163732197,0.00017721962827943645,-0.0019397654814120946,-0.0012230216755330623,-0.0012517766187731501,1067,-0.003197698752234492,-0.004398788572775609,0.27928772258669166,-0.9683080999086872,-0.9684258404385175,0.0002450120832617144,-0.0037163920951280172,-0.002555854931640949,-0.0026636503114291945,765,-0.004299502147044231,-0.005237808189137463,0.26143790849673204,-0.9640304595354633,-0.9641013187927407,0.0003133658298505567,-0.004831091386122009,-0.0036916309838516156,-0.002480687167538641
LONG:48:1:0.25,True,LONG,48,1,0.25,7231,1663,-0.0014152748808832088,-0.0025475073070992597,0.35417919422730004,-0.9091862517440376,-0.9160566240935132,0.00017776047653289925,-0.0014517241778498535,-0.0016953971917033955,-0.0010816941961994558,684,-0.0034142935280146156,-0.004282680469537071,0.2777777777777778,-0.9062313449055417,-0.9104228527415561,0.0003428635537447409,-0.003465316578425558,-0.004129566891146098,-0.001156081619481491,265,-0.005934893255936622,-0.0067377263184784115,0.2188679245283019,-0.7966032134487399,-0.8032791302627693,0.0006560401888241009,-0.0062576819462175845,-0.006842774469712949,0.0010266247206392335
LONG:48:1:0.5,True,LONG,48,1,0.5,11804,2046,-0.0014581549183923302,-0.0025421849158020534,0.34261974584555227,-0.9520964575601635,-0.9553255052251122,0.00015914551671993078,-0.001586320987940199,-0.0016172658514547003,-0.0011437540775613112,1580,-0.0031607968141949064,-0.00483610260599458,0.2740506329113924,-0.993589206921165,-0.993803415797871,0.00019545609498830479,-0.003278017305352126,-0.0033226917605716833,-0.0026783984233726393,1221,-0.004322013514270013,-0.006186961245415631,0.24897624897624898,-0.9951582742864195,-0.9951762424457713,0.0002365033764000375,-0.004427125255105442,-0.004597984506571078,-0.003322416695869561
LONG:48:2:0.25,True,LONG,48,2,0.25,4002,1145,-0.001570653024970076,-0.0025771922241676,0.3388646288209607,-0.8397167158285357,-0.8472264149814448,0.00021748053822326181,-0.0017216235392234287,-0.0016437135896000877,-0.0012318627648394025,399,-0.0035954880493103076,-0.004318728085339255,0.2706766917293233,-0.7664011994757637,-0.7783043884987493,0.0004612182619064696,-0.004091287077901877,-0.0033596320699792923,0.00023470947780597455,152,-0.006294736854491097,-0.007639298431187104,0.2565789473684211,-0.6204897637004322,-0.6332737917946691,0.0008837196750275301,-0.006698664157386604,-0.007002364424150231,0.0020009429979552687
LONG:48:2:0.5,True,LONG,48,2,0.5,7635,1563,-0.0014674346384765872,-0.0024966887422869207,0.3467690339091491,-0.9032503764929591,-0.9065065641496471,0.0001817197788468284,-0.0017057833112881355,-0.0014261206613416122,-0.0011573634619906372,1127,-0.003200025998456388,-0.004696859168536446,0.27506654835847383,-0.9739211726873833,-0.9747052069277996,0.0002324847779813584,-0.0034856691827159073,-0.0029493437211722223,-0.0027886103628186015,827,-0.004298591804530185,-0.005717071352389529,0.25151148730350664,-0.9724325142513892,-0.972910216151698,0.00028817722986162087,-0.00461662928096812,-0.004351411335807014,-0.002581468080227913
LONG:48:3:0.25,True,LONG,48,3,0.25,2561,820,-0.001389533233864128,-0.002265878406656821,0.3621951219512195,-0.687411944556795,-0.7074484059953766,0.00025960561818718855,-0.0016525725620324871,-0.001275965667522735,-0.0010097727539753203,288,-0.003665703100601593,-0.004393331605120189,0.2708333333333333,-0.6569022735923884,-0.6642121090608143,0.0005389699929081194,-0.004236546119000012,-0.0025067971382514535,-0.001281289850215311,110,-0.005875766540346623,-0.006236458567574503,0.2909090909090909,-0.4807475650000582,-0.4975877290724696,0.0010845347425011012,-0.00654730415819051,-0.0038163635288456757,-0.00036925249953535235
LONG:48:3:0.5,True,LONG,48,3,0.5,5336,1244,-0.0015250498832847267,-0.002520028064027471,0.34726688102893893,-0.8551200115131352,-0.866090978152533,0.00020718863063065636,-0.0018273221373265513,-0.0013323442981430153,-0.0012479702126409415,851,-0.0032432679584486605,-0.004459318873548822,0.2808460634547591,-0.9386936205188577,-0.9410909231687505,0.0002743999586874988,-0.003693637882471344,-0.002753364984498363,-0.0026279361775493957,612,-0.0042461862519588165,-0.005148269256256062,0.2696078431372549,-0.9276778679511208,-0.9299803351794635,0.00034517470905189414,-0.004719510408592703,-0.0039594466452545374,-0.0020749589625346444
LONG:4:1:0.25,True,LONG,4,1,0.25,56724,9371,-0.0013764864499791957,-0.001651891773270336,0.32600576245864904,-0.999997917920278,-0.9999981776485816,6.297378273392207e-05,-0.0016017413852452782,-0.001325354441545921,-0.0011818647926146984,3564,-0.0032319296243484468,-0.0036008075515568307,0.28114478114478114,-0.9999913437744292,-0.9999919269386148,0.00013720704276226986,-0.0034939191427521762,-0.0029619398994731407,-0.00239470508906478,1456,-0.004712091006441055,-0.004807979454142453,0.26854395604395603,-0.9990436841871453,-0.9990637043096783,0.000265929965165024,-0.004912157808164892,-0.004415913065787065,-0.0030453069593130546
LONG:4:1:0.5,True,LONG,4,1,0.5,80914,10343,-0.00138147179356794,-0.0016503352055570989,0.320216571594315,-0.9999994890333375,-0.9999995584094105,5.9355778317423955e-05,-0.0016459436664405312,-0.0013283260864322818,-0.0011667076267176842,8175,-0.0030506280224764626,-0.0035106503928330037,0.23314984709480122,-0.9999999999880788,-0.9999999999886365,7.240353827725177e-05,-0.003297023324177711,-0.002956843515910216,-0.0027560934794357635,6219,-0.004066352627427558,-0.004666859671550814,0.20903682264029586,-0.9999999999915699,-0.9999999999915699,9.046966876505808e-05,-0.004298812586754396,-0.003945087335170585,-0.00356261961578257
LONG:4:2:0.25,True,LONG,4,2,0.25,34564,7045,-0.0014203005226868905,-0.0016423108671316372,0.32178850248403124,-0.9999605473239287,-0.9999635359265358,7.158054671981391e-05,-0.001650195119470579,-0.0013700873310783213,-0.0012132162131977455,2305,-0.0033681943039193672,-0.00360377441309289,0.28329718004338394,-0.9996125206176273,-0.9996139431429686,0.0001721574017033932,-0.0036385338958334935,-0.0031442770318494454,-0.00218316217888454,910,-0.004785148018025072,-0.004683632701543233,0.2956043956043956,-0.9878904190061462,-0.9883531272847538,0.00034228571283712234,-0.004836596255224624,-0.005085636115068674,-0.0019085396546063807
LONG:4:2:0.5,True,LONG,4,2,0.5,55715,8467,-0.00139827541283654,-0.0016755237625996865,0.3185307665052557,-0.9999938487411502,-0.999994665397469,6.496361030160898e-05,-0.0016873009702004981,-0.0013470933658911689,-0.0011536654470929305,6320,-0.003073444321953306,-0.0035467897064476485,0.23338607594936708,-0.9999999968987546,-0.999999997016636,8.280235870315648e-05,-0.003274812088070372,-0.0030347665943443883,-0.0027554190338751035,4590,-0.004091445737120046,-0.004604094875131885,0.21176470588235294,-0.999999994026381,-0.999999994026381,0.00010541359243733804,-0.0042884716737025125,-0.004015323264186965,-0.0035515148646342617
LONG:4:3:0.25,True,LONG,4,3,0.25,23473,5477,-0.0014287172821283117,-0.001630841522528999,0.32298703669892276,-0.9996400718167612,-0.9996691752325714,8.117527310874129e-05,-0.0016298605291903924,-0.0014119510388341094,-0.001215970968956713,1676,-0.0033565308974058397,-0.0035097559803343725,0.2822195704057279,-0.9966391902302608,-0.9967116678761392,0.00020728722707513423,-0.003547241183202869,-0.0032423382079334304,-0.002329138374762138,660,-0.004668125711098069,-0.0047864090086436675,0.30454545454545456,-0.9561055104580195,-0.9576719253813488,0.00041541813131995906,-0.004496164030172859,-0.005514938085649772,-0.002429664261944011
LONG:4:3:0.5,True,LONG,4,3,0.5,40793,7108,-0.0013885805591160427,-0.001715257365484056,0.3144344400675295,-0.9999547479405281,-0.9999607635980037,7.070272444416984e-05,-0.0016234169236681003,-0.0013541706353005197,-0.0011830378878326055,5036,-0.0030724767110970387,-0.003473499386832813,0.23371723590150914,-0.9999998333405639,-0.9999998333405639,9.318494140095522e-05,-0.0032618823342018826,-0.0030921666280760464,-0.002677757328678945,3554,-0.00407775401817179,-0.004468920674400675,0.2124366910523354,-0.9999995506880084,-0.9999995506880084,0.00012141914646628894,-0.004288587797557122,-0.003987788907979477,-0.0034961724027315205
LONG:64:1:0.25,True,LONG,64,1,0.25,5771,1360,-0.001383195275715427,-0.0024575995360851064,0.35073529411764703,-0.8531681792959508,-0.8640792401698791,0.00019741750444916538,-0.0012598132180088085,-0.0019857010880447554,-0.001005686285477387,576,-0.0032471779401373755,-0.004087047190885427,0.2847222222222222,-0.8498919063556668,-0.8560474118038592,0.00037192470927194807,-0.003341477307826831,-0.004124125547946381,-0.000821595958903726,221,-0.005454056090365959,-0.0060074543576385505,0.24434389140271492,-0.7051986559459096,-0.7148746654981705,0.000723282634156349,-0.005772640429782426,-0.0067087649028484625,0.0010266247206392335
LONG:64:1:0.5,True,LONG,64,1,0.5,9523,1690,-0.0014509115075138804,-0.002541391302192471,0.3384615384615385,-0.9177553600043027,-0.9231482305748928,0.00017601587100606335,-0.0014809374006024439,-0.0018537063712142105,-0.0010584706975585562,1319,-0.003138027884696605,-0.004842681832345409,0.2767247915087187,-0.9847868927837133,-0.9853246634881287,0.0002142535508833432,-0.0030860383145127333,-0.003735557987896578,-0.0025060433436445576,1034,-0.004266924459813699,-0.00587962331147026,0.24854932301740812,-0.9883983723131925,-0.9884648240839542,0.00025597491561549023,-0.004212289005374629,-0.005110287251881389,-0.002984134252935465
LONG:64:2:0.25,True,LONG,64,2,0.25,3175,941,-0.0014658269697889288,-0.002501347847530627,0.3368756641870351,-0.7548865027414817,-0.768158604469457,0.00024093386043362984,-0.0013951855417986482,-0.0020556373548091013,-0.0010142428344108805,330,-0.0031929138681541665,-0.004210616549635182,0.2787878787878788,-0.6567607364268382,-0.6745365037758891,0.0005066075682155706,-0.0036860240636797216,-0.0032295618861567653,0.0005177678692010293,126,-0.0057052180104345315,-0.0059997661018713075,0.2698412698412698,-0.5172663395830714,-0.5335275101300829,0.0009633972348625358,-0.006210156550100575,-0.006318921833601917,0.0020009429979552687
LONG:64:2:0.5,True,LONG,64,2,0.5,6139,1284,-0.00137647521815147,-0.002495681233201971,0.3395638629283489,-0.8351027911073157,-0.842524323698076,0.00020262838635508513,-0.0014198662040586373,-0.0016320621764588333,-0.0010871344427634177,943,-0.002904362526228023,-0.004237148791719415,0.28525980911983034,-0.9374566425225525,-0.9397894405956054,0.00025561450539895964,-0.0029854193648348017,-0.0031306433783490108,-0.0024138590695493693,707,-0.004096493542403936,-0.00550322739666383,0.2531824611032532,-0.9463807622908009,-0.9478984023200672,0.0003072831111969471,-0.004135498689592417,-0.005108053195684729,-0.0021670200661439575
LONG:64:3:0.25,True,LONG,64,3,0.25,2022,672,-0.0012439444507783384,-0.00219588303366681,0.3645833333333333,-0.5747491335636159,-0.6008945241342929,0.0002873533991074062,-0.001300541002510795,-0.0016616475862623419,-0.0007397524295876656,232,-0.003365337292424216,-0.004329318648939925,0.27586206896551724,-0.5468166537590908,-0.5547046037099466,0.0005902973325214337,-0.0038543580316039777,-0.002852307281282187,-0.00018681548905731405,92,-0.005514177145500856,-0.005829756710005877,0.2826086956521739,-0.40198876174224785,-0.41321391336853763,0.0011344931618544887,-0.006092671503737104,-0.003926399722242258,-0.00036925249953535235
LONG:64:3:0.5,True,LONG,64,3,0.5,4284,1015,-0.0014975880959241662,-0.0024937365287860972,0.3448275862068966,-0.7873350103493814,-0.8042172222353529,0.00022829807881888367,-0.0015585870701619441,-0.001710151044946344,-0.001221973806722447,707,-0.003008342819805148,-0.004088191637359288,0.2871287128712871,-0.8837541653827229,-0.8892553802160982,0.00029596056186726203,-0.0032187071538368394,-0.003157420409800154,-0.0022751642978242415,519,-0.004065648200822949,-0.005052265869130104,0.26011560693641617,-0.8814221529279709,-0.8862902293137788,0.00036303855687054804,-0.00424943660152775,-0.004892994864686433,-0.0017204717003266427
SHORT:12:1:0.25,True,SHORT,12,1,0.25,21610,4415,-0.001560199102237516,-0.0020738574031999024,0.32480181200453,-0.9991074446266416,-0.9991187749139168,0.00011461967523023657,-0.0019264501792187676,-0.0013789194688634042,-0.0012815948943394524,1681,-0.003654244784806495,-0.004901168949716156,0.2914931588340274,-0.9980690816582172,-0.9980747992118507,0.0002602971933040377,-0.0038602759436541143,-0.003257749145530216,-0.003550525885465371,746,-0.0049849547377416896,-0.00636419122683877,0.29222520107238603,-0.9776004680746805,-0.9780197212414297,0.0005037981933394471,-0.005506446151172177,-0.0036356428570160993,-0.004851720915900646
SHORT:12:1:0.5,True,SHORT,12,1,0.5,32874,5081,-0.001538769354675368,-0.0020738574031999024,0.3198189332808502,-0.9996530497675655,-0.9996566276230995,0.00010491619520263732,-0.002009644654126227,-0.0012192266324156157,-0.0013324776394418082,3882,-0.0032511774201981793,-0.004315493060435067,0.25553838227717673,-0.9999971652803534,-0.9999971736147452,0.00013224281638598038,-0.0036398734535080393,-0.002977111923412766,-0.002849805416603871,2949,-0.004398003295541455,-0.0058238392255995815,0.23363852153272296,-0.999997992779136,-0.999997997440174,0.00016620912592468301,-0.004720601451331309,-0.003951230233819984,-0.004190772876198438
SHORT:12:2:0.25,True,SHORT,12,2,0.25,12121,3130,-0.0015709727923244356,-0.0019599150183483146,0.3293929712460064,-0.9933599751210493,-0.9934913660983917,0.0001382749728117927,-0.002053062980005504,-0.0013033541412256643,-0.0011785195405853448,1049,-0.0035488641950498613,-0.00448807495999987,0.3136320305052431,-0.9775536574881638,-0.9777418928451715,0.00034935712251316065,-0.003871982613196046,-0.0029373115503731157,-0.0030601164183934114,462,-0.005163443283951433,-0.006231540049404926,0.31385281385281383,-0.9131148228534078,-0.9143857064967631,0.0006934751846162559,-0.006056748923991425,-0.002595957174303178,-0.006292003857092602
SHORT:12:2:0.5,True,SHORT,12,2,0.5,21459,3983,-0.001630486401200454,-0.0019933271559544248,0.3213658046698468,-0.9986560530938847,-0.9986654170264002,0.00011909421328067662,-0.0021952980530254448,-0.0013208046977667837,-0.001265817011874123,2883,-0.0033670509472968706,-0.0041332085590395735,0.26049254249046133,-0.9999459946747303,-0.9999463039787719,0.0001570354063654622,-0.003845699875237762,-0.003015369019084068,-0.0027630784861610446,2113,-0.004655249840099138,-0.005626106314389325,0.2285849503076195,-0.9999523890669627,-0.9999524974091933,0.00020353830729500963,-0.004995534303892615,-0.004174419676875167,-0.004291920483973582
SHORT:12:3:0.25,True,SHORT,12,3,0.25,7841,2339,-0.0014950378835282862,-0.0019095209456431491,0.334330910645575,-0.9719457407467809,-0.9734003226504649,0.0001646594724482259,-0.0019298387297340034,-0.0012118600479624718,-0.0011491605670364156,739,-0.0033211024230097247,-0.003989473754831177,0.33152909336941816,-0.9185686586433062,-0.9214789089593531,0.00042612830188597646,-0.0037794325132431915,-0.002432494425548727,-0.0025932895246869076,330,-0.004777611665764231,-0.005307110898002645,0.3303030303030303,-0.8016947805601468,-0.8087839147370016,0.0008301849521815655,-0.005762258952009425,-0.0017961495072957284,-0.0057941889526326625
SHORT:12:3:0.5,True,SHORT,12,3,0.5,15069,3219,-0.0015771036430392306,-0.0019773903652185935,0.31873252562907733,-0.9943578400293487,-0.9944301507102946,0.00013662429191196155,-0.0019257748741547797,-0.0013470844133618464,-0.0013693631195495794,2237,-0.0033245039189885727,-0.004013030223657661,0.2713455520786768,-0.999466580466106,-0.999471950901851,0.00018605592873830495,-0.003691752179405294,-0.0030183318433532635,-0.0028477390880622816,1595,-0.004699605613003556,-0.005626106314389325,0.23573667711598745,-0.9994951053016786,-0.9994962252961956,0.00024646479137326434,-0.0049390817460874155,-0.004218435431733688,-0.0048962146633014176
SHORT:20:1:0.25,True,SHORT,20,1,0.25,13655,3013,-0.001755892895349629,-0.002547711655190769,0.3133089943577829,-0.9954536630657604,-0.995471573079211,0.00014732750437572182,-0.002244988829455072,-0.001381761394680865,-0.0014928948208155514,1194,-0.004235598359363925,-0.005834754199399035,0.2705192629815745,-0.994149449702126,-0.994149449702126,0.0003204334218792335,-0.004448269993949993,-0.0037961641290754186,-0.004254743287058103,536,-0.005823441437843453,-0.008005389903832157,0.26865671641791045,-0.9586380629874347,-0.9586380629874347,0.0006183733576486523,-0.006338619097378163,-0.004395971979460389,-0.006489829311163297
SHORT:20:1:0.5,True,SHORT,20,1,0.5,21350,3543,-0.001740925595791002,-0.002478052163304885,0.30849562517640416,-0.9981329185028178,-0.9981402737550157,0.00013243923684048606,-0.002310801017997291,-0.0012988613938409222,-0.0015179423478549202,2689,-0.00351293157997137,-0.004901947389765748,0.25622908144291556,-0.9999298848657048,-0.9999300778300652,0.00016824184726492873,-0.0040742113448228885,-0.002981997578069769,-0.003084508508362844,2072,-0.0047127520929713795,-0.006647926766968746,0.23696911196911197,-0.9999489059581245,-0.9999489059581245,0.00020892266515479355,-0.005133320750100989,-0.004046186473593605,-0.004651158355049387
SHORT:20:2:0.25,True,SHORT,20,2,0.25,7487,2098,-0.001811568735806859,-0.002407248109319146,0.31887511916110584,-0.9792421541419212,-0.9792421541419212,0.00017930376087109246,-0.002370032159523898,-0.001376005892896359,-0.0014604432595507297,735,-0.0038744887702138312,-0.005411748497718108,0.28843537414965986,-0.9452365477838444,-0.94527206225235,0.00043624755827941506,-0.0044287640944857005,-0.0026545497144962104,-0.00420730117983196,325,-0.005403175295920736,-0.0071586873686394405,0.31076923076923074,-0.8349311082721425,-0.8382587668709398,0.000875840541225945,-0.006476687186274401,-0.0022628913883787514,-0.008690295942771969
SHORT:20:2:0.5,True,SHORT,20,2,0.5,13683,2729,-0.0018437959946405234,-0.0023333383468870563,0.31366801026016855,-0.9940448729460262,-0.9940854563928998,0.00015287146348991155,-0.0024829130671220226,-0.001515452253690261,-0.0013531606447876655,1981,-0.0036864815506483448,-0.004794267014953132,0.2579505300353357,-0.9993858029994823,-0.9993858029994823,0.00019998892761211202,-0.004200246499010789,-0.003231956180509004,-0.0031205286424493663,1484,-0.005051007878896982,-0.00659642371750649,0.22506738544474394,-0.9994928704635982,-0.9994928704635982,0.00025512597135973666,-0.005489378495856787,-0.0043607401141102665,-0.004852611536321305
SHORT:20:3:0.25,True,SHORT,20,3,0.25,4759,1557,-0.0017225668992728387,-0.002235429855541767,0.3249839434810533,-0.9352836185364031,-0.9402921805958108,0.00021000800311923157,-0.0023441899046112036,-0.001225292485940371,-0.001301821915904255,520,-0.003826944969959802,-0.0048647386483558035,0.28076923076923077,-0.8685530143168281,-0.8732209090650351,0.0005111989416243542,-0.0045427241616946236,-0.002299913569515837,-0.003864537398838968,228,-0.00516374565482439,-0.006528539767174546,0.3157894736842105,-0.700726027279613,-0.7207289034297335,0.0010008306320325679,-0.006340341226259878,-0.0018507035961528196,-0.008770904627835438
SHORT:20:3:0.5,True,SHORT,20,3,0.5,9458,2196,-0.001829600036070893,-0.0022441179790378433,0.31693989071038253,-0.9833342718231459,-0.9834097553100898,0.00017378987653313206,-0.0023320003519239386,-0.0015843133507038646,-0.0013792836851977163,1545,-0.0036570748330849653,-0.004629039212468908,0.26407766990291265,-0.9967389318906771,-0.9967389318906771,0.00023324205707349243,-0.004108567656028579,-0.0032386369180417624,-0.0031020624342039476,1127,-0.005031795021972748,-0.006621342518968002,0.22626441881100265,-0.9967964810627356,-0.9968145284708684,0.00030241114415091027,-0.005383473918905915,-0.0043494566515518305,-0.005355455825002704
SHORT:32:1:0.25,True,SHORT,32,1,0.25,8638,2069,-0.002060381367105311,-0.0029153987135194454,0.3073948767520541,-0.9870326230181083,-0.9870326230181083,0.00019114559428052696,-0.002721578839107118,-0.0014907905841876226,-0.0017313386375226434,894,-0.0045863619870260535,-0.006168911200643078,0.2695749440715884,-0.9845398947806717,-0.9846971517477764,0.00038712566064005714,-0.004846547371050121,-0.004089653755363058,-0.004531468316869334,421,-0.006244595643792834,-0.008943619557885073,0.2684085510688836,-0.9317229690322744,-0.9321640084289836,0.0007283983914048448,-0.006598799791199425,-0.005300670992415812,-0.00583640909212326
SHORT:32:1:0.5,True,SHORT,32,1,0.5,13847,2455,-0.0018923950211914428,-0.002733719407041411,0.309979633401222,-0.9912589958454726,-0.9912815350882469,0.00017249604378141248,-0.002635012114875742,-0.00132374009339426,-0.0015464283450185726,1893,-0.003732594726212481,-0.005170166616371658,0.26465927099841524,-0.9992249291423578,-0.9992249291423578,0.0002157942730886643,-0.004425213547531475,-0.002980179685521369,-0.003333000995907001,1487,-0.00500450794975726,-0.007117849752046669,0.242098184263618,-0.9994672411535375,-0.9994672411535375,0.0002636770103588075,-0.005483180354054599,-0.004262617206032461,-0.004908919081219473
SHORT:32:2:0.25,True,SHORT,32,2,0.25,4647,1414,-0.0022376208005030454,-0.0029944233514576386,0.30622347949080625,-0.9600817493649094,-0.9600817493649094,0.00023111063963921155,-0.003020806197226007,-0.0013920804794219992,-0.001968835155983996,550,-0.004594392106637407,-0.00575680488831798,0.27636363636363637,-0.9236153869797992,-0.9247582531926253,0.0005088630950534831,-0.0052334817637903295,-0.0030095872154765313,-0.0055359509152637125,251,-0.006024594214915151,-0.007488354143762982,0.3147410358565737,-0.7876024618801415,-0.7940182765521694,0.0010154123709762656,-0.007071576118532281,-0.002551211915223801,-0.008690295942771969
SHORT:32:2:0.5,True,SHORT,32,2,0.5,8747,1882,-0.0021796188542809133,-0.0026734814767604845,0.30765143464399575,-0.9846419400140032,-0.9846815417618627,0.00019804144672553556,-0.0030817637479824316,-0.0015500283150594887,-0.0015774015689815537,1382,-0.004079995151882282,-0.005354330340475881,0.2590448625180897,-0.9967003551621544,-0.9967003551621544,0.00025801640160007456,-0.004880428870302982,-0.0031246018212095325,-0.00357870455068379,1071,-0.00542001921590753,-0.007290868133775965,0.22875816993464052,-0.9972036409998902,-0.9972036409998902,0.00031930792497340924,-0.006105932473407399,-0.004279630093468165,-0.005280183740324725
SHORT:32:3:0.25,True,SHORT,32,3,0.25,2935,1031,-0.001999707215951352,-0.0027499317425452325,0.3171677982541222,-0.8779923223409557,-0.8824118603107566,0.00027416113844153545,-0.0027757908323797448,-0.0011831920135656842,-0.0016753514476800344,381,-0.004328959966008294,-0.0049332038618089035,0.28346456692913385,-0.8136955322171516,-0.8196974518140552,0.0006149008594825402,-0.00511890106048159,-0.0023463368759884273,-0.0058443243459758085,175,-0.005189335287494161,-0.005618873032698014,0.33714285714285713,-0.6061905268601895,-0.630151996246512,0.001182902790515138,-0.006375243722268376,-0.0010917213051519499,-0.008770904627835438
SHORT:32:3:0.5,True,SHORT,32,3,0.5,5981,1485,-0.0020718663874305173,-0.002569716175855558,0.31851851851851853,-0.9566170599609715,-0.9574481134240498,0.00022874625353659417,-0.0026172657009510773,-0.0017262894069590745,-0.00161891542942138,1066,-0.003938166830965228,-0.0052095092661179785,0.2692307692307692,-0.9858653356219671,-0.986022575102192,0.00030407282042596394,-0.004542653434575856,-0.0032789045927458437,-0.0033320886129896755,800,-0.00525620418814418,-0.007001183922223252,0.23375,-0.9859367497104051,-0.986199073582016,0.00038687163152956335,-0.005699081467047992,-0.004415098442342123,-0.0056775369790312636
SHORT:48:1:0.25,True,SHORT,48,1,0.25,6024,1492,-0.0022322955220230568,-0.0032569149586952504,0.3136729222520107,-0.9665996116424261,-0.966631085060038,0.00024187664308368933,-0.002783919343557056,-0.0018565987224053767,-0.0017259295512096137,715,-0.0047326031917213265,-0.006178563959022463,0.2699300699300699,-0.968018880669004,-0.9680499560758676,0.0004459451080910165,-0.0049671913636380625,-0.004437781231194109,-0.0037344696397207133,328,-0.006192635856230603,-0.009142839665384456,0.2865853658536585,-0.8747655680416726,-0.8759325352137868,0.0008643010770091739,-0.006494395674451277,-0.005623048466461624,-0.0033588494675624394
SHORT:48:1:0.5,True,SHORT,48,1,0.5,9803,1809,-0.0020315769318046063,-0.0031083346241520438,0.31785516860143725,-0.9766040864807063,-0.9766654681025462,0.00021627590252011077,-0.002639401014939668,-0.0015710736755140213,-0.001693631099138421,1433,-0.0038527981108766765,-0.005463840622156506,0.267271458478716,-0.9963110156256257,-0.9963110156256257,0.00026231702705873256,-0.0043595139050711705,-0.0032726050354808457,-0.0036168100423850428,1169,-0.005144115699274513,-0.0073294525856817125,0.24379811804961504,-0.9977453159459585,-0.9977453159459585,0.00030992839663936497,-0.005563316254229701,-0.004517543998159821,-0.0050352298520121705
SHORT:48:2:0.25,True,SHORT,48,2,0.25,3175,1023,-0.002351302902191582,-0.0031926731951609283,0.3235581622678397,-0.9139013328147805,-0.9155650571877935,0.00029020446392220264,-0.0031357221833907913,-0.0015791975681706493,-0.0018909246584264243,447,-0.004848153209805604,-0.006140054327313357,0.28635346756152125,-0.88988099981321,-0.8923215836441563,0.0005811683141360148,-0.005677310593651924,-0.0030538211780835587,-0.0048423391202399016,202,-0.006207416021007115,-0.00758597480593964,0.3217821782178218,-0.7235466784703597,-0.7383091119820206,0.001168783386342676,-0.007541557737817803,-0.0022648893414034133,-0.006408916342809871
SHORT:48:2:0.5,True,SHORT,48,2,0.5,6117,1358,-0.0023278581271817616,-0.003010813771140554,0.32032400589101623,-0.9601280307289648,-0.9609914993795675,0.00024876386218776876,-0.0031641209770417625,-0.0017086824370732786,-0.001688472556896859,1047,-0.004231581743705732,-0.005508815890435311,0.26456542502387775,-0.9888047745671384,-0.9889615246515313,0.0003085199707384635,-0.00505696754444384,-0.0031844829233411915,-0.003785729435854775,827,-0.005521549187457809,-0.00738117114686978,0.2309552599758162,-0.9902199527648039,-0.9903256929765899,0.00037533853457651415,-0.00622734523067686,-0.0043154899089426066,-0.005449272189794897
SHORT:48:3:0.25,True,SHORT,48,3,0.25,2000,734,-0.0019464891639481249,-0.0027171199487581875,0.3419618528610354,-0.7686602736448453,-0.78316447656909,0.000354207287740141,-0.00268783180126874,-0.0011548286062286082,-0.0016152729374015323,297,-0.004407309212904894,-0.005271711112065528,0.30303030303030304,-0.7371404588787609,-0.7505925107157603,0.0007419115107803274,-0.0053158805977288545,-0.0023431541099319785,-0.004986315355304229,138,-0.005404412872720036,-0.006902646273767376,0.34057971014492755,-0.5356801387662614,-0.5766982036020178,0.00142800835791454,-0.006631018257225371,-0.001826417300377978,-0.006408916342809871
SHORT:48:3:0.5,True,SHORT,48,3,0.5,4174,1056,-0.0022045476127270183,-0.0028533953212142565,0.3352272727272727,-0.9072619382405994,-0.9105873387843844,0.0002913471663651299,-0.0027325562324040683,-0.0019353640562297123,-0.0015603741573323123,795,-0.004070787160658027,-0.005229408087373536,0.28050314465408804,-0.9626231115823577,-0.9636966780725373,0.00037156858596802726,-0.0046932533553313465,-0.003357859982689122,-0.0034570406836238444,611,-0.005225775034275568,-0.006849494255534392,0.2520458265139116,-0.9609316548024422,-0.9619409982562903,0.0004681841893651301,-0.005729632264265426,-0.004308842432039535,-0.005578511284903742
SHORT:4:1:0.25,True,SHORT,4,1,0.25,55152,9254,-0.0013834480219720824,-0.0017620890025531306,0.32883077588070025,-0.9999978012899403,-0.9999978105078495,7.110750004632457e-05,-0.0015479851905995008,-0.0012449740874678032,-0.0013483705762657532,3501,-0.0032202787708724484,-0.003955518940329053,0.2944872893459012,-0.9999893423802232,-0.9999895121084911,0.00015985778792339324,-0.0033333824237501,-0.0029910493504528147,-0.003305532303300157,1439,-0.004172820503953314,-0.005103924306452146,0.31758165392633775,-0.9978214626523724,-0.9978534203498445,0.00032825355140123476,-0.004252087365945128,-0.0038275037063738946,-0.00522401988894013
SHORT:4:1:0.5,True,SHORT,4,1,0.5,79111,10165,-0.0013654066789142902,-0.0017279632218833926,0.3235612395474668,-0.9999992660447662,-0.9999992691218126,6.762878223813409e-05,-0.0015858787216561005,-0.001181347969452634,-0.0013247158342199808,8063,-0.002995289700551435,-0.003716213542570536,0.249286865930795,-0.9999999999749325,-0.9999999999750169,8.262132406282134e-05,-0.0031740140978246557,-0.0027929916673962566,-0.0029792906616767888,6154,-0.004136180131480552,-0.00508329473420137,0.22229444263893403,-0.9999999999931605,-0.9999999999931605,0.00010295993428879856,-0.004249246369348521,-0.003891642697367106,-0.0043242022208626624
SHORT:4:2:0.25,True,SHORT,4,2,0.25,32775,7023,-0.0014109821821165333,-0.0017591731796530628,0.3297736010252029,-0.9999581771052118,-0.999959969948398,8.202199840647305e-05,-0.001624390070047485,-0.0012463991696775147,-0.001336566251849291,2293,-0.0032465638402995626,-0.0039124067484204526,0.30484081988661144,-0.9994827984252221,-0.9994940516404345,0.0002049931281783576,-0.0034052564864890875,-0.0028935427065827917,-0.0035072735442933547,914,-0.004213458573159124,-0.0049570865324548765,0.33260393873085337,-0.9804776716797827,-0.9809603566614532,0.00042890600190303996,-0.0046498345394838094,-0.00286243878196421,-0.006333631085951226
SHORT:4:2:0.5,True,SHORT,4,2,0.5,53758,8441,-0.0014492380756174364,-0.0017607056175718357,0.31986731429925364,-0.9999960244254021,-0.9999960546221958,7.368434176675034e-05,-0.0017424055144498935,-0.0012176108780957908,-0.0013763332547564093,6275,-0.003152044862919419,-0.0036812060219886095,0.24796812749003985,-0.9999999979134918,-0.9999999979134918,9.480084836619137e-05,-0.003414291603836598,-0.0029122389517737685,-0.0030049963865611618,4614,-0.004296741150961863,-0.005009107739975758,0.22171651495448635,-0.9999999979976726,-0.999999998002229,0.00012274221004644287,-0.00457347557018191,-0.0038755541686276646,-0.004279316015883215
SHORT:4:3:0.25,True,SHORT,4,3,0.25,21747,5413,-0.0013029157786673931,-0.0016066923125631696,0.34066137077406244,-0.9992438434470583,-0.9992997922422608,9.428339306869411e-05,-0.0014755906807520046,-0.0011603114763127792,-0.0012547454554052517,1631,-0.0029675261600935784,-0.0033542212486730194,0.32924586143470264,-0.9927847287681213,-0.9929880045650806,0.0002517471175215613,-0.003076307386039331,-0.002724611195788081,-0.0032328976753434793,662,-0.0040757830760767486,-0.004899467298199119,0.3429003021148036,-0.9368583102194867,-0.9384044760893365,0.0005173388923262379,-0.0046238758942278935,-0.0025816525798179656,-0.006189458597480811
SHORT:4:3:0.5,True,SHORT,4,3,0.5,38700,7034,-0.0014037929514406366,-0.0016997751424936514,0.3247085584304805,-0.999956650370689,-0.9999582233844345,8.1680058174724e-05,-0.0016044314341233485,-0.001270232202701916,-0.0013257949573807354,5004,-0.0030674858833345,-0.0035680524868040428,0.2519984012789768,-0.9999998180965144,-0.9999998198312138,0.00010805931998502755,-0.003270469646183589,-0.002867581443415805,-0.002968253504068176,3557,-0.004224769979120547,-0.004879227121160612,0.22350295192578015,-0.9999997470333187,-0.9999997495973716,0.00014346624995939384,-0.0044622058358031015,-0.0038385743406192004,-0.004290883876034572
SHORT:64:1:0.25,True,SHORT,64,1,0.25,4897,1227,-0.0022914260159802922,-0.0034937745835473977,0.3162184189079055,-0.9435253759604049,-0.9445843479342357,0.00028094595078120903,-0.002965227293043755,-0.0017096971238374993,-0.0018821262637303655,614,-0.004709605252355751,-0.006229877320048472,0.2703583061889251,-0.9473831714588203,-0.9475724035960207,0.0004955989436172533,-0.004926824782089212,-0.004508796307802492,-0.0032837947774313372,294,-0.0061570542387318974,-0.009142839665384456,0.2857142857142857,-0.8432412396512646,-0.8463755746315064,0.0009306088985702028,-0.0064992696155707266,-0.005670640267400315,0.0004237149223341955
SHORT:64:1:0.5,True,SHORT,64,1,0.5,7915,1494,-0.0021111855652316347,-0.003206115794979195,0.3192771084337349,-0.9602732861670796,-0.9610182132432115,0.0002477614976837686,-0.0027719016862980043,-0.00158364844062225,-0.0017906315571714192,1203,-0.0039044406351754564,-0.005731401971296969,0.2743142144638404,-0.9915248374380154,-0.9915553176697054,0.00029829091811272115,-0.004533488421338981,-0.003192518573440909,-0.003665994473554165,988,-0.005105451038500644,-0.007374935098215319,0.2540485829959514,-0.9940095040161037,-0.9940101552242199,0.00035178379308732437,-0.0056017819497442565,-0.004324826072197341,-0.005180030656858156
SHORT:64:2:0.25,True,SHORT,64,2,0.25,2578,835,-0.0023877368052272105,-0.003226005595848621,0.32335329341317365,-0.8692671322009771,-0.8736335448495293,0.00033231418384696185,-0.0032102459355359473,-0.00147652757054855,-0.002110606629225356,384,-0.004879317065675415,-0.006025551957260569,0.2786458333333333,-0.8516828357797313,-0.8559113977189354,0.0006393195689132423,-0.005722016016107,-0.003076596430696095,-0.005177402402428794,178,-0.006444417528299308,-0.00813425897861335,0.3146067415730337,-0.6915802749033044,-0.7106626336615101,0.0012678720237606455,-0.007768862799314389,-0.00270538472379551,-0.005795176588730723
SHORT:64:2:0.5,True,SHORT,64,2,0.5,4917,1107,-0.0024031511939038752,-0.003187942601883217,0.3170731707317073,-0.9337323422371695,-0.9359299096832387,0.0002870474859490668,-0.0032759306500669836,-0.0017058538449574074,-0.0018348576661792481,877,-0.004254929949219966,-0.005586713883423112,0.27137970353477764,-0.977325267989998,-0.9779728986473576,0.0003487655460883485,-0.005130447303244276,-0.00311026627464462,-0.00408754201809562,703,-0.005430570325735357,-0.00729702135099476,0.24039829302987198,-0.979181961996848,-0.9797164370585377,0.00042015433089913947,-0.006167360623752053,-0.004180369817941599,-0.005648180089049113
SHORT:64:3:0.25,True,SHORT,64,3,0.25,1629,604,-0.0019290326358616982,-0.0027137878959814224,0.347682119205298,-0.6974547852788051,-0.7148841211969997,0.000400892918244908,-0.002659816664186049,-0.0010734073926106254,-0.0017608354355747708,260,-0.004300825003743027,-0.005215296350477731,0.3,-0.6810603751537125,-0.6950507695002694,0.0008095597734280049,-0.005311651321480393,-0.0020891778626191395,-0.005183473289769413,124,-0.005330844038507153,-0.006081902763275053,0.3467741935483871,-0.4937955599096927,-0.5372814641961488,0.0015344527576903158,-0.006857393748506752,-0.0012500211606023249,-0.005795176588730723
SHORT:64:3:0.5,True,SHORT,64,3,0.5,3337,872,-0.002244110192030978,-0.00301655521888881,0.33715596330275227,-0.8648549967434985,-0.8693582727840676,0.00033348769581064417,-0.0027608297335816254,-0.0018831037715324821,-0.0017683903629591774,672,-0.0040859078039130305,-0.005162709442219577,0.28720238095238093,-0.938641661848689,-0.9404040411831139,0.00041825462188509465,-0.004767928903408787,-0.0032558718753838258,-0.0036595347442492376,521,-0.0051484945936796115,-0.006740322602815068,0.2648752399232246,-0.934558646359739,-0.9362493450973932,0.0005230159493427946,-0.005670731212744557,-0.004237620220021382,-0.0053977876887307905
