trade_id,strategy_variant,entry_time,exit_time,signal_cutoff,symbol,category,eligible_count,ptv26,ptv52,ptv78,ptv52_zero,mom52,skew52,vol52,selection_score,selection_rank,entry_price,exit_price,notional_fraction,quantity_per_unit_plan_capital,funding_events,actual_funding_return,stress_funding_return,gross_long_return,favorable_price_cost_return,favorable_reconciliation_error,favorable_net_return,base_price_cost_return,base_reconciliation_error,base_net_return,stress_price_cost_return,stress_reconciliation_error,stress_net_return
development-ptv78-20220328-CRVUSDT,ptv78,2022-03-28T00:00:00+0000,2022-04-04T00:00:00+0000,2022-03-26T00:00:00+0000,CRVUSDT,DeFi,20,-0.07779948380502436,-0.09111484309276478,-0.11670338478731557,-0.18835976439835223,-0.259719909086821,0.2831914447946585,0.12237725893809462,-0.11670338478731557,1.0,2.615,2.948,0.25,0.09560229445506692,21,-0.00015960616252420648,-0.0004546942936121893,0.03183556405353727,0.031516462715105165,2.0816681711721685e-17,0.031356856552580956,0.030984646252390058,-2.0816681711721685e-17,0.030825040089865852,0.03045282978967495,2.0816681711721685e-17,0.029998135496062762
development-ptv78-20220328-SNXUSDT,ptv78,2022-03-28T00:00:00+0000,2022-04-04T00:00:00+0000,2022-03-26T00:00:00+0000,SNXUSDT,DeFi,20,-0.07962336366699095,-0.10724539161301097,-0.1025409523906873,-0.15319092509047413,-1.213112423529873,1.4660609528885404,0.12258940125136018,-0.1025409523906873,2.0,5.414,7.315,0.25,0.046176579239009974,21,-0.0006323571893239748,-0.0009485357839859624,0.087781677133358,0.08742900812707799,1.3877787807814457e-17,0.08679665093775402,0.0868412791189509,-2.7755575615628914e-17,0.08620892192962692,0.08625355011082375,-5.551115123125783e-17,0.08530501432683779
development-ptv78-20220404-XRPUSDT,ptv78,2022-04-04T00:00:00+0000,2022-04-11T00:00:00+0000,2022-04-02T00:00:00+0000,XRPUSDT,Payment,20,-0.047372720357365714,-0.02984750183089596,-0.09912767883765097,-0.08455522499441398,0.3680301860694483,2.721366289850438,0.12532553004871397,-0.09912767883765097,2.0,0.8432,0.7538,0.25,0.29648956356736245,22,-0.0004782054814990512,-0.0007213931561314042,-0.026506166982922186,-0.02679026328273243,-3.469446951953614e-18,-0.02726846876423148,-0.02726377301944971,-2.7755575615628914e-17,-0.027741978500948762,-0.027737282756166964,3.469446951953614e-18,-0.028458675912298368
development-ptv78-20220411-SNXUSDT,ptv78,2022-04-11T00:00:00+0000,2022-04-18T00:00:00+0000,2022-04-09T00:00:00+0000,SNXUSDT,DeFi,20,-0.07557118684961557,-0.09570785458584855,-0.10042249607083006,-0.1584919108503665,-0.8932526119132967,1.4763445574621634,0.12528145383354344,-0.10042249607083006,1.0,5.076,4.99,0.25,0.04925137903861308,20,0.000316456967610791,4.6787153830582656e-05,-0.0042356185973206895,-0.004533077226162308,-3.469446951953614e-18,-0.004216620258551517,-0.005028844148936146,1.734723475976807e-18,-0.004712387181325355,-0.005524611071709984,-3.5561831257524545e-17,-0.0054778239178794015
development-ptv78-20220418-XMRUSDT,ptv78,2022-04-18T00:00:00+0000,2022-04-25T00:00:00+0000,2022-04-16T00:00:00+0000,XMRUSDT,PoW,22,-0.04266071787519168,-0.0523501690616308,-0.0910976750091594,-0.14694591452403052,0.11433300322326458,0.882249267158289,0.09207263455849879,-0.0910976750091594,3.0,241.28,252.43,0.25,0.0010361405835543768,21,-0.0005534772099873469,-0.0008302158149810203,0.011552967506631318,0.011246035726127368,3.9898639947466563e-17,0.010692558516140021,0.01073448969040125,1.3877787807814457e-17,0.010181012480413903,0.01022294365467502,-3.642919299551295e-17,0.009392727839694
development-ptv78-20220418-XRPUSDT,ptv78,2022-04-18T00:00:00+0000,2022-04-25T00:00:00+0000,2022-04-16T00:00:00+0000,XRPUSDT,Payment,22,-0.049168682129074506,-0.05905448993017494,-0.10098261800998173,-0.12928683061352797,-0.13134373106195002,0.9374895175195714,0.08965467432596368,-0.10098261800998173,1.0,0.7516,0.6979,0.25,0.33262373602980305,21,-0.0004195318800716139,-0.000630170204021737,-0.01786189462480045,-0.018151177488025555,1.734723475976807e-17,-0.01857070936809717,-0.018633326310537573,-2.7755575615628914e-17,-0.019052858190609187,-0.01911547513304951,3.469446951953614e-18,-0.019745645337071245
development-ptv78-20220425-BCHUSDT,ptv78,2022-04-25T00:00:00+0000,2022-05-02T00:00:00+0000,2022-04-23T00:00:00+0000,BCHUSDT,Payment,22,-0.062057398538744306,-0.0664625518905988,-0.09135411910107877,-0.14956992771492408,-0.6116246579622996,0.6350074478007794,0.06266133152421441,-0.09135411910107877,3.0,307.38,283.66,0.25,0.0008133255254082894,21,-0.00037241229954183987,-0.0005681900214350728,-0.0192920814626846,-0.01958050621380697,2.0816681711721685e-17,-0.019952918513348808,-0.020061225707593194,-3.8163916471489756e-17,-0.020433638007135033,-0.020541945201379364,0.0,-0.021110135222814436
development-ptv78-20220425-SNXUSDT,ptv78,2022-04-25T00:00:00+0000,2022-05-02T00:00:00+0000,2022-04-23T00:00:00+0000,SNXUSDT,DeFi,22,-0.06478825671594571,-0.08404218947000422,-0.09449636954326258,-0.1383777385617084,-0.5670338996900625,1.4407650998078305,0.12241807689881393,-0.09449636954326258,2.0,5.87,4.812,0.25,0.04258943781942078,21,0.0005501254005185178,0.00023044988197946334,-0.04505962521294718,-0.0453325894378194,1.3877787807814457e-17,-0.04478246403730088,-0.045787556848381594,-3.469446951953614e-17,-0.045237431447863075,-0.04624252425894376,-2.0816681711721685e-17,-0.0460120743769643
development-ptv78-20220502-XMRUSDT,ptv78,2022-05-02T00:00:00+0000,2022-05-09T00:00:00+0000,2022-04-30T00:00:00+0000,XMRUSDT,PoW,22,-0.029905947370224,-0.05091185362963755,-0.09123350665587328,-0.15654643705731836,0.11126034469678765,0.5232909433207097,0.0793043246721182,-0.09123350665587328,3.0,211.72,216.88,0.25,0.0011808048365766106,22,0.00023202736985291874,-6.307082835941069e-05,0.006092952956735287,0.00578929718496124,-2.6020852139652106e-17,0.006021324554814158,0.005283207887776309,-8.673617379884035e-18,0.005515235257629227,0.004777118590591323,-1.3877787807814457e-17,0.004714047762231912
development-ptv78-20220502-XRPUSDT,ptv78,2022-05-02T00:00:00+0000,2022-05-09T00:00:00+0000,2022-04-30T00:00:00+0000,XRPUSDT,Payment,22,-0.04423400813790804,-0.06085569761401184,-0.10405785202367782,-0.13220901141309538,-0.23973556560538395,1.0169474798119362,0.08607914421529733,-0.10405785202367782,1.0,0.6066,0.5659,0.25,0.41213320145070886,22,-0.0003044645233843142,-0.0005196846304582715,-0.016773821299043867,-0.01706375700626442,3.469446951953614e-17,-0.017368221529648734,-0.01754699324925818,-2.42861286636753e-17,-0.017851457772642496,-0.018030229492251915,2.42861286636753e-17,-0.018549914122710186
development-ptv78-20220509-AAVEUSDT,ptv78,2022-05-09T00:00:00+0000,2022-05-16T00:00:00+0000,2022-05-07T00:00:00+0000,AAVEUSDT,DeFi,22,-0.06087997485292524,-0.061192954855974764,-0.09163071826531557,-0.1716382623594,-0.32075467115594614,1.0790718236584298,0.0893041053898668,-0.09163071826531557,3.0,125.84,92.01,0.25,0.001986649713922441,20,-6.6158218129426555e-06,-0.00023497305248714262,-0.06720835982199619,-0.06746803480610297,1.3877787807814457e-17,-0.06747465062791591,-0.06790086677129686,-1.3877787807814457e-17,-0.0679074825931098,-0.06833369873649076,1.3877787807814457e-17,-0.0685686717889779
development-ptv78-20220509-SNXUSDT,ptv78,2022-05-09T00:00:00+0000,2022-05-16T00:00:00+0000,2022-05-07T00:00:00+0000,SNXUSDT,DeFi,22,-0.06847849665154077,-0.08150870612036004,-0.09595865212419118,-0.1546162867140001,-0.5087948261894396,1.4573628658918636,0.1215905466615683,-0.09595865212419118,2.0,4.214,3.055,0.25,0.05932605600379686,20,0.001155288868925166,0.000577644434462583,-0.06875889890840059,-0.06901764356905554,-1.3877787807814457e-17,-0.06786235470013037,-0.06944892592548646,-2.7755575615628914e-17,-0.06829363705656129,-0.0698802082819174,5.551115123125783e-17,-0.06930256384745483
development-ptv78-20220516-XRPUSDT,ptv78,2022-05-16T00:00:00+0000,2022-05-23T00:00:00+0000,2022-05-14T00:00:00+0000,XRPUSDT,Payment,22,-0.0422483845642003,-0.04883541494435868,-0.10201839532182702,-0.1444484088359838,-0.08736534427374772,1.342224859660763,0.0813222844886175,-0.10201839532182702,1.0,0.4479,0.4216,0.25,0.5581603036392051,21,0.0005675637942711542,0.0002433738363792699,-0.01467961598571113,-0.01497080821611968,1.3877787807814457e-17,-0.014403244421848526,-0.01545613740790358,-2.6020852139652106e-17,-0.014888573613632427,-0.015941466599687454,-3.469446951953614e-18,-0.015698092763308184
development-ptv78-20220523-CRVUSDT,ptv78,2022-05-23T00:00:00+0000,2022-05-30T00:00:00+0000,2022-05-21T00:00:00+0000,CRVUSDT,DeFi,22,-0.09038783851922677,-0.06361563073036929,-0.09787813713911589,-0.17111526901545365,0.34977199102614437,0.48096230094191833,0.11384779322134089,-0.09787813713911589,3.0,1.272,1.254,0.25,0.19654088050314464,22,0.0004349443830589033,0.00011792042303383453,-0.003537735849056617,-0.0038356132075471616,1.0842021724855044e-17,-0.0034006688244882584,-0.004332077594339623,7.806255641895632e-18,-0.0038971332112807196,-0.004828541981132084,5.204170427930421e-18,-0.00471062155809825
development-ptv78-20220523-SNXUSDT,ptv78,2022-05-23T00:00:00+0000,2022-05-30T00:00:00+0000,2022-05-21T00:00:00+0000,SNXUSDT,DeFi,22,-0.0727113084911166,-0.09712475117904672,-0.09980762063125796,-0.1772244534731847,-1.1046891530709122,1.708465802441175,0.11222971896458499,-0.09980762063125796,2.0,2.724,2.603,0.25,0.09177679882525697,22,0.0006974380021864078,0.00033619921755257434,-0.011104992657856083,-0.01139832966226137,8.673617379884035e-18,-0.010700891660074962,-0.011887231332599113,-8.673617379884035e-18,-0.011189793330412706,-0.012376133002936829,3.469446951953614e-18,-0.012039933785384255
development-ptv78-20220530-AAVEUSDT,ptv78,2022-05-30T00:00:00+0000,2022-06-06T00:00:00+0000,2022-05-28T00:00:00+0000,AAVEUSDT,DeFi,22,-0.0460552760859461,-0.06461495362736897,-0.08942422174407827,-0.16640090384270984,-0.4608841555079779,1.0266617425531632,0.08438279450493277,-0.08942422174407827,3.0,95.38,103.57,0.25,0.002621094569092053,21,-0.00036825917995964485,-0.0006034850782368304,0.021466764520863935,0.02115388446215144,5.204170427930421e-17,0.020785625282191796,0.020632430577689265,2.0816681711721685e-17,0.02026417139772962,0.020110976693227145,3.8163916471489756e-17,0.019507491614990314
development-ptv78-20220530-XRPUSDT,ptv78,2022-05-30T00:00:00+0000,2022-06-06T00:00:00+0000,2022-05-28T00:00:00+0000,XRPUSDT,Payment,22,-0.03773961719677758,-0.04792402724430407,-0.11271106072054973,-0.10360780712154655,-0.0890571355789741,1.3787412553596168,0.08067995455670353,-0.11271106072054973,1.0,0.3888,0.3952,0.25,0.6430041152263375,21,-9.737741597839507e-05,-0.00026237878362152787,0.0041152263374485964,0.003812757201646144,4.2934406030425976e-17,0.003715379785667749,0.0033086444444445084,2.168404344971009e-17,0.0032112670284661134,0.0028045316872427617,-3.859759734048396e-17,0.002542152903621234
development-ptv78-20220606-SNXUSDT,ptv78,2022-06-06T00:00:00+0000,2022-06-13T00:00:00+0000,2022-06-04T00:00:00+0000,SNXUSDT,DeFi,22,-0.06115814727486111,-0.06891534642919961,-0.09571029430597301,-0.1669617615780458,-0.6932248253071228,2.1036720348536897,0.10606034926622802,-0.09571029430597301,2.0,2.606,2.215,0.25,0.09593246354566386,20,0.0010386495267915772,0.00047390738049287226,-0.03750959324635458,-0.03778708749040677,-1.3877787807814457e-17,-0.03674843796361519,-0.038249600402916334,-6.938893903907228e-18,-0.037210950876124756,-0.03871211331542593,5.551115123125783e-17,-0.03823820593493306
development-ptv78-20220613-AAVEUSDT,ptv78,2022-06-13T00:00:00+0000,2022-06-20T00:00:00+0000,2022-06-11T00:00:00+0000,AAVEUSDT,DeFi,22,-0.05727870598652241,-0.07048700144630415,-0.09651893396448209,-0.17189842183574977,-0.5201407630796149,0.8830675827894079,0.08710357937540525,-0.09651893396448209,2.0,70.25,54.05,0.25,0.0035587188612099642,21,0.0005135574260880746,0.00019382702300310673,-0.05765124555160142,-0.05791665480427047,0.0,-0.057403097378182395,-0.058359038149466136,6.938893903907228e-18,-0.057845480723378064,-0.05880142149466194,-6.938893903907228e-18,-0.058607594471658836
development-ptv78-20220613-XRPUSDT,ptv78,2022-06-13T00:00:00+0000,2022-06-20T00:00:00+0000,2022-06-11T00:00:00+0000,XRPUSDT,Payment,22,-0.03950814120463743,-0.04753122541493322,-0.10777987672847011,-0.10436223017196278,-0.07717841591323718,1.3717451935257845,0.08070682198401934,-0.10777987672847011,1.0,0.343,0.3261,0.25,0.7288629737609329,21,0.000320454381674344,6.496640770138482e-05,-0.012317784256559772,-0.012610393586005825,2.6020852139652106e-17,-0.01228993920433148,-0.013098083192419813,1.3877787807814457e-17,-0.012777628810745468,-0.013585772798833828,1.9081958235744878e-17,-0.013520806391132444
development-ptv78-20220620-SNXUSDT,ptv78,2022-06-20T00:00:00+0000,2022-06-27T00:00:00+0000,2022-06-18T00:00:00+0000,SNXUSDT,DeFi,22,-0.0625696011881608,-0.0671737849618954,-0.09941562208100714,-0.17645045547504992,-0.6535672450150046,2.1064396245233765,0.1058388564206948,-0.09941562208100714,3.0,2.088,2.664,0.25,0.11973180076628352,21,0.00645377651667767,0.0032208829096072858,0.06896551724137934,0.0686241379310345,0.0,0.07507791444771217,0.06805521379310342,-5.551115123125783e-17,0.07450899030978109,0.0674862896551724,0.0,0.07070717256477968
development-ptv78-20220627-AAVEUSDT,ptv78,2022-06-27T00:00:00+0000,2022-07-04T00:00:00+0000,2022-06-25T00:00:00+0000,AAVEUSDT,DeFi,22,-0.07980736088080412,-0.07275035250134532,-0.0980629529113047,-0.17046507401977645,-0.47134214222261833,0.6949260737184634,0.09006325688681051,-0.0980629529113047,2.0,65.35,57.6,0.25,0.003825554705432288,21,0.00023232700683316758,-6.0003343895843187e-05,-0.029648048967100216,-0.029930260137719905,4.163336342344337e-17,-0.029697933130886738,-0.030400629877582186,2.7755575615628914e-17,-0.03016830287074902,-0.030870999617444522,3.469446951953614e-18,-0.030931002961340364
development-ptv78-20220627-BCHUSDT,ptv78,2022-06-27T00:00:00+0000,2022-07-04T00:00:00+0000,2022-06-25T00:00:00+0000,BCHUSDT,Payment,22,-0.09457880486155068,-0.09110150197808613,-0.0976249318916162,-0.14048253053701465,-0.8680238731997967,-0.6828008265618201,0.06380237847544805,-0.0976249318916162,3.0,112.77,105.6,0.25,0.0022169016582424404,21,0.002391877336048776,0.001195938668024388,-0.01589518488959829,-0.01618564777866452,2.42861286636753e-17,-0.013793770442615743,-0.016669762130885862,-2.7755575615628914e-17,-0.014277884794837086,-0.017153876483107205,6.938893903907228e-18,-0.01595793781508282
development-ptv78-20220704-SNXUSDT,ptv78,2022-07-04T00:00:00+0000,2022-07-11T00:00:00+0000,2022-07-02T00:00:00+0000,SNXUSDT,DeFi,22,-0.043982466025964284,-0.05542918038016473,-0.0979084069616754,-0.1475945502002602,-0.22076118992031943,1.9658685576755004,0.11672007279369755,-0.0979084069616754,2.0,2.587,2.441,0.25,0.09663703131039814,22,0.0011897557579920658,0.0005531920870245892,-0.014109006571318167,-0.014400541167375353,1.9081958235744878e-17,-0.013210785409383287,-0.014886440626208003,-2.6020852139652106e-17,-0.013696684868215937,-0.015372340085040598,-1.214306433183765e-17,-0.014819147998016008
development-ptv78-20220711-AAVEUSDT,ptv78,2022-07-11T00:00:00+0000,2022-07-18T00:00:00+0000,2022-07-09T00:00:00+0000,AAVEUSDT,DeFi,22,-0.06870249946909557,-0.07531796722684286,-0.09655741383151538,-0.17839668894935506,-0.6120995719764349,0.8594110546346789,0.08947414652264056,-0.09655741383151538,3.0,77.79,88.26,0.25,0.0032137806916056047,20,0.00012037924182239617,-0.00013888473842486185,0.03364828384111068,0.03332809487080601,0.0,0.03344847411262841,0.03279446677593517,-4.163336342344337e-17,0.03291484601775757,0.032260838681064385,-2.7755575615628914e-17,0.032121953942639524
development-ptv78-20220711-BCHUSDT,ptv78,2022-07-11T00:00:00+0000,2022-07-18T00:00:00+0000,2022-07-09T00:00:00+0000,BCHUSDT,Payment,22,-0.09623408885798085,-0.09111001488689792,-0.10161468975021767,-0.14352800621522893,-0.8265812082496239,-0.6405080401685721,0.06534234115200308,-0.10161468975021767,2.0,106.76,110.17,0.25,0.002341701011614837,20,0.0005872721983748027,0.00017206007789455146,0.0079852004496066,0.007680409329336835,1.3877787807814457e-17,0.008267681527711637,0.007172428920007523,1.5612511283791264e-17,0.007759701118382326,0.006664448510678211,5.2909066017292616e-17,0.006836508588572763
development-ptv78-20220718-SNXUSDT,ptv78,2022-07-18T00:00:00+0000,2022-07-25T00:00:00+0000,2022-07-16T00:00:00+0000,SNXUSDT,DeFi,22,-0.04675280589772007,-0.07154627223283647,-0.10288007633988118,-0.14720674999116787,-0.6422415869110409,1.651501206441693,0.10037702640036922,-0.10288007633988118,2.0,2.655,3.419,0.25,0.09416195856873824,22,0.0006032546182769869,0.0001253389708939077,0.07193973634651601,0.07159657250470819,5.551115123125783e-17,0.07219982712298517,0.07102467593220346,2.7755575615628914e-17,0.07162793055048045,0.07045277935969874,5.551115123125783e-17,0.07057811833059265
development-ptv78-20220725-AAVEUSDT,ptv78,2022-07-25T00:00:00+0000,2022-08-01T00:00:00+0000,2022-07-23T00:00:00+0000,AAVEUSDT,DeFi,22,-0.06768016502176466,-0.07807293230035109,-0.10760146517843276,-0.17456036022587557,-0.6600684013597536,0.8541516491368039,0.09120924469324769,-0.10760146517843276,1.0,90.53,97.44,0.25,0.0027615155197172206,20,-0.00023452898222984706,-0.0004607717951143356,0.019082072241245973,0.01877062299790122,-1.3877787807814457e-17,0.018536094015671373,0.018251552374903335,-2.0816681711721685e-17,0.018017023392673488,0.01773248175190545,1.3877787807814457e-17,0.017271709956791115
development-ptv78-20220801-SNXUSDT,ptv78,2022-08-01T00:00:00+0000,2022-08-08T00:00:00+0000,2022-07-30T00:00:00+0000,SNXUSDT,DeFi,22,-0.057266733184110505,-0.06546978429811295,-0.10026470433397593,-0.14478142957155296,-0.42854144159139074,1.5396390905281405,0.10060478530605564,-0.10026470433397593,3.0,3.556,4.082,0.25,0.0703037120359955,21,0.00037530903802523205,4.1669940149595724e-05,0.03697975253093361,0.036657564679415056,-6.938893903907228e-18,0.03703287371744029,0.03612060711473564,-6.938893903907228e-18,0.03649591615276087,0.03558364955005627,1.3877787807814457e-17,0.03562531949020587
development-ptv78-20220808-AAVEUSDT,ptv78,2022-08-08T00:00:00+0000,2022-08-15T00:00:00+0000,2022-08-06T00:00:00+0000,AAVEUSDT,DeFi,22,-0.06748109740652697,-0.07817904865412176,-0.11590521141349627,-0.17735024120712253,-0.6780702320298878,0.8700007682466016,0.09101040873902193,-0.11590521141349627,1.0,101.22,107.38,0.25,0.0024698676150958308,21,-0.00017583923185473922,-0.0004343278923203917,0.01521438450899032,0.014905255878284951,3.642919299551295e-17,0.014729416646430212,0.014390050622406614,-3.9898639947466563e-17,0.014214211390551875,0.013874845366528332,-2.7755575615628914e-17,0.013440517474207941
development-ptv78-20220808-CRVUSDT,ptv78,2022-08-08T00:00:00+0000,2022-08-15T00:00:00+0000,2022-08-06T00:00:00+0000,CRVUSDT,DeFi,22,-0.10050061279566025,-0.07125369817114366,-0.11096475135589651,-0.1802582158336918,0.3492366171628236,0.2590628556857943,0.11755279994219624,-0.11096475135589651,2.0,1.402,1.387,0.25,0.1783166904422254,21,3.600397898844505e-05,-0.0003166312543427783,-0.0026747503566333652,-0.0029731455064193613,2.211772431870429e-17,-0.002937141527430916,-0.0034704723609129684,-1.691355389077387e-17,-0.0034344683819245232,-0.0039677992154065755,-1.6479873021779667e-17,-0.004284430469749354
development-ptv78-20220815-SNXUSDT,ptv78,2022-08-15T00:00:00+0000,2022-08-22T00:00:00+0000,2022-08-13T00:00:00+0000,SNXUSDT,DeFi,22,-0.052078199049633775,-0.06728097952918854,-0.0954914535714065,-0.14907726599130103,-0.4289805540019505,1.4356740324889743,0.103012980805772,-0.0954914535714065,1.0,3.814,3.106,0.25,0.06554798112218144,21,0.001853155536110088,0.000926577768055044,-0.04640797063450447,-0.04668012585212375,1.3877787807814457e-17,-0.04482697031601366,-0.04713374572627163,-1.3877787807814457e-17,-0.04528059019016154,-0.04758736560041951,1.3877787807814457e-17,-0.04666078783236447
development-ptv78-20220822-AAVEUSDT,ptv78,2022-08-22T00:00:00+0000,2022-08-29T00:00:00+0000,2022-08-20T00:00:00+0000,AAVEUSDT,DeFi,22,-0.06628344815884407,-0.06953873284497666,-0.08852760873869953,-0.1864524728809376,-0.4623020931040034,0.8856631097822747,0.08884949932042298,-0.08852760873869953,2.0,85.88,78.57,0.25,0.0029110386585933863,22,0.00047231937969515055,0.00015857578799364656,-0.021279692594317667,-0.02156692477876107,0.0,-0.02109460539906592,-0.022045657853982298,-2.0816681711721685e-17,-0.02157333847428715,-0.022524390929203525,3.469446951953614e-17,-0.022365815141209878
development-ptv78-20220822-CRVUSDT,ptv78,2022-08-22T00:00:00+0000,2022-08-29T00:00:00+0000,2022-08-20T00:00:00+0000,CRVUSDT,DeFi,22,-0.10211972401871763,-0.07204515029199557,-0.08533768013914546,-0.19564881107932985,0.31323040685086956,0.2886497379910503,0.1172904509287351,-0.08533768013914546,3.0,1.023,0.992,0.25,0.2443792766373412,22,0.0013393556476761733,0.00062653583561707,-0.007575757575757569,-0.007871212121212057,4.5102810375396984e-17,-0.006531856473535883,-0.00836364090909092,-3.2959746043559335e-17,-0.007024285261414746,-0.008856069696969643,2.949029909160572e-17,-0.008229533861352573
development-ptv78-20220829-RUNEUSDT,ptv78,2022-08-29T00:00:00+0000,2022-09-05T00:00:00+0000,2022-08-27T00:00:00+0000,RUNEUSDT,DeFi,22,-0.08772265174993929,-0.08544539075027258,-0.07973181453429688,-0.20885484843733332,-0.49090223274326916,0.865612543531308,0.11477561199854575,-0.07973181453429688,3.0,1.842,1.943,0.25,0.13572204125950055,20,-0.00048520948010618897,-0.0007278142201592834,0.013707926167209561,0.013399701411509257,3.122502256758253e-17,0.012914491931403068,0.012886001710097683,-4.5102810375396984e-17,0.012400792229991494,0.01237230200868622,2.2551405187698492e-17,0.011644487788526937
development-ptv78-20220829-SNXUSDT,ptv78,2022-08-29T00:00:00+0000,2022-09-05T00:00:00+0000,2022-08-27T00:00:00+0000,SNXUSDT,DeFi,22,-0.05027771130877716,-0.06386142636714326,-0.09490233155390106,-0.16119142956802235,-0.28098787965039707,1.3253994312881878,0.1038193846202797,-0.09490233155390106,1.0,2.968,2.979,0.25,0.08423180592991913,20,0.001134390097134729,0.0004591382565896353,0.0009265498652291093,0.0006259939353099875,4.228388472693467e-18,0.0017603840324447164,0.00012506794137473465,1.7672495411513722e-17,0.0012594580385094636,-0.0003758580525606292,3.220080452281948e-17,8.328020402900607e-05
development-ptv78-20220905-AAVEUSDT,ptv78,2022-09-05T00:00:00+0000,2022-09-12T00:00:00+0000,2022-09-03T00:00:00+0000,AAVEUSDT,DeFi,22,-0.05694484273503687,-0.06551486446518964,-0.08691740407258708,-0.18400654260218696,-0.3131562810965626,0.8040837140418603,0.08871237162207454,-0.08691740407258708,2.0,88.79,91.47,0.25,0.002815632391035026,21,-0.00034182258438377237,-0.0006132962346072166,0.007545894807973852,0.007241367271089094,2.949029909160572e-17,0.006899544686705322,0.0067338259038179915,-1.3010426069826053e-17,0.006392003319434219,0.006226284536546889,2.5153490401663703e-17,0.005612988301939672
development-ptv78-20220912-KAVAUSDT,ptv78,2022-09-12T00:00:00+0000,2022-09-19T00:00:00+0000,2022-09-10T00:00:00+0000,KAVAUSDT,DeFi,22,-0.06607899181269244,-0.06825969509333987,-0.08292050028850874,-0.17346042606752476,-0.2532020353356754,0.6849096822113695,0.09071700049092729,-0.08292050028850874,3.0,1.723,1.4571,0.25,0.14509576320371445,21,0.0003890013381974898,-1.483884964884649e-05,-0.03858096343586767,-0.03885781485780612,3.469446951953614e-17,-0.03846881351960863,-0.039319257042948336,1.3877787807814457e-17,-0.038930255704750845,-0.03978069922809052,2.7755575615628914e-17,-0.03979553807773937
development-ptv78-20220912-SNXUSDT,ptv78,2022-09-12T00:00:00+0000,2022-09-19T00:00:00+0000,2022-09-10T00:00:00+0000,SNXUSDT,DeFi,22,-0.055749690532128776,-0.06269066849883784,-0.08951041366782102,-0.15620459777000742,-0.253644856439872,1.3112630567601258,0.10377879759273609,-0.08951041366782102,1.0,2.957,2.436,0.25,0.08454514710855597,21,0.001010771022833911,0.0004499110581313536,-0.044048021643557644,-0.04432159283057152,-6.938893903907228e-18,-0.04331082180773761,-0.044777571237740954,-2.0816681711721685e-17,-0.043766800214907045,-0.04523354964491039,2.0816681711721685e-17,-0.044783638586779036
development-ptv78-20220919-AAVEUSDT,ptv78,2022-09-19T00:00:00+0000,2022-09-26T00:00:00+0000,2022-09-17T00:00:00+0000,AAVEUSDT,DeFi,23,-0.06265510554858092,-0.06476241452760498,-0.08153070987867317,-0.1820546096293003,-0.28876108147433255,0.8391821866766644,0.08879119986513985,-0.08153070987867317,2.0,72.99,73.54,0.25,0.0034251267296889986,21,-0.00017384636063762194,-0.00038189967326007697,0.0018838197013290037,0.0015826894095082311,4.0332320816460765e-17,0.0014088430488706093,0.0010808067200987481,1.1709383462843448e-17,0.0009069603594611262,0.0005789240306892096,2.482822974991805e-17,0.00019702435742913264
development-ptv78-20220919-RUNEUSDT,ptv78,2022-09-19T00:00:00+0000,2022-09-26T00:00:00+0000,2022-09-17T00:00:00+0000,RUNEUSDT,DeFi,23,-0.12834812536696058,-0.08570974698556588,-0.08067694286718426,-0.20940177310464764,-0.523448910011734,0.9034449867582759,0.11417721268717414,-0.08067694286718426,3.0,1.643,1.586,0.25,0.15216068167985392,21,-2.9857968540322578e-05,-0.00032735684667673464,-0.008673158855751678,-0.008967954960438201,1.214306433183765e-17,-0.008997812928978523,-0.009459287005477768,-5.204170427930421e-18,-0.00948914497401809,-0.009950619050517306,8.673617379884035e-18,-0.010277975897194041
development-ptv78-20221003-AAVEUSDT,ptv78,2022-10-03T00:00:00+0000,2022-10-10T00:00:00+0000,2022-10-01T00:00:00+0000,AAVEUSDT,DeFi,23,-0.07147932114703635,-0.06355997492757948,-0.08084113466630033,-0.17768862060676952,-0.26743587399501956,0.8470014681495379,0.08826787233232161,-0.08084113466630033,3.0,72.6,75.46,0.25,0.003443526170798898,20,-0.0004908543069083816,-0.0007362814603625723,0.009848484848484829,0.009542575757575777,2.2551405187698492e-17,0.009051721450667396,0.009032733181818131,-4.5102810375396984e-17,0.00854187887490975,0.008522890606060596,0.0,0.007786609145698024
development-ptv78-20221003-RUNEUSDT,ptv78,2022-10-03T00:00:00+0000,2022-10-10T00:00:00+0000,2022-10-01T00:00:00+0000,RUNEUSDT,DeFi,23,-0.13423459051971118,-0.08481429187981607,-0.08773621970054599,-0.20515381921596015,-0.5034609606833502,0.935147399840904,0.11321680844135963,-0.08773621970054599,1.0,1.498,1.605,0.25,0.16688918558077437,20,-0.00044144160319779704,-0.0006870623206342457,0.01785714285714285,0.017546428571428574,3.469446951953614e-18,0.017104986968230776,0.01702858214285713,-3.469446951953614e-17,0.01658714053965933,0.01651073571428574,1.3877787807814457e-17,0.015823673393651493
development-ptv78-20221010-KAVAUSDT,ptv78,2022-10-10T00:00:00+0000,2022-10-17T00:00:00+0000,2022-10-08T00:00:00+0000,KAVAUSDT,DeFi,23,-0.06996539515433053,-0.06499913768273279,-0.0766217949901296,-0.17840911601070078,-0.27676742178331293,0.7418439415758714,0.08709746580556783,-0.0766217949901296,3.0,1.5391,1.4056,0.25,0.1624325904749529,21,0.0002907695388978624,1.9890962964670915e-05,-0.021684750828406207,-0.02197173997790916,0.0,-0.021680970439011297,-0.022450068237931248,-2.7755575615628914e-17,-0.022159298699033384,-0.022928396497953335,1.3877787807814457e-17,-0.022908505534988664
development-ptv78-20221010-SNXUSDT,ptv78,2022-10-10T00:00:00+0000,2022-10-17T00:00:00+0000,2022-10-08T00:00:00+0000,SNXUSDT,DeFi,23,-0.05038884008688898,-0.06333101769490355,-0.08005602073923723,-0.1608524993082403,-0.32716745616835163,1.412915141864789,0.10319293836333829,-0.08005602073923723,2.0,2.248,2.282,0.25,0.11120996441281138,21,0.0010365622917570172,0.00045637209829352195,0.003781138790035554,0.003478870106761567,2.2551405187698492e-17,0.004515432398518584,0.002975091236654792,8.673617379884035e-19,0.0040116535284118095,0.002471312366548073,3.469446951953614e-17,0.0029276844648415947
development-ptv78-20221017-CRVUSDT,ptv78,2022-10-17T00:00:00+0000,2022-10-24T00:00:00+0000,2022-10-15T00:00:00+0000,CRVUSDT,DeFi,23,-0.08319281320613107,-0.08046890795307046,-0.07652257965285385,-0.20557482282024317,-0.019433264405009885,0.3559613165521723,0.11531078910741814,-0.07652257965285385,3.0,0.815,0.917,0.25,0.3067484662576687,21,-0.0002746946487319939,-0.0005273614550393407,0.03128834355828225,0.030969570552147274,6.938893903907228e-18,0.03069487590341528,0.030438300981595168,3.469446951953614e-18,0.030163606332863174,0.029907031411043006,3.8163916471489756e-17,0.029379669956003666
development-ptv78-20221017-RUNEUSDT,ptv78,2022-10-17T00:00:00+0000,2022-10-24T00:00:00+0000,2022-10-15T00:00:00+0000,RUNEUSDT,DeFi,23,-0.12096301462723029,-0.083259134834656,-0.08863993730928241,-0.20709838790126883,-0.46061840452072034,0.9174373444234059,0.11305913476093182,-0.08863993730928241,1.0,1.476,1.484,0.25,0.16937669376693767,21,-0.00042841998578551835,-0.0006611665540651168,0.0013550135501355087,0.0010542005420054457,2.42861286636753e-17,0.0006257805562199274,0.0005528463414634088,-3.230922474006803e-17,0.00012442635567789048,5.149214092142751e-05,4.2012834183813297e-17,-0.0006096744131436893
development-ptv78-20221024-BCHUSDT,ptv78,2022-10-24T00:00:00+0000,2022-10-31T00:00:00+0000,2022-10-22T00:00:00+0000,BCHUSDT,Payment,23,-0.07622777964962947,-0.07347147052681027,-0.07193866712272423,-0.14870622522718055,-0.42179100876571524,-0.7955940981702755,0.062474391835378736,-0.07193866712272423,3.0,110.74,116.11,0.25,0.002257540184215279,21,-9.074338286399224e-05,-0.0002673278107508739,0.012122990789236066,0.011815716994762526,1.0408340855860843e-17,0.011724973611898533,0.01130360127776775,-6.938893903907228e-18,0.011212857894903757,0.010791485560773029,3.2959746043559335e-17,0.010524157750022155
development-ptv78-20221024-SNXUSDT,ptv78,2022-10-24T00:00:00+0000,2022-10-31T00:00:00+0000,2022-10-22T00:00:00+0000,SNXUSDT,DeFi,23,-0.05355534370729511,-0.05848460497244855,-0.07377371924257302,-0.16109840762602162,-0.16767954634554405,1.3341577446441697,0.10308278971449054,-0.07377371924257302,2.0,2.267,2.442,0.25,0.11027790030877813,21,-0.00016711282674253424,-0.0003426385867442049,0.019298632554036188,0.018987053374503793,1.3877787807814457e-17,0.01881994054776126,0.018467766321129342,2.7755575615628914e-17,0.01830065349438681,0.01794847926775478,2.42861286636753e-17,0.017605840681010575
development-ptv78-20221031-RUNEUSDT,ptv78,2022-10-31T00:00:00+0000,2022-11-07T00:00:00+0000,2022-10-29T00:00:00+0000,RUNEUSDT,DeFi,23,-0.11675460620464644,-0.09276986647002039,-0.08954852174220615,-0.2143759356817057,-0.9245771244863497,0.971183046987964,0.1020332444732878,-0.08954852174220615,1.0,1.555,1.606,0.25,0.1607717041800643,21,-0.0005096651024625884,-0.0007644976536938826,0.008199356913183298,0.007894437299035384,-1.0408340855860843e-17,0.007384772196572796,0.007386242861736392,-8.673617379884035e-18,0.006876577759273804,0.006878048424437344,1.0408340855860843e-17,0.006113550770743462
development-ptv78-20221107-BCHUSDT,ptv78,2022-11-07T00:00:00+0000,2022-11-14T00:00:00+0000,2022-11-05T00:00:00+0000,BCHUSDT,Payment,23,-0.08033001730078654,-0.06907272458293201,-0.07955086649685368,-0.14398716389829647,-0.3124420004923129,-0.9042683371710859,0.06162233486168888,-0.07955086649685368,2.0,116.54,99.45,0.25,0.0021451862021623475,22,0.0007512170336583504,0.00027393156355689813,-0.03666123219495454,-0.03693923545563754,6.938893903907228e-18,-0.03618801842197919,-0.03740259622018191,-6.938893903907228e-18,-0.03665137918652356,-0.03786595698472625,2.0816681711721685e-17,-0.03759202542116935
development-ptv78-20221107-SNXUSDT,ptv78,2022-11-07T00:00:00+0000,2022-11-14T00:00:00+0000,2022-11-05T00:00:00+0000,SNXUSDT,DeFi,23,-0.04744151238702817,-0.057056720866231495,-0.07024092351903173,-0.15854263150090359,-0.0966905788604922,1.2840685673754104,0.10342643679937763,-0.07024092351903173,3.0,2.511,1.572,0.25,0.09956192751891677,22,0.0017622271613230284,0.0007787376566441407,-0.09348864994026285,-0.09373255675029868,1.3877787807814457e-17,-0.09197032958897565,-0.09413912419354836,0.0,-0.09237689703222533,-0.09454569163679807,1.3877787807814457e-17,-0.09376695398015393
development-ptv78-20221114-RUNEUSDT,ptv78,2022-11-14T00:00:00+0000,2022-11-21T00:00:00+0000,2022-11-12T00:00:00+0000,RUNEUSDT,DeFi,23,-0.09658068407967918,-0.08820155168979285,-0.09219884205516107,-0.22673642938345645,-0.8047060426105047,0.950747971449745,0.10100571825643005,-0.09219884205516107,1.0,1.131,1.152,0.25,0.22104332449160036,20,-0.0005194508903625111,-0.0007791763355437667,0.004641909814323608,0.004339124668435057,6.418476861114186e-17,0.003819673778072546,0.003834485543766586,-1.3877787807814457e-17,0.003315034653404075,0.0033298464190981147,6.938893903907228e-18,0.002550670083554348
development-ptv78-20221114-SOLUSDT,ptv78,2022-11-14T00:00:00+0000,2022-11-21T00:00:00+0000,2022-11-12T00:00:00+0000,SOLUSDT,Layer-1,23,-0.1650847139254894,-0.1351056597258103,-0.07531524715157811,-0.26046033851544564,-1.1562005191283191,-2.323136331848864,0.10906676456595943,-0.07531524715157811,3.0,13.125,12.252,0.25,0.01904761904761905,59,0.010503174412079895,0.0052043304177685195,-0.01662857142857141,-0.01691859428571421,6.245004513516506e-17,-0.006415419873634316,-0.017401975691428512,2.7755575615628914e-17,-0.006898801279348617,-0.017885357097142812,2.42861286636753e-17,-0.012681026679374293
development-ptv78-20221121-SNXUSDT,ptv78,2022-11-21T00:00:00+0000,2022-11-28T00:00:00+0000,2022-11-19T00:00:00+0000,SNXUSDT,DeFi,23,-0.04596869185123604,-0.05821539139920591,-0.07955846845696155,-0.17900002428706766,-0.05709563787524617,1.1615490636399237,0.10536857637618051,-0.07955846845696155,3.0,1.664,1.67,0.25,0.1502403846153846,21,0.0004470366789299129,0.0001497734644013897,0.0009014423076922906,0.0006009014423076775,-1.5612511283791264e-17,0.0010479381212375903,0.00010000054086534149,-5.171644362755856e-17,0.0005470372197952544,-0.000400900360576939,-3.230922474006803e-17,-0.0002511268961755493
development-ptv78-20221128-BCHUSDT,ptv78,2022-11-28T00:00:00+0000,2022-12-05T00:00:00+0000,2022-11-26T00:00:00+0000,BCHUSDT,Payment,23,-0.06205165622365446,-0.061612624319648035,-0.06964732578824291,-0.14579402768038943,-0.16189409437033275,-0.5850154095255056,0.06500830388284223,-0.06964732578824291,3.0,111.08,110.94,0.25,0.002250630176449406,21,0.0010245503000857578,0.0005122751500428789,-0.0003150882247029141,-0.0006148991717680741,2.222614453595284e-17,0.00040965112831768376,-0.0011145842725963084,-1.1058862159352145e-17,-9.00339725105506e-05,-0.0016142693734245428,1.973247953923618e-17,-0.0011019942233816639
development-ptv78-20221128-RUNEUSDT,ptv78,2022-11-28T00:00:00+0000,2022-12-05T00:00:00+0000,2022-11-26T00:00:00+0000,RUNEUSDT,DeFi,23,-0.08234249259878908,-0.08889313297192256,-0.09147041527327898,-0.22142704446088074,-0.7980508535645611,0.9364532796872713,0.10222503266034415,-0.09147041527327898,1.0,1.18,1.375,0.25,0.21186440677966104,21,-8.670327093669494e-05,-0.00030972791894646193,0.0413135593220339,0.040988771186440676,-2.0816681711721685e-17,0.04090206791550398,0.04044748241525431,2.7755575615628914e-17,0.04036077914431761,0.03990619364406783,6.938893903907228e-18,0.03959646572512137
development-ptv78-20221128-SOLUSDT,ptv78,2022-11-28T00:00:00+0000,2022-12-05T00:00:00+0000,2022-11-26T00:00:00+0000,SOLUSDT,Layer-1,23,-0.1663974491447268,-0.1369203695968055,-0.07775073708853983,-0.25547683135292576,-1.1638133745442034,-2.242786138213564,0.11039109612887893,-0.07775073708853983,2.0,14.097,13.7,0.25,0.017734269702773642,21,0.003963084376821461,0.001947754592809386,-0.00704050507200113,-0.007336280768957926,1.3877787807814457e-17,-0.003373196392136465,-0.007829244488188974,-3.122502256758253e-17,-0.0038661601113675137,-0.008322208207419995,1.5612511283791264e-17,-0.006374453614610609
development-ptv78-20221205-CRVUSDT,ptv78,2022-12-05T00:00:00+0000,2022-12-12T00:00:00+0000,2022-12-03T00:00:00+0000,CRVUSDT,DeFi,23,-0.08168149549113557,-0.0935301700077942,-0.07480956813884389,-0.22208169310981324,-0.49350756123054684,0.23492329269332127,0.10507719486603133,-0.07480956813884389,3.0,0.669,0.628,0.25,0.37369207772795215,22,0.00010421958181113604,-0.00021308356474517937,-0.015321375186846065,-0.015612182361733923,2.2551405187698492e-17,-0.015507962779922786,-0.016096870179372197,-3.122502256758253e-17,-0.01599265059756106,-0.01658155799701047,-3.469446951953614e-18,-0.01679464156175565
development-ptv78-20221212-RUNEUSDT,ptv78,2022-12-12T00:00:00+0000,2022-12-19T00:00:00+0000,2022-12-10T00:00:00+0000,RUNEUSDT,DeFi,23,-0.07898331666328214,-0.074665593172595,-0.08036739551771983,-0.20229991343137665,-0.3768232349010268,0.8593127431301951,0.10052977535781803,-0.08036739551771983,2.0,1.376,1.319,0.25,0.18168604651162792,21,-0.00022787774235586848,-0.0004475602095391989,-0.010356104651162767,-0.010649890988372046,3.8163916471489756e-17,-0.010877768730727915,-0.011139541097383715,-2.2551405187698492e-17,-0.011367418839739584,-0.0116291912063953,3.9898639947466563e-17,-0.012076751415934499
development-ptv78-20221212-SOLUSDT,ptv78,2022-12-12T00:00:00+0000,2022-12-19T00:00:00+0000,2022-12-10T00:00:00+0000,SOLUSDT,Layer-1,23,-0.15742098229217788,-0.1404819615740435,-0.0832943879637516,-0.2525840423464774,-1.3149486384630942,-2.629156007077468,0.10579535373173075,-0.0832943879637516,1.0,13.407,12.37,0.25,0.018646975460580292,21,0.0003746742798784366,-4.837333063585444e-05,-0.019336913552621793,-0.019625311404490198,1.0408340855860843e-17,-0.01925063712461176,-0.020105986093085726,-1.3877787807814457e-17,-0.019731311813207288,-0.020586660781681254,-4.163336342344337e-17,-0.020635034112317107
development-ptv78-20221219-CRVUSDT,ptv78,2022-12-19T00:00:00+0000,2022-12-26T00:00:00+0000,2022-12-17T00:00:00+0000,CRVUSDT,DeFi,22,-0.05826226035669484,-0.09901191612981713,-0.07241523403060553,-0.2291725399497444,-0.7939741230597239,0.24221463047384006,0.0989514004363604,-0.07241523403060553,3.0,0.548,0.521,0.25,0.45620437956204374,20,0.001182156715395027,0.0004769285246683165,-0.012317518248175202,-0.012610127737226279,8.673617379884035e-18,-0.011427971021831252,-0.013097817609489054,0.0,-0.011915660894094028,-0.01358550748175183,-6.938893903907228e-18,-0.013108578957083512
development-ptv78-20221226-RUNEUSDT,ptv78,2022-12-26T00:00:00+0000,2023-01-02T00:00:00+0000,2022-12-24T00:00:00+0000,RUNEUSDT,DeFi,22,-0.060704763303692275,-0.07151100291534937,-0.07752877560111213,-0.2042284714687444,-0.28394112969641444,0.8075676538855675,0.09982113250037053,-0.07752877560111213,2.0,1.385,1.287,0.25,0.18050541516245489,22,-0.0003781776373596029,-0.0006273868138058665,-0.017689530685920607,-0.017978916967509,4.163336342344337e-17,-0.018357094604868604,-0.018461238050541506,-1.0408340855860843e-17,-0.01883941568790111,-0.01894355913357401,1.3877787807814457e-17,-0.01957094594737988
development-ptv78-20221226-SOLUSDT,ptv78,2022-12-26T00:00:00+0000,2023-01-02T00:00:00+0000,2022-12-24T00:00:00+0000,SOLUSDT,Layer-1,22,-0.18146838609711463,-0.14161092408784792,-0.08578334703025464,-0.2606284046884004,-1.3785980854150102,-2.6385976574523773,0.10471756927121847,-0.08578334703025464,1.0,11.372,9.977,0.25,0.02198381990854731,22,0.00414967738554322,0.002050386393813643,-0.030667428772423483,-0.03094902831516,3.469446951953614e-17,-0.02679935092961678,-0.031418379286844794,1.3877787807814457e-17,-0.027268701901301574,-0.0318877302585297,6.938893903907228e-18,-0.029837343864716058
development-ptv78-20230102-KAVAUSDT,ptv78,2023-01-02T00:00:00+0000,2023-01-09T00:00:00+0000,2022-12-31T00:00:00+0000,KAVAUSDT,DeFi,21,-0.10841505899658493,-0.0740826193604257,-0.07896697788010973,-0.2022639677120733,-0.5948764824308027,0.8221616844295392,0.08520856038846308,-0.07896697788010973,2.0,0.5361,0.6819,0.25,0.46633090841260955,20,0.0049576991301763665,0.002399620018461994,0.06799104644655846,0.0676502518186905,-1.3877787807814457e-17,0.07260795094886686,0.06708230156687184,0.0,0.0720400006970482,0.06651435131505312,0.0,0.06891397133351512
development-ptv78-20230109-RUNEUSDT,ptv78,2023-01-09T00:00:00+0000,2023-01-16T00:00:00+0000,2023-01-07T00:00:00+0000,RUNEUSDT,DeFi,21,-0.06594940714523168,-0.07131595674040622,-0.08003480238919798,-0.19703225195122553,-0.23043243786675086,0.7280991392248504,0.10113078493136544,-0.08003480238919798,2.0,1.421,1.752,0.25,0.17593244194229415,21,-0.0009430741577741378,-0.0014146112366612072,0.05823363828289935,0.057898698099929646,2.0816681711721685e-17,0.05695562394215551,0.057340499401829725,1.3877787807814457e-17,0.05639742524405559,0.05678230070372975,-2.0816681711721685e-17,0.05536768946706854
development-ptv78-20230109-SOLUSDT,ptv78,2023-01-09T00:00:00+0000,2023-01-16T00:00:00+0000,2023-01-07T00:00:00+0000,SOLUSDT,Layer-1,21,-0.1673077467415428,-0.13399717103185338,-0.08563975129250127,-0.24797381604973817,-1.1297607071045164,-2.3064979774353205,0.10936616936033203,-0.08563975129250127,1.0,14.464,22.903,0.25,0.01728429203539823,21,-0.00019623041865855578,-0.0007792415381725128,0.14586214048672563,0.1454746232024336,0.0,0.14527839278377505,0.14482884857923117,-2.7755575615628914e-17,0.14463261816057263,0.14418307395602875,2.7755575615628914e-17,0.14340383241785623
development-ptv78-20230116-CRVUSDT,ptv78,2023-01-16T00:00:00+0000,2023-01-23T00:00:00+0000,2023-01-14T00:00:00+0000,CRVUSDT,DeFi,23,-0.07325611801367128,-0.09740278929010407,-0.07168915764664933,-0.21545655453552062,-0.7589504606734413,0.30587430941079585,0.09825735667278022,-0.07168915764664933,3.0,0.834,1.074,0.25,0.2997601918465228,21,-0.000641182766390048,-0.000961774149585072,0.07194244604316552,0.07159928057553966,5.551115123125783e-17,0.0709580978091496,0.07102738129496411,1.3877787807814457e-17,0.07038619852857406,0.07045548201438856,5.551115123125783e-17,0.0694937078648035
development-ptv78-20230116-KAVAUSDT,ptv78,2023-01-16T00:00:00+0000,2023-01-23T00:00:00+0000,2023-01-14T00:00:00+0000,KAVAUSDT,DeFi,23,-0.0909858082721477,-0.07588262705312673,-0.07779284599095199,-0.19496794149828803,-0.7195164577746231,0.7948683530870982,0.08031836539344127,-0.07779284599095199,1.0,0.8518,0.9994,0.25,0.29349612585113877,21,0.0007146071900905143,-6.169846832343283e-05,0.04332002817562808,0.042994036158722715,2.0816681711721685e-17,0.04370864334881323,0.042450742122564,1.3877787807814457e-17,0.04316534931265451,0.041907448086405286,3.469446951953614e-17,0.04184574961808185
development-ptv78-20230123-SOLUSDT,ptv78,2023-01-23T00:00:00+0000,2023-01-30T00:00:00+0000,2023-01-21T00:00:00+0000,SOLUSDT,Layer-1,23,-0.13497001348157203,-0.11313087302419544,-0.07800540441143922,-0.19413048688759355,-0.6735075591998162,-1.203072917938859,0.12194117395056797,-0.07800540441143922,1.0,24.196,26.09,0.25,0.01033228632831873,21,-0.0005183007396082843,-0.0007774511094124268,0.019569350305835675,0.019257608695652184,2.7755575615628914e-17,0.0187393079560439,0.01873805108695653,-6.938893903907228e-18,0.018219750347348247,0.018218493478260878,2.0816681711721685e-17,0.017441042368848452
development-ptv78-20230130-KAVAUSDT,ptv78,2023-01-30T00:00:00+0000,2023-02-06T00:00:00+0000,2023-01-28T00:00:00+0000,KAVAUSDT,DeFi,23,-0.07609761880423677,-0.06957847171162733,-0.0780231419108117,-0.1684598593558989,-0.47634783244666945,0.7489844003023766,0.0835047073910174,-0.0780231419108117,2.0,1.0335,0.9677,0.25,0.24189646831156264,21,-0.0006116150200289066,-0.0009174225300433599,-0.01591678761490084,-0.016207237542331887,1.3877787807814457e-17,-0.016818852562360792,-0.01669133030478956,-6.938893903907228e-18,-0.017302945324818464,-0.01717542306724723,2.42861286636753e-17,-0.018092845597290592
development-ptv78-20230130-RUNEUSDT,ptv78,2023-01-30T00:00:00+0000,2023-02-06T00:00:00+0000,2023-01-28T00:00:00+0000,RUNEUSDT,DeFi,23,-0.04970191238296312,-0.06615447279450695,-0.07254278356883254,-0.17057148616825185,-0.13381626741356173,0.7971930911208713,0.09911243616620849,-0.07254278356883254,3.0,1.914,1.778,0.25,0.13061650992685475,21,-0.0009023819977699974,-0.001353572996654996,-0.017763845350052238,-0.0180531870428422,3.469446951953614e-18,-0.018955569040612196,-0.018535433855799366,-3.122502256758253e-17,-0.01943781585356936,-0.019017680668756504,-1.0408340855860843e-17,-0.0203712536654115
development-ptv78-20230206-SOLUSDT,ptv78,2023-02-06T00:00:00+0000,2023-02-13T00:00:00+0000,2023-02-04T00:00:00+0000,SOLUSDT,Layer-1,23,-0.12983107314539166,-0.11590767745293007,-0.07955487163138014,-0.19775174896231873,-0.7845017800550136,-1.1694481435892288,0.12145423583198768,-0.07955487163138014,1.0,23.465,21.484,0.25,0.010654165778819518,21,0.0003304171148727647,-3.723095030105638e-05,-0.021105902407841437,-0.02139323886639674,0.0,-0.021062821751523977,-0.021872145627530343,-1.0408340855860843e-17,-0.02154172851265758,-0.022351052388663945,-2.0816681711721685e-17,-0.022388283338965
development-ptv78-20230213-KAVAUSDT,ptv78,2023-02-13T00:00:00+0000,2023-02-20T00:00:00+0000,2023-02-11T00:00:00+0000,KAVAUSDT,DeFi,23,-0.08842038443053711,-0.07142095889487714,-0.077112443771153,-0.17151479239272455,-0.5564526575603036,0.8187744927673888,0.08290796625282705,-0.077112443771153,2.0,0.8633,0.9291,0.25,0.28958647052009734,21,-0.0005472142647399515,-0.0008208213971099272,0.0190547897602224,0.018743356886366358,6.245004513516506e-17,0.018196142621626405,0.018224313529479952,0.0,0.01767709926474,0.0177052701725936,5.551115123125783e-17,0.016884448775483674
development-ptv78-20230213-RUNEUSDT,ptv78,2023-02-13T00:00:00+0000,2023-02-20T00:00:00+0000,2023-02-11T00:00:00+0000,RUNEUSDT,DeFi,23,-0.05180417767626219,-0.0638268380596283,-0.0708340758141961,-0.16976246832481096,-0.07146742973179199,0.803667717745564,0.09816789298653614,-0.0708340758141961,3.0,1.683,1.736,0.25,0.14854426619132502,21,-0.0005384021186868688,-0.0008076031780303031,0.007872846108140208,0.00756812240047533,-2.6020852139652106e-18,0.007029720281788461,0.0070602542780748845,3.469446951953614e-18,0.006521852159388016,0.006552386155674439,4.163336342344337e-17,0.005744782977644136
development-ptv78-20230227-KAVAUSDT,ptv78,2023-02-27T00:00:00+0000,2023-03-06T00:00:00+0000,2023-02-25T00:00:00+0000,KAVAUSDT,DeFi,23,-0.08581357385789241,-0.07271084667827077,-0.08032564622728511,-0.17063413962331764,-0.6340318510670604,0.8766483479445668,0.08188134150370398,-0.08032564622728511,2.0,0.8775,0.79,0.25,0.2849002849002849,21,-0.00036903624864980056,-0.0005989461184117948,-0.024928774928774905,-0.02521381766381761,2.7755575615628914e-17,-0.025582853912467413,-0.025688903846153827,-5.204170427930421e-17,-0.02605794009480363,-0.026163990028490014,-1.734723475976807e-17,-0.026762936146901808
development-ptv78-20230227-RUNEUSDT,ptv78,2023-02-27T00:00:00+0000,2023-03-06T00:00:00+0000,2023-02-25T00:00:00+0000,RUNEUSDT,DeFi,23,-0.04139219002565936,-0.06777141401371045,-0.07368223293851861,-0.17044161401138802,-0.19712958376879322,0.8728269271901546,0.09831458537410281,-0.07368223293851861,3.0,1.65,1.478,0.25,0.15151515151515152,21,-0.0004889261660796818,-0.0007333892491195228,-0.026060606060606062,-0.026344969696969672,1.734723475976807e-17,-0.026833895863049354,-0.026818924727272736,-4.5102810375396984e-17,-0.027307850893352418,-0.027292879757575744,6.938893903907228e-18,-0.02802626900669527
development-ptv78-20230306-SOLUSDT,ptv78,2023-03-06T00:00:00+0000,2023-03-13T00:00:00+0000,2023-03-04T00:00:00+0000,SOLUSDT,Layer-1,23,-0.12610871621649172,-0.11271269901846806,-0.09536421247937815,-0.19691865349698068,-0.7197219202411151,-1.209994829191832,0.12071990032978719,-0.09536421247937815,1.0,20.96,20.193,0.25,0.011927480916030533,21,0.0004595584670107419,0.00014216948499969344,-0.009148377862595425,-0.00944288883587785,6.938893903907228e-18,-0.008983330368867108,-0.009933745947041966,-1.5612511283791264e-17,-0.009474187480031225,-0.010424603058206111,2.0816681711721685e-17,-0.010282433573206417
development-ptv78-20230313-CRVUSDT,ptv78,2023-03-13T00:00:00+0000,2023-03-20T00:00:00+0000,2023-03-11T00:00:00+0000,CRVUSDT,DeFi,23,-0.06761040595568257,-0.07026048645708445,-0.06890095855943927,-0.17217405505411382,0.039582539316402224,0.2775883980709552,0.0995271626511142,-0.06890095855943927,3.0,0.952,1.018,0.25,0.26260504201680673,21,-0.000231776227871875,-0.00047289713981330103,0.017331932773109238,0.017021533613445383,-1.0408340855860843e-17,0.01678975738557351,0.016504212079831992,-6.938893903907228e-18,0.01627243585196012,0.015986890546218546,2.7755575615628914e-17,0.015513993406405245
development-ptv78-20230313-RUNEUSDT,ptv78,2023-03-13T00:00:00+0000,2023-03-20T00:00:00+0000,2023-03-11T00:00:00+0000,RUNEUSDT,DeFi,23,-0.044665451935763836,-0.08937901900471751,-0.0723185609547124,-0.18968682136745324,-0.8126828016185792,0.462819122509635,0.08213874667834414,-0.0723185609547124,2.0,1.33,1.452,0.25,0.18796992481203006,21,-0.0005563220898496241,-0.0008344831347744362,0.022932330827067637,0.022618571428571432,2.42861286636753e-17,0.022062249338721807,0.022095652857142878,1.734723475976807e-17,0.021539330767293252,0.021572734285714268,2.7755575615628914e-17,0.020738251150939833
development-ptv78-20230320-SOLUSDT,ptv78,2023-03-20T00:00:00+0000,2023-03-27T00:00:00+0000,2023-03-18T00:00:00+0000,SOLUSDT,Layer-1,23,-0.12941332012156068,-0.10872279773290053,-0.09929304848477397,-0.19828960897685893,-0.6153727946755609,-1.2719830756405748,0.12009704676652284,-0.09929304848477397,1.0,21.864,20.929,0.25,0.011434321258690084,21,-0.0002250118086315873,-0.0004385489307188694,-0.010691090376875267,-0.010984675722649107,2.42861286636753e-17,-0.011209687531280694,-0.011473991046926452,-1.5612511283791264e-17,-0.01169900285555804,-0.011963306371203825,3.9898639947466563e-17,-0.012401855301922693
development-ptv78-20230327-CRVUSDT,ptv78,2023-03-27T00:00:00+0000,2023-04-03T00:00:00+0000,2023-03-25T00:00:00+0000,CRVUSDT,DeFi,23,-0.05810236375672814,-0.07015073988453664,-0.07129501369807655,-0.17576883595159637,0.035707140714249457,0.28640601529594034,0.09927249379266231,-0.07129501369807655,2.0,0.932,0.906,0.25,0.26824034334763946,22,-0.00031075161975971036,-0.0005435467677370171,-0.006974248927038629,-0.007270064377682378,3.122502256758253e-17,-0.007580815997442088,-0.007763094313304714,-1.5612511283791264e-17,-0.008073845933064424,-0.00825612424892705,-1.734723475976807e-18,-0.008799671016664066
development-ptv78-20230327-KAVAUSDT,ptv78,2023-03-27T00:00:00+0000,2023-04-03T00:00:00+0000,2023-03-25T00:00:00+0000,KAVAUSDT,DeFi,23,-0.07987966347990302,-0.07114799170653756,-0.07089488362763913,-0.17744078512450423,-0.5123897196281041,0.9950665917497333,0.08999211379666773,-0.07089488362763913,3.0,0.865,0.8456,0.25,0.28901734104046245,22,-0.0001721814683966763,-0.0004354306488899278,-0.005606936416184954,-0.005903572254335215,3.729655473350135e-17,-0.006075753722731891,-0.006397968682080896,-8.673617379884035e-18,-0.006570150150477572,-0.006892365109826576,9.540979117872439e-18,-0.0073277957587165035
development-ptv78-20230403-RUNEUSDT,ptv78,2023-04-03T00:00:00+0000,2023-04-10T00:00:00+0000,2023-04-01T00:00:00+0000,RUNEUSDT,DeFi,23,-0.03314203895974763,-0.0922713779374504,-0.06991475631243499,-0.19765799518546529,-0.9845658817859803,0.37769013065498985,0.07696287954865966,-0.06991475631243499,3.0,1.436,1.588,0.25,0.17409470752089137,21,-0.0005684071303969359,-0.000852610695595404,0.026462395543175532,0.02614651810584967,6.591949208711867e-17,0.025578110975452734,0.025620071587743765,-4.5102810375396984e-17,0.02505166445734683,0.025093625069637915,1.734723475976807e-17,0.02424101437404251
development-ptv78-20230403-SOLUSDT,ptv78,2023-04-03T00:00:00+0000,2023-04-10T00:00:00+0000,2023-04-01T00:00:00+0000,SOLUSDT,Layer-1,23,-0.13237938137057187,-0.11217027285001041,-0.10077277255120823,-0.205619979611549,-0.7683167461765071,-1.305796605290713,0.11808990677037433,-0.10077277255120823,1.0,20.509,20.277,0.25,0.012189770344726705,21,-0.0002860710227364437,-0.00045029346813362853,-0.0028280267199765896,-0.003126329903944597,4.336808689942018e-18,-0.0034124009266810404,-0.0036235035740406485,-2.7321894746634712e-17,-0.003909574596777092,-0.004120677244136728,0.0,-0.004570970712270356
development-ptv78-20230410-CRVUSDT,ptv78,2023-04-10T00:00:00+0000,2023-04-17T00:00:00+0000,2023-04-08T00:00:00+0000,CRVUSDT,DeFi,23,-0.055323095303251676,-0.06945135925010201,-0.07192374695557248,-0.17111495872402116,0.08894934841662554,0.2727028261542316,0.10022955212849483,-0.07192374695557248,2.0,1.011,1.104,0.25,0.24727992087042536,20,-0.0004977360373392682,-0.0007466040560089022,0.0229970326409496,0.02268323442136505,1.3877787807814457e-17,0.02218549838402578,0.022160251186943702,0.0,0.021662515149604433,0.0216372679525223,-1.734723475976807e-17,0.020890663896513395
development-ptv78-20230410-KAVAUSDT,ptv78,2023-04-10T00:00:00+0000,2023-04-17T00:00:00+0000,2023-04-08T00:00:00+0000,KAVAUSDT,DeFi,23,-0.08380846763395491,-0.0764058210110031,-0.0706500656751496,-0.1809934844129792,-0.7403965725110042,1.1073646237973522,0.08628877226270924,-0.0706500656751496,3.0,0.8634,0.9535,0.25,0.28955293027565443,20,-0.0006299456905081075,-0.0009568097941591964,0.026088719017836492,0.025773065786425797,1.3877787807814457e-17,0.02514312009591769,0.025246992720639294,-5.898059818321144e-17,0.024617047030131185,0.024720919654852958,3.469446951953614e-17,0.02376410986069376
development-ptv78-20230417-RUNEUSDT,ptv78,2023-04-17T00:00:00+0000,2023-04-24T00:00:00+0000,2023-04-15T00:00:00+0000,RUNEUSDT,DeFi,23,-0.03028895727080849,-0.0837693947502865,-0.0679808052269869,-0.18269097619489072,-0.7318051138335632,0.2575980948207812,0.07646938903476158,-0.0679808052269869,3.0,1.683,1.375,0.25,0.14854426619132502,22,-0.0005534466407486632,-0.0008301699611229947,-0.04575163398692811,-0.046024183006535935,2.0816681711721685e-17,-0.046577629647284596,-0.046478458823529384,6.938893903907228e-18,-0.047031905464278045,-0.04693273464052286,2.0816681711721685e-17,-0.04776290460164585
development-ptv78-20230417-SOLUSDT,ptv78,2023-04-17T00:00:00+0000,2023-04-24T00:00:00+0000,2023-04-15T00:00:00+0000,SOLUSDT,Layer-1,23,-0.12930049456898604,-0.10810794996940556,-0.09751205535123804,-0.1949883360829548,-0.6091840886412074,-1.3244420786183748,0.11924289675385125,-0.09751205535123804,1.0,25.352,21.461,0.25,0.009861154938466394,22,-0.00042650013022379595,-0.0006792499362958826,-0.03836975386557276,-0.03864673201325336,4.85722573273506e-17,-0.03907323214347715,-0.03910838528124014,-1.3877787807814457e-17,-0.03953488541146393,-0.03957003854922689,2.0816681711721685e-17,-0.04024928848552277
development-ptv78-20230424-CRVUSDT,ptv78,2023-04-24T00:00:00+0000,2023-05-01T00:00:00+0000,2023-04-22T00:00:00+0000,CRVUSDT,DeFi,23,-0.06047536371625657,-0.07359747714702808,-0.07517610230536752,-0.17449169799742886,-0.11782796336839842,0.2905146162364779,0.09697469487140044,-0.07517610230536752,2.0,0.943,0.906,0.25,0.2651113467656416,20,3.2163338599390236e-05,-0.0002642236595511533,-0.009809119830328727,-0.010103234358430524,-3.469446951953614e-18,-0.010071071019831134,-0.010593431124072072,-1.3877787807814457e-17,-0.010561267785472683,-0.011083627889713676,6.938893903907228e-18,-0.011347851549264829
development-ptv78-20230501-RUNEUSDT,ptv78,2023-05-01T00:00:00+0000,2023-05-08T00:00:00+0000,2023-04-29T00:00:00+0000,RUNEUSDT,DeFi,23,-0.03890688280312811,-0.08488379801660248,-0.07757449273993441,-0.17819626241089465,-0.7772004112486969,0.2956796502552606,0.07607445884023045,-0.07757449273993441,3.0,1.34,1.28,0.25,0.18656716417910446,22,-0.0005189710468245149,-0.0007784565702367724,-0.011194029850746273,-0.011487313432835822,1.0408340855860843e-17,-0.012006284479660337,-0.011976126119402963,1.734723475976807e-18,-0.012495097166227478,-0.012464938805970133,8.673617379884035e-18,-0.013243395376206906
development-ptv78-20230501-SOLUSDT,ptv78,2023-05-01T00:00:00+0000,2023-05-08T00:00:00+0000,2023-04-29T00:00:00+0000,SOLUSDT,Layer-1,23,-0.12454174903932375,-0.10747926474290245,-0.0981436807354287,-0.19022432273390477,-0.5849001084234677,-1.326648553230357,0.11945301541249415,-0.0981436807354287,1.0,22.728,21.659,0.25,0.010999648011263638,22,-0.0002765785371009196,-0.00043210687260170945,-0.011758623724040851,-0.012051568549806435,-1.734723475976807e-18,-0.012328147086907354,-0.01253981698125664,-4.85722573273506e-17,-0.01281639551835756,-0.013028065412706819,1.214306433183765e-17,-0.013460172285308528
development-ptv78-20230508-CRVUSDT,ptv78,2023-05-08T00:00:00+0000,2023-05-15T00:00:00+0000,2023-05-06T00:00:00+0000,CRVUSDT,DeFi,23,-0.059482982740081736,-0.07254327013968623,-0.07270321465557165,-0.16607919077850364,-0.14942321882729562,0.2956979690964855,0.09513370215834524,-0.07270321465557165,3.0,0.887,0.805,0.25,0.2818489289740699,20,-0.0002555247565997463,-0.00046735754272073,-0.023111612175873708,-0.023397745208568188,6.938893903907228e-18,-0.023653269965167933,-0.023874647463359655,-4.85722573273506e-17,-0.0241301722199594,-0.024351549718151067,6.938893903907228e-18,-0.024818907260871798
development-ptv78-20230515-RUNEUSDT,ptv78,2023-05-15T00:00:00+0000,2023-05-22T00:00:00+0000,2023-05-13T00:00:00+0000,RUNEUSDT,DeFi,23,-0.03698292646200238,-0.07115491941520347,-0.0737251721301129,-0.14845060073209937,-0.5838344469710323,0.6056400445956773,0.07107415844847714,-0.0737251721301129,2.0,1.181,1.112,0.25,0.21168501270110077,21,-0.00023607180710078323,-0.0004092114331283129,-0.014606265876375951,-0.014897502116850092,2.6020852139652106e-17,-0.015133573923950875,-0.01538290461473324,1.734723475976807e-18,-0.015618976421834022,-0.015868307112616387,2.7755575615628914e-17,-0.0162775185457447
development-ptv78-20230515-SOLUSDT,ptv78,2023-05-15T00:00:00+0000,2023-05-22T00:00:00+0000,2023-05-13T00:00:00+0000,SOLUSDT,Layer-1,23,-0.015500069295992035,-0.10209130769351094,-0.09828011733063668,-0.16864646042941778,-0.4412189095851671,-1.4129279080312014,0.11889536630593986,-0.09828011733063668,1.0,20.915,19.604,0.25,0.011953143676786996,21,-0.0003335091392903168,-0.0005224299066043755,-0.015670571360267754,-0.015961169017451565,2.42861286636753e-17,-0.016294678156741883,-0.016445507848434127,1.0408340855860843e-17,-0.016779016987724445,-0.01692984667941666,2.0816681711721685e-17,-0.017452276586021036
development-ptv78-20230522-CRVUSDT,ptv78,2023-05-22T00:00:00+0000,2023-05-29T00:00:00+0000,2023-05-20T00:00:00+0000,CRVUSDT,DeFi,23,-0.040667395152366906,-0.06456629285504009,-0.07366997386375278,-0.14239612509427196,0.045443028632421285,0.2956081934022996,0.09211584127916296,-0.07366997386375278,3.0,0.835,0.86,0.25,0.29940119760479045,22,-0.0005319335781437127,-0.000797900367215569,0.007485029940119792,0.007180538922155755,5.898059818321144e-17,0.006648605344012042,0.0066730583832335655,-6.938893903907228e-18,0.006141124805089853,0.006165577844311376,-7.806255641895632e-18,0.005367677477095807
development-ptv78-20230529-RUNEUSDT,ptv78,2023-05-29T00:00:00+0000,2023-06-05T00:00:00+0000,2023-05-27T00:00:00+0000,RUNEUSDT,DeFi,23,-0.04121326738443943,-0.0648456000599311,-0.07541303555149775,-0.13917009591255514,-0.45223845796576456,0.6464452528629236,0.06900450699839203,-0.07541303555149775,3.0,1.167,1.173,0.25,0.21422450728363324,20,-0.00047487262307197947,-0.0007123089346079692,0.0012853470437018122,0.0009845758354756207,4.119968255444917e-17,0.0005097032124036411,0.0004832912596401395,3.735076484212563e-17,8.418636568160054e-06,-1.7993316195397124e-05,-2.17653586126465e-17,-0.0007303022508033663
development-ptv78-20230529-SOLUSDT,ptv78,2023-05-29T00:00:00+0000,2023-06-05T00:00:00+0000,2023-05-27T00:00:00+0000,SOLUSDT,Layer-1,23,-0.006567011331181503,-0.1010530032773784,-0.09828234206969882,-0.16321066438392962,-0.4110014648048177,-1.4274238159560957,0.11891555959864337,-0.09828234206969882,1.0,20.798,21.814,0.25,0.012020386575632274,20,-0.0005038620075247621,-0.0007557930112871432,0.012212712760842404,0.011905385133185897,-8.673617379884035e-18,0.011401523125661134,0.011393179748052706,-3.469446951953614e-17,0.010889317740527944,0.010880974362919571,3.9898639947466563e-17,0.010125181351632428
development-ptv78-20230605-CRVUSDT,ptv78,2023-06-05T00:00:00+0000,2023-06-12T00:00:00+0000,2023-06-03T00:00:00+0000,CRVUSDT,DeFi,23,-0.03848268738557768,-0.06238784389692659,-0.07802194208553027,-0.14071221478978874,0.07005170233517641,0.2906395574217059,0.09110933756045923,-0.07802194208553027,2.0,0.847,0.67,0.25,0.29515938606847697,22,8.49408094766824e-05,-0.00023872652524690077,-0.05224321133412041,-0.05251186540731992,6.938893903907228e-18,-0.05242692459784323,-0.052959653541912594,-1.3877787807814457e-17,-0.05287471273243591,-0.053407441676505324,-4.163336342344337e-17,-0.05364616820175223
development-ptv78-20230612-NEARUSDT,ptv78,2023-06-12T00:00:00+0000,2023-06-19T00:00:00+0000,2023-06-10T00:00:00+0000,NEARUSDT,Layer-1,23,-0.04829931309458051,-0.07984545135212509,-0.0771774014096894,-0.16197530743290808,-0.7841078709069389,0.20525367479049023,0.0659623477240573,-0.0771774014096894,3.0,1.208,1.236,0.25,0.20695364238410596,21,0.0003138337578536838,-2.8108822731995144e-06,0.005794701986754969,0.005491225165562941,2.168404344971009e-17,0.0058050589234166245,0.004985433940397355,-2.42861286636753e-17,0.0052992676982510385,0.004479642715231824,3.209238430557093e-17,0.0044768318329586245
development-ptv78-20230612-SOLUSDT,ptv78,2023-06-12T00:00:00+0000,2023-06-19T00:00:00+0000,2023-06-10T00:00:00+0000,SOLUSDT,Layer-1,23,-0.009236790232838916,-0.09580377328665926,-0.10053669584112565,-0.1680079677965453,-0.3322930095509639,-1.4773702519798404,0.1175800959503911,-0.10053669584112565,1.0,15.535,15.429,0.25,0.0160926939169617,21,6.607326963528483e-05,-6.143031622511746e-05,-0.0017058255551979373,-0.0020048020598648075,1.1709383462843448e-17,-0.0019387287902295227,-0.0025030972578049537,-4.2500725161431774e-17,-0.002437023988169669,-0.003001392455745072,1.734723475976807e-17,-0.00306282277197019
development-ptv78-20230619-AVAXUSDT,ptv78,2023-06-19T00:00:00+0000,2023-06-26T00:00:00+0000,2023-06-17T00:00:00+0000,AVAXUSDT,Layer-1,23,-0.024088724266405025,-0.03560573275645893,-0.07132404597415873,-0.10509264923029987,-0.07565087236512902,0.9260220077190745,0.051947035254905315,-0.07132404597415873,3.0,11.328,13.429,0.25,0.022069209039548024,21,-0.0002100197886677834,-0.0005065571326838785,0.0463674081920904,0.04603958774717515,-2.0816681711721685e-17,0.045829567958507365,0.04549324815942801,1.3877787807814457e-17,0.04528322837076023,0.04494690857168082,1.3877787807814457e-17,0.044440351438996946
development-ptv78-20230619-CRVUSDT,ptv78,2023-06-19T00:00:00+0000,2023-06-26T00:00:00+0000,2023-06-17T00:00:00+0000,CRVUSDT,DeFi,23,-0.0466956071165044,-0.05393502317411425,-0.08432137666498908,-0.11872273891932583,0.22718638416624176,0.38243778647857474,0.08763663096450743,-0.08432137666498908,2.0,0.623,0.702,0.25,0.4012841091492777,21,-9.798048023001608e-05,-0.0003639763257285313,0.031701444622792896,0.031382423756019295,4.163336342344337e-17,0.03128444327578928,0.030850741332263232,-3.122502256758253e-17,0.030752760852033215,0.030319058908507224,-1.0408340855860843e-17,0.02995508258277869
development-ptv78-20230626-NEARUSDT,ptv78,2023-06-26T00:00:00+0000,2023-07-03T00:00:00+0000,2023-06-24T00:00:00+0000,NEARUSDT,Layer-1,24,-0.03674098929785745,-0.08017837086416685,-0.07568284431619696,-0.15459441415958455,-0.8070806017957242,0.21558663184450774,0.0658151314503988,-0.07568284431619696,3.0,1.398,1.467,0.25,0.178826895565093,21,0.0002621957642629292,-6.477249470142168e-05,0.012339055793991471,0.012031652360515066,1.214306433183765e-17,0.012293848124777995,0.011519320708154535,-2.42861286636753e-17,0.011781516472417463,0.011006989055794059,3.8163916471489756e-17,0.010942216561092637
development-ptv78-20230626-SOLUSDT,ptv78,2023-06-26T00:00:00+0000,2023-07-03T00:00:00+0000,2023-06-24T00:00:00+0000,SOLUSDT,Layer-1,24,-0.00951476451113717,-0.10531425420119025,-0.10109624861775388,-0.17045148295418072,-0.6544318257995041,-1.5689611008134279,0.11399397468576583,-0.10109624861775388,1.0,16.949,19.454,0.25,0.01475013275119476,21,-0.0003688126576176529,-0.0005812307424910983,0.03694908254174284,0.03662691309221788,6.938893903907228e-17,0.03625810043460023,0.03608998617912562,-2.7755575615628914e-17,0.03572117352150797,0.03555305926603336,-2.0816681711721685e-17,0.03497182852354226
development-ptv78-20230703-CRVUSDT,ptv78,2023-07-03T00:00:00+0000,2023-07-10T00:00:00+0000,2023-07-01T00:00:00+0000,CRVUSDT,DeFi,24,-0.046767387642435966,-0.058301038297375436,-0.08731959522020966,-0.12051215012507477,0.03192823024576598,0.4834438854996468,0.08683610997686289,-0.08731959522020966,2.0,0.763,0.798,0.25,0.327653997378768,21,-0.00026406115287532764,-0.0005112673788621396,0.011467889908256867,0.011161009174311953,1.5612511283791264e-17,0.010896948021436625,0.010649548165137634,-1.3877787807814457e-17,0.010385487012262306,0.01013808715596326,-2.7755575615628914e-17,0.009626819777101121
development-ptv78-20230710-NEARUSDT,ptv78,2023-07-10T00:00:00+0000,2023-07-17T00:00:00+0000,2023-07-08T00:00:00+0000,NEARUSDT,Layer-1,24,-0.047804883352259755,-0.08033410006666399,-0.07873424644870111,-0.1488697656041626,-0.8160784949995974,0.24613292743358864,0.06522246986544529,-0.07873424644870111,3.0,1.326,1.445,0.25,0.1885369532428356,21,-0.0004061328103056184,-0.0006491109281918364,0.02243589743589741,0.022122435897435955,5.898059818321144e-17,0.021716303087130337,0.021600013461538503,1.734723475976807e-17,0.021193880651232885,0.021077591025640996,3.469446951953614e-18,0.02042848009744916
development-ptv78-20230710-SOLUSDT,ptv78,2023-07-10T00:00:00+0000,2023-07-17T00:00:00+0000,2023-07-08T00:00:00+0000,SOLUSDT,Layer-1,24,-0.0008529555129469929,-0.09700207792115026,-0.09453821323879362,-0.15762166702123975,-0.36213785078223015,-1.4787530886535858,0.11710586244238262,-0.09453821323879362,1.0,21.315,27.403,0.25,0.01172882946281961,21,-0.00036327972818053604,-0.0006693716137918761,0.07140511376964576,0.07106227070138399,1.3877787807814457e-17,0.07069899097320345,0.07049090843068262,0.0,0.07012762870250208,0.06991954615998125,4.163336342344337e-17,0.06925017454618937
development-ptv78-20230717-CRVUSDT,ptv78,2023-07-17T00:00:00+0000,2023-07-24T00:00:00+0000,2023-07-15T00:00:00+0000,CRVUSDT,DeFi,25,-0.04972220884373157,-0.06324979269437017,-0.08409127676301742,-0.12642339990849089,-0.2245927402879046,0.5806990966826607,0.08320315101998471,-0.08409127676301742,2.0,0.807,0.758,0.25,0.3097893432465923,21,0.00029200809697311033,-6.224384281143125e-05,-0.015179677819083026,-0.015470570012391549,3.8163916471489756e-17,-0.015178561915418439,-0.015955399442379198,-2.42861286636753e-17,-0.015663391345406088,-0.01644022887236679,0.0,-0.016502472715178223
development-ptv78-20230724-NEARUSDT,ptv78,2023-07-24T00:00:00+0000,2023-07-31T00:00:00+0000,2023-07-22T00:00:00+0000,NEARUSDT,Layer-1,25,-0.058945831509816436,-0.08103539347814423,-0.08075189891042031,-0.15014841645054003,-0.8795428546392239,0.22672262954286154,0.06325776776888518,-0.08075189891042031,2.0,1.453,1.394,0.25,0.17205781142463866,21,-0.0003272256723565898,-0.0005332092156924897,-0.010151410874053718,-0.010445320027529265,1.3877787807814457e-17,-0.010772545699885854,-0.010935174707501716,1.734723475976807e-18,-0.011262400379858305,-0.011425029387474223,1.214306433183765e-17,-0.011958238603166712
development-ptv78-20230724-SOLUSDT,ptv78,2023-07-24T00:00:00+0000,2023-07-31T00:00:00+0000,2023-07-22T00:00:00+0000,SOLUSDT,Layer-1,25,-0.03310312946849432,-0.09657429975529747,-0.09302197419761116,-0.1585084806343886,-0.27565298223952206,-1.3895573724256005,0.12016181100678246,-0.09302197419761116,1.0,24.752,24.236,0.25,0.010100193923723336,21,-0.00036958356740951037,-0.0005600854046351598,-0.005211700064641223,-0.005508573044602422,1.734723475976807e-17,-0.005878156612011932,-0.006003364471557804,-2.5153490401663703e-17,-0.006372948038967314,-0.0064981558985132415,-1.5612511283791264e-17,-0.007058241303148401
development-ptv78-20230731-CRVUSDT,ptv78,2023-07-31T00:00:00+0000,2023-08-07T00:00:00+0000,2023-07-29T00:00:00+0000,CRVUSDT,DeFi,24,-0.06641046221520157,-0.06373813607407232,-0.07490744358856578,-0.13220907205157176,-0.3084969564762468,0.6759214300380302,0.08049075468991355,-0.07490744358856578,3.0,0.631,0.612,0.25,0.39619651347068147,21,0.002293335718158954,0.0010031146796024566,-0.007527733755942956,-0.007823217115689368,2.0816681711721685e-17,-0.005529881397530414,-0.008315693898573645,8.673617379884035e-18,-0.006022358180414691,-0.008808170681457977,2.949029909160572e-17,-0.00780505600185552
development-ptv78-20230807-NEARUSDT,ptv78,2023-08-07T00:00:00+0000,2023-08-14T00:00:00+0000,2023-08-05T00:00:00+0000,NEARUSDT,Layer-1,24,-0.06012578456262055,-0.08035174463534639,-0.07741036397672643,-0.15473948625075556,-0.8778477362148303,0.17421189638844087,0.061286970559957014,-0.07741036397672643,3.0,1.338,1.339,0.25,0.18684603886397608,20,-0.0004474056759575112,-0.0006787584507892938,0.00018684603886393036,-0.00011326606875933232,3.054739620977909e-17,-0.0005606717447168435,-0.000613452802690595,-2.5478751053409354e-17,-0.0010608584786481062,-0.00111363953662183,-1.214306433183765e-17,-0.0017923979874111236
development-ptv78-20230807-SOLUSDT,ptv78,2023-08-07T00:00:00+0000,2023-08-14T00:00:00+0000,2023-08-05T00:00:00+0000,SOLUSDT,Layer-1,24,-0.029538106292594693,-0.09127110296283064,-0.09334686184818775,-0.15995586068128065,-0.16084935195224948,-1.5040590298302843,0.11887217104187182,-0.09334686184818775,1.0,23.183,24.217,0.25,0.010783763964974335,20,-0.00043926443376838094,-0.0006588966506525714,0.011150411939783444,0.010843721692619601,2.0816681711721685e-17,0.01040445725885122,0.01033257797092696,-4.336808689942018e-17,0.009893313537158579,0.009821434249234373,2.6020852139652106e-17,0.009162537598581802
development-ptv78-20230814-CRVUSDT,ptv78,2023-08-14T00:00:00+0000,2023-08-21T00:00:00+0000,2023-08-12T00:00:00+0000,CRVUSDT,DeFi,24,-0.07488324093161755,-0.0690334480264233,-0.07608326057456817,-0.14184703942328764,-0.4430231093765418,0.6885610320233753,0.0821271720827616,-0.07608326057456817,2.0,0.576,0.499,0.25,0.4340277777777778,22,-6.074576887690974e-05,-0.00033196649989787326,-0.03342013888888887,-0.03370008680555556,-2.0816681711721685e-17,-0.033760832574432464,-0.034166686718750006,-4.85722573273506e-17,-0.03422743248762691,-0.03463328663194443,1.3877787807814457e-17,-0.0349652531318423
development-ptv78-20230821-NEARUSDT,ptv78,2023-08-21T00:00:00+0000,2023-08-28T00:00:00+0000,2023-08-19T00:00:00+0000,NEARUSDT,Layer-1,24,-0.06451257582118569,-0.0799829395968063,-0.0739513486132087,-0.1454676717086745,-0.9263953423912432,0.1176844453099757,0.05657957871994483,-0.0739513486132087,3.0,1.167,1.177,0.25,0.21422450728363324,21,0.0008520889521392888,0.00035734954037305064,0.002142245072836335,0.0018409597257926236,-8.890457814381136e-18,0.0026930486779319124,0.0013388187660668405,-2.0599841277224584e-17,0.0021909077182061293,0.0008366778063410574,1.5395670849294163e-17,0.001194027346714108
development-ptv78-20230821-SOLUSDT,ptv78,2023-08-21T00:00:00+0000,2023-08-28T00:00:00+0000,2023-08-19T00:00:00+0000,SOLUSDT,Layer-1,24,-0.021460640484322675,-0.08994596268037455,-0.0882852808449366,-0.15147199505903325,-0.13276506214074174,-1.5330368610554619,0.11853894457424968,-0.0882852808449366,1.0,21.762,20.778,0.25,0.011487914713721166,21,0.00039810818068086116,0.00016937794975220455,-0.01130410807830165,-0.011597325613454612,5.377642775528102e-17,-0.011199217432773752,-0.012086028287841194,5.204170427930421e-18,-0.011687920107160334,-0.01257473096222772,5.377642775528102e-17,-0.012405353012475516
development-ptv78-20230828-CRVUSDT,ptv78,2023-08-28T00:00:00+0000,2023-09-04T00:00:00+0000,2023-08-26T00:00:00+0000,CRVUSDT,DeFi,24,-0.07255401942024708,-0.06845547037187481,-0.07655986114204501,-0.13202080500921878,-0.4991109032668289,0.8267232860191844,0.07970487759633389,-0.07655986114204501,2.0,0.46,0.434,0.25,0.5434782608695652,21,0.000409570542479674,-3.945281173940217e-05,-0.014130434782608697,-0.01442195652173911,3.2959746043559335e-17,-0.014012385979259436,-0.014907834565217382,-5.204170427930421e-18,-0.014498264022737708,-0.015393712608695626,1.3877787807814457e-17,-0.015433165420435027
development-ptv78-20230904-NEARUSDT,ptv78,2023-09-04T00:00:00+0000,2023-09-11T00:00:00+0000,2023-09-02T00:00:00+0000,NEARUSDT,Layer-1,20,-0.0653012665764069,-0.08332446393729687,-0.07950281483581564,-0.14617148549079959,-1.0001370017262987,0.22382618781242913,0.0565670773059163,-0.07950281483581564,2.0,1.124,1.15,0.25,0.22241992882562275,21,0.00010976363299968858,-0.00013492600366592523,0.005782918149466132,0.0054794483985764475,-2.0816681711721685e-17,0.005589212031576136,0.004973668950177923,6.938893903907228e-18,0.005083432583177612,0.004467889501779343,2.7755575615628914e-17,0.004332963498113418
development-ptv78-20230904-SOLUSDT,ptv78,2023-09-04T00:00:00+0000,2023-09-11T00:00:00+0000,2023-09-02T00:00:00+0000,SOLUSDT,Layer-1,20,-0.033962743440892035,-0.09016034954621055,-0.09069462183069513,-0.1510998830538992,-0.15295564757582017,-1.6035252327212355,0.11651826366306818,-0.09069462183069513,1.0,19.554,18.22,0.25,0.01278510790631073,21,0.0006153993172484926,0.00027133618247130955,-0.017055333947018497,-0.0173451007466503,-3.469446951953614e-18,-0.016729701429401805,-0.017828055645903645,-1.0408340855860843e-17,-0.01721265632865515,-0.01831101054515699,-2.42861286636753e-17,-0.018039674362685682
development-ptv78-20230918-NEARUSDT,ptv78,2023-09-18T00:00:00+0000,2023-09-25T00:00:00+0000,2023-09-16T00:00:00+0000,NEARUSDT,Layer-1,20,-0.06793912875016887,-0.08549584964712334,-0.07936831662292412,-0.14587318798822504,-1.073667792298388,0.2505886674388834,0.0559542665537154,-0.07936831662292412,2.0,1.095,1.095,0.25,0.22831050228310504,21,-7.710316811091321e-05,-0.00032739183763132423,0.0,-0.0002999999999999947,5.2583805365546965e-18,-0.00037710316811090795,-0.0007999999999999952,-1.474514954580286e-17,-0.0008771031681109084,-0.0012999999999999678,-6.938893903907228e-18,-0.0016273918376312922
development-ptv78-20230918-SOLUSDT,ptv78,2023-09-18T00:00:00+0000,2023-09-25T00:00:00+0000,2023-09-16T00:00:00+0000,SOLUSDT,Layer-1,20,-0.03677988006116166,-0.0937455569632604,-0.08979459637321503,-0.15204885718236177,-0.28285724788642025,-1.5430263699568312,0.11641307986110451,-0.08979459637321503,1.0,18.799,19.35,0.25,0.013298579711686792,21,3.3598459459488535e-05,-0.00015555063656945916,0.007327517421139462,0.0070231209106867976,3.2959746043559335e-17,0.007056719370146286,0.006515797789776123,6.938893903907228e-18,0.006549396249235612,0.006008474668865393,-2.688821387764051e-17,0.005852924032295934
development-ptv78-20231002-NEARUSDT,ptv78,2023-10-02T00:00:00+0000,2023-10-09T00:00:00+0000,2023-09-30T00:00:00+0000,NEARUSDT,Layer-1,21,-0.06227965725782418,-0.07878473131431953,-0.07794639338236976,-0.1378328437730925,-0.9390592924104422,0.20051797183959535,0.05358848307750841,-0.07794639338236976,2.0,1.161,1.092,0.25,0.21533161068044787,21,0.00028207029551658054,-1.0314400746016373e-05,-0.014857881136950885,-0.015148966408268738,-1.5612511283791264e-17,-0.014866896112752158,-0.015634117441860468,-3.469446951953614e-18,-0.015352047146343887,-0.016119268475452114,4.5102810375396984e-17,-0.01612958287619813
development-ptv78-20231002-SOLUSDT,ptv78,2023-10-02T00:00:00+0000,2023-10-09T00:00:00+0000,2023-09-30T00:00:00+0000,SOLUSDT,Layer-1,21,-0.029962174083175974,-0.09188892268363276,-0.0901883733664328,-0.14885404414197467,-0.213390669036939,-1.6034722425265402,0.1157966588213267,-0.0901883733664328,1.0,23.873,23.204,0.25,0.010472081430905207,21,0.000344917509223113,0.00010841522415776242,-0.007005822477275575,-0.007301618983789199,2.42861286636753e-17,-0.006956701474566086,-0.007794617364805412,1.734723475976807e-18,-0.007449699855582299,-0.008287615745821625,1.734723475976807e-17,-0.008179200521663862
development-ptv78-20231002-ZILUSDT,ptv78,2023-10-02T00:00:00+0000,2023-10-09T00:00:00+0000,2023-09-30T00:00:00+0000,ZILUSDT,PoW,21,-0.06887005934644307,-0.05482370484823698,-0.07347806043218998,-0.10751973087967107,-0.35992625156237057,0.8796707360538641,0.06285649282758321,-0.07347806043218998,3.0,0.01796,0.01688,0.25,13.919821826280623,21,-0.00012439870832266144,-0.00033139541986706576,-0.015033407572383084,-0.015324387527839628,3.2959746043559335e-17,-0.01544878623616229,-0.01580936314031181,-2.0816681711721685e-17,-0.015933761848634473,-0.016294338752783993,-2.7755575615628914e-17,-0.01662573417265106
development-ptv78-20231009-CRVUSDT,ptv78,2023-10-09T00:00:00+0000,2023-10-16T00:00:00+0000,2023-10-07T00:00:00+0000,CRVUSDT,DeFi,21,-0.07977427601646771,-0.06305699276382501,-0.0702566218989827,-0.12437234327739721,-0.39878442827376737,0.8617784112686361,0.07757856332628714,-0.0702566218989827,3.0,0.473,0.44,0.25,0.5285412262156448,21,-0.0004552718200308668,-0.0006829077300463004,-0.017441860465116255,-0.017731395348837192,3.469446951953614e-18,-0.01818666716886806,-0.018213963953488344,-1.3877787807814457e-17,-0.01866923577351921,-0.018696532558139523,-3.469446951953614e-18,-0.019379440288185824
development-ptv78-20231016-NEARUSDT,ptv78,2023-10-16T00:00:00+0000,2023-10-23T00:00:00+0000,2023-10-14T00:00:00+0000,NEARUSDT,Layer-1,21,-0.07417053813811283,-0.07464349435045804,-0.09080028582856156,-0.1339944523812602,-0.8521750480989054,0.21293041558104928,0.05214973028829879,-0.09080028582856156,1.0,1.027,1.056,0.25,0.24342745861733206,21,-0.0005187048454235638,-0.0007780572681353458,0.007059396299902654,0.006755160662122728,6.071532165918825e-18,0.006236455816699164,0.006248105501460599,-3.9898639947466563e-17,0.005729400656037035,0.005741050340798526,2.3418766925686896e-17,0.00496299307266318
development-ptv78-20231016-SOLUSDT,ptv78,2023-10-16T00:00:00+0000,2023-10-23T00:00:00+0000,2023-10-14T00:00:00+0000,SOLUSDT,Layer-1,21,-0.02733506742070263,-0.08916834547016673,-0.0867062338293083,-0.1463207756379108,-0.0873335319128045,-1.6162940250870361,0.11669110716948876,-0.0867062338293083,2.0,21.918,29.03,0.25,0.011406150196185783,21,0.00037114207984373685,8.749595685900573e-05,0.08112054019527332,0.08077186787115614,-1.3877787807814457e-17,0.08114300995099988,0.08019079600328505,-1.3877787807814457e-17,0.08056193808312878,0.07960972413541378,-4.163336342344337e-17,0.07969722009227279
development-ptv78-20231023-CRVUSDT,ptv78,2023-10-23T00:00:00+0000,2023-10-30T00:00:00+0000,2023-10-21T00:00:00+0000,CRVUSDT,DeFi,21,-0.0818419946104595,-0.06699539858802356,-0.07415804541276638,-0.12496250931055233,-0.5409356833479012,0.9521905645653643,0.07721114681791164,-0.07415804541276638,3.0,0.451,0.493,0.25,0.5543237250554324,21,-0.0005082961683260533,-0.0007685638533759979,0.023281596452328135,0.022967627494456744,-6.938893903907228e-18,0.02245933132613069,0.02244435986696225,-7.632783294297951e-17,0.021936063698636196,0.021921092239467865,2.42861286636753e-17,0.021152528386091867
development-ptv78-20231030-KAVAUSDT,ptv78,2023-10-30T00:00:00+0000,2023-11-06T00:00:00+0000,2023-10-28T00:00:00+0000,KAVAUSDT,DeFi,22,-0.058906610585716376,-0.07056811197841506,-0.07369368504582824,-0.12533397993201853,-0.6855573593138894,1.3569335652153136,0.08458017870707879,-0.07369368504582824,3.0,0.6667,0.7339,0.25,0.37498125093745316,21,0.0004187528259117294,-0.0001488455256972027,0.025198740062996883,0.024883620818959118,5.204170427930421e-17,0.025302373644870847,0.024358437198140126,-3.122502256758253e-17,0.024777190024051855,0.023833253577321134,3.469446951953614e-18,0.02368440805162393
development-ptv78-20231030-NEARUSDT,ptv78,2023-10-30T00:00:00+0000,2023-11-06T00:00:00+0000,2023-10-28T00:00:00+0000,NEARUSDT,Layer-1,22,-0.06474040036793408,-0.07305287867391619,-0.08261824001891113,-0.1314827882640339,-0.777906667841456,0.19207577925787986,0.05403980590122163,-0.08261824001891113,2.0,1.278,1.638,0.25,0.19561815336463223,21,-0.0009313384319787754,-0.0013970076479681633,0.07042253521126757,0.0700802816901408,-2.7755575615628914e-17,0.06914894325816202,0.0695099014084507,1.3877787807814457e-17,0.06857856297647193,0.0689395211267605,-2.7755575615628914e-17,0.06754251347879234
development-ptv78-20231030-SOLUSDT,ptv78,2023-10-30T00:00:00+0000,2023-11-06T00:00:00+0000,2023-10-28T00:00:00+0000,SOLUSDT,Layer-1,22,-0.01908219940208494,-0.08354116666973689,-0.08424715884287276,-0.13986209802462807,0.1122821834464604,-1.4724841767931238,0.12037194007746906,-0.08424715884287276,1.0,32.828,41.167,0.25,0.007615450225417326,21,-0.00039918747576887337,-0.0007378724403250452,0.06350523942975506,0.06316713628609721,0.0,0.06276794881032834,0.06260366914981114,0.0,0.062204481674042265,0.06204020201352506,3.469446951953614e-17,0.06130232957320001
development-ptv78-20231106-CRVUSDT,ptv78,2023-11-06T00:00:00+0000,2023-11-13T00:00:00+0000,2023-11-04T00:00:00+0000,CRVUSDT,DeFi,21,-0.08035165117750646,-0.06556974045840061,-0.07312341206487527,-0.12327110940824215,-0.481873607075695,0.9002236823391466,0.07752900183227224,-0.07312341206487527,3.0,0.565,0.631,0.25,0.4424778761061947,21,-0.0006901215638076991,-0.0010351823457115487,0.029203539823008884,0.028886017699115085,1.3877787807814457e-17,0.028195896135307385,0.02835683168141595,-1.3877787807814457e-17,0.02766671011760825,0.027827645663716816,-4.85722573273506e-17,0.026792463318005267
development-ptv78-20231113-NEARUSDT,ptv78,2023-11-13T00:00:00+0000,2023-11-20T00:00:00+0000,2023-11-11T00:00:00+0000,NEARUSDT,Layer-1,23,-0.05552064496885825,-0.06074658860982865,-0.07936482593957069,-0.08207512776887474,-0.557897848027738,0.6790474520063565,0.05376762069001539,-0.07936482593957069,1.0,1.704,1.988,0.25,0.1467136150234742,21,-0.0007496594491133363,-0.0011244891736700046,0.041666666666666685,0.04134166666666672,4.85722573273506e-17,0.040592007217553384,0.04080002500000002,-1.3877787807814457e-17,0.04005036555088668,0.04025838333333337,3.469446951953614e-17,0.03913389415966337
development-ptv78-20231113-SOLUSDT,ptv78,2023-11-13T00:00:00+0000,2023-11-20T00:00:00+0000,2023-11-11T00:00:00+0000,SOLUSDT,Layer-1,23,-0.0062643441631663015,-0.0072226429859341065,-0.07547235186255316,-0.032800774585509576,1.0195963807593784,1.48465647594009,0.09420286230911129,-0.07547235186255316,2.0,56.315,61.099,0.25,0.004439314569830419,21,-0.000921889766850852,-0.0013828346502762782,0.021237680902068734,0.020924938293527484,1.0408340855860843e-17,0.020003048526676632,0.020403713355234,3.469446951953614e-18,0.019481823588383147,0.019882488416940403,-2.0816681711721685e-17,0.018499653766664126
development-ptv78-20231120-ZECUSDT,ptv78,2023-11-20T00:00:00+0000,2023-11-27T00:00:00+0000,2023-11-18T00:00:00+0000,ZECUSDT,PoW,25,-0.06510210857601009,-0.06444118061387688,-0.06994777765546342,-0.09176191630496687,-0.5933904412918991,-0.5130762985978415,0.04531854414452034,-0.06994777765546342,3.0,29.25,29.57,0.25,0.008547008547008548,21,-0.0005207625166153847,-0.0007811437749230771,0.0027350427350427142,0.0024334017094017613,4.9439619065339e-17,0.0019126391927863765,0.0019306683076922848,-4.9439619065339e-17,0.0014099057910769,0.001427934905982975,4.90059381963448e-17,0.0006467911310598978
development-ptv78-20231127-CRVUSDT,ptv78,2023-11-27T00:00:00+0000,2023-12-04T00:00:00+0000,2023-11-25T00:00:00+0000,CRVUSDT,DeFi,24,-0.08033792226624505,-0.06330891851849962,-0.07057479814723608,-0.07868382336035226,-0.4491469840082346,0.7119566853206575,0.06897623201315163,-0.07057479814723608,2.0,0.581,0.604,0.25,0.43029259896729777,21,-0.0005491042222804218,-0.0008236563334206326,0.009896729776247837,0.00959079173838212,1.214306433183765e-17,0.0090416875161017,0.00908090094664371,-2.0816681711721685e-17,0.00853179672436329,0.008571010154905356,5.204170427930421e-18,0.007747353821484724
development-ptv78-20231127-NEARUSDT,ptv78,2023-11-27T00:00:00+0000,2023-12-04T00:00:00+0000,2023-11-25T00:00:00+0000,NEARUSDT,Layer-1,24,-0.03973090394129708,-0.03724319324679051,-0.06971027561546175,-0.07096570504726413,-0.13126738216909406,1.1218139442969657,0.05156271588532294,-0.06971027561546175,3.0,1.829,1.981,0.25,0.1366867140513942,21,-0.0005897901423918398,-0.0008846852135877597,0.020776380535811934,0.020463914707490483,3.469446951953614e-17,0.01987412456509864,0.01994315079278297,-3.469446951953614e-18,0.01935336065039113,0.019422386878075515,3.8163916471489756e-17,0.018537701664487757
development-ptv78-20231127-SOLUSDT,ptv78,2023-11-27T00:00:00+0000,2023-12-04T00:00:00+0000,2023-11-25T00:00:00+0000,SOLUSDT,Layer-1,24,0.0009701911237569166,0.0011393554325545008,-0.07327871047094478,-0.02834436733236216,1.137087750177332,1.6339915870655093,0.09282130792324296,-0.07327871047094478,1.0,57.593,63.02,0.25,0.004340805306200406,21,-0.0006484659314090744,-0.0009726988971136116,0.023557550396749616,0.023243415866511574,2.42861286636753e-17,0.0225949499351025,0.02271987245064505,1.0408340855860843e-17,0.022071406519235975,0.022196329034778528,2.0816681711721685e-17,0.021223630137664918
development-ptv78-20231204-ZECUSDT,ptv78,2023-12-04T00:00:00+0000,2023-12-11T00:00:00+0000,2023-12-02T00:00:00+0000,ZECUSDT,PoW,23,-0.06574924686005033,-0.07007990485320457,-0.06722708480612002,-0.09253448530985216,-0.6997435521329726,-0.656915668394584,0.045163324823644116,-0.06722708480612002,3.0,30.86,33.69,0.25,0.008101101749837978,21,-0.0017115579561009673,-0.002567336934151451,0.02292611795204147,0.022612362281270282,4.5102810375396984e-17,0.020900804325169314,0.02208944991898898,-1.0408340855860843e-17,0.02037789196288801,0.021566537556707732,4.163336342344337e-17,0.01899920062255628
development-ptv78-20231211-CRVUSDT,ptv78,2023-12-11T00:00:00+0000,2023-12-18T00:00:00+0000,2023-12-09T00:00:00+0000,CRVUSDT,DeFi,24,-0.07885840235483518,-0.05715569207687977,-0.06627496538408725,-0.07329864960587806,-0.3225895747910052,0.740995325137188,0.06730359965253477,-0.06627496538408725,2.0,0.721,0.659,0.25,0.34674063800277394,21,-0.0009801621625383497,-0.0014702432438075245,-0.021497919556171974,-0.021785020804438254,6.938893903907228e-18,-0.022765182966976605,-0.022263535783633798,3.469446951953614e-18,-0.023243697946172148,-0.02274205076282937,4.85722573273506e-17,-0.024212294006636895
development-ptv78-20231211-SOLUSDT,ptv78,2023-12-11T00:00:00+0000,2023-12-18T00:00:00+0000,2023-12-09T00:00:00+0000,SOLUSDT,Layer-1,24,0.012233048794331097,0.005761582985337868,-0.06580809823098147,-0.02350073113126805,1.2955899000920885,1.6096931732466582,0.0918459271973307,-0.06580809823098147,3.0,74.904,70.902,0.25,0.0033376054683327996,21,-0.0006334175329300765,-0.0009501262993951149,-0.013357097084267855,-0.013649082826017261,2.6020852139652106e-17,-0.014282500358947337,-0.01413573374319127,-2.2551405187698492e-17,-0.014769151276121346,-0.014622384660365195,1.3877787807814457e-17,-0.01557251095976031
development-ptv78-20231218-NEARUSDT,ptv78,2023-12-18T00:00:00+0000,2023-12-25T00:00:00+0000,2023-12-16T00:00:00+0000,NEARUSDT,Layer-1,23,-0.025671757892117553,-0.03315659533138462,-0.06530146251590611,-0.05788134010085255,0.03259691563520123,1.0271042710453502,0.052335792122352745,-0.06530146251590611,3.0,2.268,3.802,0.25,0.11022927689594357,21,-0.0017103291536427689,-0.0025654937304641534,0.16909171075837748,0.16869025573192248,2.7755575615628914e-17,0.1669799265782797,0.16802126547619056,2.7755575615628914e-17,0.1663109363225478,0.16735227522045854,-5.551115123125783e-17,0.16478678148999437
development-ptv78-20231218-ZECUSDT,ptv78,2023-12-18T00:00:00+0000,2023-12-25T00:00:00+0000,2023-12-16T00:00:00+0000,ZECUSDT,PoW,23,-0.07119657058243943,-0.07627000238191556,-0.07013955541868984,-0.09391981907000621,-0.8666266163779457,-0.6457054760538403,0.044956455633626415,-0.07013955541868984,1.0,29.8,30.17,0.25,0.008389261744966443,21,-0.0016817622375631526,-0.002522643356344729,0.0031040268456375975,0.0028021644295302406,3.0791341698588326e-17,0.001120402191967088,0.002299062265100682,-2.8189256484623115e-17,0.0006173000275375294,0.001795960100671179,2.7321894746634712e-17,-0.0007266832556735501
development-ptv78-20231225-DASHUSDT,ptv78,2023-12-25T00:00:00+0000,2024-01-01T00:00:00+0000,2023-12-23T00:00:00+0000,DASHUSDT,PoW,25,-0.07021690022710199,-0.08356125651709596,-0.06451845174636937,-0.10582216039356175,-0.8285528766029402,-0.6764065240579011,0.060482465393142636,-0.06451845174636937,2.0,34.48,31.76,0.25,0.007250580046403713,20,-0.0019119381449981918,-0.002867907217497288,-0.019721577726218076,-0.02000974477958234,-3.469446951953614e-18,-0.02192168292458053,-0.020490035034802734,-2.7755575615628914e-17,-0.022401973179800926,-0.020970325290023184,-3.469446951953614e-17,-0.02383823250752047
development-ptv78-20231225-KAVAUSDT,ptv78,2023-12-25T00:00:00+0000,2024-01-01T00:00:00+0000,2023-12-23T00:00:00+0000,KAVAUSDT,DeFi,25,-0.09820373448429949,-0.059091465593941135,-0.0636369304603987,-0.07185505302244574,-0.3920421668603483,1.4059499087299936,0.08359306393451663,-0.0636369304603987,3.0,0.8584,0.8748,0.25,0.2912395153774464,20,-0.0015685942628158784,-0.002352891394223817,0.0047763280521901375,0.004473462255358829,3.0357660829594124e-17,0.0029048679925429504,0.00396868879310347,-5.204170427930421e-18,0.0024000945302875914,0.0034639153308480553,-3.122502256758253e-17,0.0011110239366242383
