date,ETH_SHORT_CARRY_ONLY
2021-01-01 00:00:00+00:00,-0.0016763443467584516
2021-01-02 00:00:00+00:00,0.007909702674791408
2021-01-03 00:00:00+00:00,0.036242847186603644
2021-01-04 00:00:00+00:00,0.005857408760939986
2021-01-05 00:00:00+00:00,0.00613537673528608
2021-01-06 00:00:00+00:00,0.011405485571732932
2021-01-07 00:00:00+00:00,0.0009664958488300179
2021-01-08 00:00:00+00:00,-0.001456749968256843
2021-01-09 00:00:00+00:00,0.006293750680595789
2021-01-10 00:00:00+00:00,-0.002703393517852981
2021-01-11 00:00:00+00:00,-0.014507014412954988
2021-01-12 00:00:00+00:00,-0.0031538849475795105
2021-01-13 00:00:00+00:00,0.0066594622916806845
2021-01-14 00:00:00+00:00,0.008613113308069797
2021-01-15 00:00:00+00:00,-0.005680607035005836
2021-01-16 00:00:00+00:00,0.004919003928778309
2021-01-17 00:00:00+00:00,8.207625920220174e-05
2021-01-18 00:00:00+00:00,0.0021893834284738567
2021-01-19 00:00:00+00:00,0.008115515606770707
2021-01-20 00:00:00+00:00,0.0006616176792766382
2021-01-21 00:00:00+00:00,-0.02227750210831514
2021-01-22 00:00:00+00:00,0.010368980955890228
2021-01-23 00:00:00+00:00,2.5951275125501994e-05
2021-01-24 00:00:00+00:00,0.012989816540639687
2021-01-25 00:00:00+00:00,-0.005054618395214372
2021-01-26 00:00:00+00:00,0.003098522426558281
2021-01-27 00:00:00+00:00,-0.008268447086664743
2021-01-28 00:00:00+00:00,0.005759920859741419
2021-01-29 00:00:00+00:00,0.0029481328514773253
2021-01-30 00:00:00+00:00,-0.0002733658017943785
2021-01-31 00:00:00+00:00,-0.004521246587361083
2021-02-01 00:00:00+00:00,0.003910516428901056
2021-02-02 00:00:00+00:00,0.00855157844305876
2021-02-03 00:00:00+00:00,0.008939524936934173
2021-02-04 00:00:00+00:00,-0.0047919958752057346
2021-02-05 00:00:00+00:00,0.007361525348088094
2021-02-06 00:00:00+00:00,-0.0024072053518481296
2021-02-07 00:00:00+00:00,-0.003529249494324871
2021-02-08 00:00:00+00:00,0.006775038930582289
2021-02-09 00:00:00+00:00,0.0002581544608439845
2021-02-10 00:00:00+00:00,-0.0017410360982103024
2021-02-11 00:00:00+00:00,0.0019728424394813704
2021-02-12 00:00:00+00:00,0.002364375755141035
2021-02-13 00:00:00+00:00,-0.0016606603143128895
2021-02-14 00:00:00+00:00,-0.0010691173822140465
2021-02-15 00:00:00+00:00,-0.001239527617965197
2021-02-16 00:00:00+00:00,-0.00014439628148155137
2021-02-17 00:00:00+00:00,0.0028234743799209205
2021-02-18 00:00:00+00:00,0.003980597363160143
2021-02-19 00:00:00+00:00,0.0004745646776733725
2021-02-20 00:00:00+00:00,-0.0026831413896478695
2021-02-21 00:00:00+00:00,0.000790304597729774
2021-02-22 00:00:00+00:00,-0.007751017227167534
2021-02-23 00:00:00+00:00,-0.009764230442302124
2021-02-24 00:00:00+00:00,0.0010659529512573318
2021-02-25 00:00:00+00:00,-0.003740060165425829
2021-02-26 00:00:00+00:00,-0.0005532700449981665
2021-02-27 00:00:00+00:00,0.0001679661890945372
2021-02-28 00:00:00+00:00,-0.0005481615034537146
2021-03-01 00:00:00+00:00,0.002094414058099181
2021-03-02 00:00:00+00:00,-0.0012098653857767205
2021-03-03 00:00:00+00:00,0.0011247640644527213
2021-03-04 00:00:00+00:00,-0.00041036493250512507
2021-03-05 00:00:00+00:00,-0.0001626991860772531
2021-03-06 00:00:00+00:00,0.0016718743535224512
2021-03-07 00:00:00+00:00,0.0010167863740870864
2021-03-08 00:00:00+00:00,0.002480800421963636
2021-03-09 00:00:00+00:00,0.0008405638581843178
2021-03-10 00:00:00+00:00,-0.001913287258676566
2021-03-11 00:00:00+00:00,0.000684082033918676
2021-03-12 00:00:00+00:00,-0.0015685992772339619
2021-03-13 00:00:00+00:00,0.0036556323601573126
2021-03-14 00:00:00+00:00,-0.0025856588459747254
2021-03-15 00:00:00+00:00,-0.0018859191565492317
2021-03-16 00:00:00+00:00,0.0003421672196843861
2021-03-17 00:00:00+00:00,0.0005196571647787529
2021-03-18 00:00:00+00:00,-0.0016693797639999453
2021-03-19 00:00:00+00:00,0.0010441846508961738
2021-03-20 00:00:00+00:00,-0.00024579275526903643
2021-03-21 00:00:00+00:00,-0.0007854661763986304
2021-03-22 00:00:00+00:00,-0.0033944330428663516
2021-03-23 00:00:00+00:00,-0.00034793145979772344
2021-03-24 00:00:00+00:00,-0.0021731201735334382
2021-03-25 00:00:00+00:00,3.0644826211290166e-05
2021-03-26 00:00:00+00:00,0.0014464587783373783
2021-03-27 00:00:00+00:00,0.0001853518931431708
2021-03-28 00:00:00+00:00,-0.00035932157763418626
2021-03-29 00:00:00+00:00,0.0016650954054033829
2021-03-30 00:00:00+00:00,0.00028605182644136917
2021-03-31 00:00:00+00:00,0.0009849096913117084
2021-04-01 00:00:00+00:00,0.0005245925768802007
2021-04-02 00:00:00+00:00,0.006765403833377093
2021-04-03 00:00:00+00:00,-0.005501496433807929
2021-04-04 00:00:00+00:00,0.0025540395670220484
2021-04-05 00:00:00+00:00,0.0011618176227445876
2021-04-06 00:00:00+00:00,-8.002785239635823e-05
2021-04-07 00:00:00+00:00,-0.006357097720482763
2021-04-08 00:00:00+00:00,0.004836414348812879
2021-04-09 00:00:00+00:00,-0.0007149824160920248
2021-04-10 00:00:00+00:00,0.002536456184880853
2021-04-11 00:00:00+00:00,0.0005885358186366041
2021-04-12 00:00:00+00:00,-0.0009591871931967644
2021-04-13 00:00:00+00:00,0.006537820632740443
2021-04-14 00:00:00+00:00,0.005118178258824546
2021-04-15 00:00:00+00:00,0.003084077252234696
2021-04-16 00:00:00+00:00,-0.004205793388868284
2021-04-17 00:00:00+00:00,-0.00468188530794067
2021-04-18 00:00:00+00:00,-0.003618579579098502
2021-04-19 00:00:00+00:00,-0.003088890752758755
2021-04-20 00:00:00+00:00,0.0055086724284130195
2021-04-21 00:00:00+00:00,0.0009345863916183639
2021-04-22 00:00:00+00:00,0.0012882449021880404
2021-04-23 00:00:00+00:00,-0.0010675423598464073
2021-04-24 00:00:00+00:00,-0.005101277558924533
2021-04-25 00:00:00+00:00,0.00347275371906397
2021-04-26 00:00:00+00:00,0.00704806696125293
2021-04-27 00:00:00+00:00,0.005563029428766075
2021-04-28 00:00:00+00:00,0.0032839159367088477
2021-04-29 00:00:00+00:00,0.0004175929274079504
2021-04-30 00:00:00+00:00,0.0004966945289834879
2021-05-01 00:00:00+00:00,0.00719675896739469
2021-05-02 00:00:00+00:00,7.614631727914656e-05
2021-05-03 00:00:00+00:00,0.0199053704100407
2021-05-04 00:00:00+00:00,-0.006143209170722752
2021-05-05 00:00:00+00:00,0.008718187782863263
2021-05-06 00:00:00+00:00,-0.0013669104833209378
2021-05-07 00:00:00+00:00,-0.0005021665659777907
2021-05-08 00:00:00+00:00,0.013337560568030815
2021-05-09 00:00:00+00:00,0.00023032923605015299
2021-05-10 00:00:00+00:00,0.000422174848309087
2021-05-11 00:00:00+00:00,0.006788942202756276
2021-05-12 00:00:00+00:00,-0.010727646658813317
2021-05-13 00:00:00+00:00,-0.00345572678159467
2021-05-14 00:00:00+00:00,0.011119915563692073
2021-05-15 00:00:00+00:00,-0.013355540518294462
2021-05-16 00:00:00+00:00,-0.002168170536000935
2021-05-17 00:00:00+00:00,-0.009382941076632956
2021-05-18 00:00:00+00:00,0.001969192750470361
2021-05-19 00:00:00+00:00,-0.02077353889943334
2021-05-20 00:00:00+00:00,-6.119517897473781e-05
2021-05-21 00:00:00+00:00,0.002533843522640522
2021-05-22 00:00:00+00:00,0.0010332723258679177
2021-05-23 00:00:00+00:00,0.001505305361442888
2021-05-24 00:00:00+00:00,-0.010787642670137432
2021-05-25 00:00:00+00:00,-0.0008375041275653361
2021-05-26 00:00:00+00:00,-0.00254745339701401
2021-05-27 00:00:00+00:00,0.0020584693888923145
2021-05-28 00:00:00+00:00,0.004789822312372571
2021-05-29 00:00:00+00:00,0.0019302702561765361
2021-05-30 00:00:00+00:00,-0.0015397309082373356
2021-05-31 00:00:00+00:00,-0.004586768189463353
2021-06-01 00:00:00+00:00,0.001045596333452803
2021-06-02 00:00:00+00:00,-0.0010342089348184258
2021-06-03 00:00:00+00:00,-0.002167657473408191
2021-06-04 00:00:00+00:00,0.002456475599207808
2021-06-05 00:00:00+00:00,0.0009022429535356924
2021-06-06 00:00:00+00:00,-0.001197825074572778
2021-06-07 00:00:00+00:00,0.001720232778007258
2021-06-08 00:00:00+00:00,0.0006094124391693434
2021-06-09 00:00:00+00:00,-0.0007433117463582217
2021-06-10 00:00:00+00:00,0.001007574596086691
2021-06-11 00:00:00+00:00,0.0008460990360339427
2021-06-12 00:00:00+00:00,-0.00011241823659391414
2021-06-13 00:00:00+00:00,-0.0009882643973898597
2021-06-14 00:00:00+00:00,-0.0005076077304255744
2021-06-15 00:00:00+00:00,0.0002623558888490418
2021-06-16 00:00:00+00:00,0.0012822882166918514
2021-06-17 00:00:00+00:00,-3.558011149007445e-05
2021-06-18 00:00:00+00:00,0.0010159099299180685
2021-06-19 00:00:00+00:00,0.0011053116653438888
2021-06-20 00:00:00+00:00,-4.8543645098209076e-05
2021-06-21 00:00:00+00:00,0.0
2021-06-22 00:00:00+00:00,0.0
2021-06-23 00:00:00+00:00,-0.0026278270953215
2021-06-24 00:00:00+00:00,-8.137034526967124e-05
2021-06-25 00:00:00+00:00,0.0048950065817996435
2021-06-26 00:00:00+00:00,-0.000575998298276037
2021-06-27 00:00:00+00:00,-7.215500979107503e-05
2021-06-28 00:00:00+00:00,0.0
2021-06-29 00:00:00+00:00,-0.002182254508874548
2021-06-30 00:00:00+00:00,-0.002821361037889991
2021-07-01 00:00:00+00:00,0.00264646063482199
2021-07-02 00:00:00+00:00,-0.0007486826297700144
2021-07-03 00:00:00+00:00,-4.486322514996033e-05
2021-07-04 00:00:00+00:00,-0.0015783080882271205
2021-07-05 00:00:00+00:00,0.0009520433545069373
2021-07-06 00:00:00+00:00,-0.0009752862833360965
2021-07-07 00:00:00+00:00,6.123022925308419e-05
2021-07-08 00:00:00+00:00,0.0015449272068792652
2021-07-09 00:00:00+00:00,-0.0002479220893137901
2021-07-10 00:00:00+00:00,0.00028544839760802354
2021-07-11 00:00:00+00:00,-0.00021959618613132115
2021-07-12 00:00:00+00:00,0.0008483559963141651
2021-07-13 00:00:00+00:00,0.0007001208560455385
2021-07-14 00:00:00+00:00,-0.0004090405800073471
2021-07-15 00:00:00+00:00,0.0005772312741603169
2021-07-16 00:00:00+00:00,0.0003367687323874158
2021-07-17 00:00:00+00:00,-0.000452382906984794
2021-07-18 00:00:00+00:00,0.00016190270215576952
2021-07-19 00:00:00+00:00,0.0013823217187676207
2021-07-20 00:00:00+00:00,0.0006205808313508587
2021-07-21 00:00:00+00:00,-5.069786647915464e-05
2021-07-22 00:00:00+00:00,0.0
2021-07-23 00:00:00+00:00,-0.003614856750957518
2021-07-24 00:00:00+00:00,-0.001039439534939901
2021-07-25 00:00:00+00:00,-7.215584204989245e-05
2021-07-26 00:00:00+00:00,-0.0006492925266278204
2021-07-27 00:00:00+00:00,-0.0011771193189556994
2021-07-28 00:00:00+00:00,-3.83417029783395e-05
2021-07-29 00:00:00+00:00,-0.000642935960713853
2021-07-30 00:00:00+00:00,0.0005471184908527604
2021-07-31 00:00:00+00:00,0.0005149632584389163
2021-08-01 00:00:00+00:00,0.00017740573204005905
2021-08-02 00:00:00+00:00,0.0003902976001854963
2021-08-03 00:00:00+00:00,-0.0007617666764045961
2021-08-04 00:00:00+00:00,0.0016467215588600315
2021-08-05 00:00:00+00:00,0.00136061635185869
2021-08-06 00:00:00+00:00,0.0008838727422002535
2021-08-07 00:00:00+00:00,0.003685163639624678
2021-08-08 00:00:00+00:00,-0.0026890918914004303
2021-08-09 00:00:00+00:00,0.0026395157415219916
2021-08-10 00:00:00+00:00,-0.0003828575741120499
2021-08-11 00:00:00+00:00,0.0002674131333850749
2021-08-12 00:00:00+00:00,-0.0020651369826311106
2021-08-13 00:00:00+00:00,0.004909311713731546
2021-08-14 00:00:00+00:00,-0.0010760929361897098
2021-08-15 00:00:00+00:00,0.0007809505995250987
2021-08-16 00:00:00+00:00,-0.002963066437161044
2021-08-17 00:00:00+00:00,-0.0023695029223330666
2021-08-18 00:00:00+00:00,-2.329266153289211e-05
2021-08-19 00:00:00+00:00,0.003062093380274966
2021-08-20 00:00:00+00:00,0.0017320851137481164
2021-08-21 00:00:00+00:00,-0.0011022409156947743
2021-08-22 00:00:00+00:00,0.00023556191987839092
2021-08-23 00:00:00+00:00,0.0018065700284377595
2021-08-24 00:00:00+00:00,-0.0036595620108803573
2021-08-25 00:00:00+00:00,0.001259462296150371
2021-08-26 00:00:00+00:00,-0.0032400753799346482
2021-08-27 00:00:00+00:00,0.0030916036839578886
2021-08-28 00:00:00+00:00,-0.0004824135900535209
2021-08-29 00:00:00+00:00,-0.0003997691780468493
2021-08-30 00:00:00+00:00,6.949538883427309e-05
2021-08-31 00:00:00+00:00,0.003454137578754457
2021-09-01 00:00:00+00:00,0.013050457674502303
2021-09-02 00:00:00+00:00,-0.0015397224720952174
2021-09-03 00:00:00+00:00,0.0048253789840253525
2021-09-04 00:00:00+00:00,-0.0019973357612982356
2021-09-05 00:00:00+00:00,0.0017690052245353804
2021-09-06 00:00:00+00:00,-0.0009788970871986713
2021-09-07 00:00:00+00:00,-0.016133543654403226
2021-09-08 00:00:00+00:00,0.000881359586658359
2021-09-09 00:00:00+00:00,-0.0011355332603103507
2021-09-10 00:00:00+00:00,-0.003406175264388467
2021-09-11 00:00:00+00:00,0.0008861067514338572
2021-09-12 00:00:00+00:00,0.002149681932462677
2021-09-13 00:00:00+00:00,-0.0019070728197840836
2021-09-14 00:00:00+00:00,0.0023536471507292767
2021-09-15 00:00:00+00:00,0.0027903862388805045
2021-09-16 00:00:00+00:00,-0.0007078342103867818
2021-09-17 00:00:00+00:00,-0.002663663322223897
2021-09-18 00:00:00+00:00,0.0005218969101257187
2021-09-19 00:00:00+00:00,-0.001685208898871693
2021-09-20 00:00:00+00:00,-0.005509056123712108
2021-09-21 00:00:00+00:00,0.0019149216660769852
2021-09-22 00:00:00+00:00,-0.006315451008791273
2021-09-23 00:00:00+00:00,-0.0014877901374678038
2021-09-24 00:00:00+00:00,0.004563518289410373
2021-09-25 00:00:00+00:00,-8.33142210210358e-05
2021-09-26 00:00:00+00:00,-0.002672059439110752
2021-09-27 00:00:00+00:00,0.0025737618114163308
2021-09-28 00:00:00+00:00,0.002286540947850524
2021-09-29 00:00:00+00:00,-0.0008520669604455966
2021-09-30 00:00:00+00:00,-8.2759471913052e-05
2021-10-01 00:00:00+00:00,-0.00584761534258349
2021-10-02 00:00:00+00:00,-0.0006888957990940359
2021-10-03 00:00:00+00:00,-3.642806706249946e-05
2021-10-04 00:00:00+00:00,0.0
2021-10-05 00:00:00+00:00,0.0
2021-10-06 00:00:00+00:00,0.0
2021-10-07 00:00:00+00:00,5.0516657966515055e-05
2021-10-08 00:00:00+00:00,-0.00022303532062295517
2021-10-09 00:00:00+00:00,0.00010275013838434433
2021-10-10 00:00:00+00:00,-0.001303761453633978
2021-10-11 00:00:00+00:00,0.0010054275938198298
2021-10-12 00:00:00+00:00,-0.0004078364829206427
2021-10-13 00:00:00+00:00,0.0009243907443594601
2021-10-14 00:00:00+00:00,0.0014414129293525146
2021-10-15 00:00:00+00:00,0.0011019350686820584
2021-10-16 00:00:00+00:00,-0.0006592487117819124
2021-10-17 00:00:00+00:00,0.00019578085535565393
2021-10-18 00:00:00+00:00,-0.0016006410925447634
2021-10-19 00:00:00+00:00,0.001964186030394943
2021-10-20 00:00:00+00:00,0.004197837091210355
2021-10-21 00:00:00+00:00,-0.0032794004781940833
2021-10-22 00:00:00+00:00,-0.002431197396104423
2021-10-23 00:00:00+00:00,0.005462254568750602
2021-10-24 00:00:00+00:00,-0.0025459401002252413
2021-10-25 00:00:00+00:00,0.0038138181629263634
2021-10-26 00:00:00+00:00,-0.002701769352838723
2021-10-27 00:00:00+00:00,-0.006053641343997551
2021-10-28 00:00:00+00:00,0.010351211378893277
2021-10-29 00:00:00+00:00,0.003606153825502778
2021-10-30 00:00:00+00:00,-0.002816002374113946
2021-10-31 00:00:00+00:00,-0.0010665351067895568
2021-11-01 00:00:00+00:00,0.0008752535029077357
2021-11-02 00:00:00+00:00,0.007485083745158105
2021-11-03 00:00:00+00:00,0.00025226451202575717
2021-11-04 00:00:00+00:00,-0.002125526493297447
2021-11-05 00:00:00+00:00,-0.001713863871318777
2021-11-06 00:00:00+00:00,0.0011196978262095758
2021-11-07 00:00:00+00:00,0.0025687085389471953
2021-11-08 00:00:00+00:00,0.0054294883899548285
2021-11-09 00:00:00+00:00,-0.002243646174557079
2021-11-10 00:00:00+00:00,-0.0029538879888357794
2021-11-11 00:00:00+00:00,0.0024288219034445113
2021-11-12 00:00:00+00:00,-0.0015768524113389804
2021-11-13 00:00:00+00:00,-0.0006409191258078817
2021-11-14 00:00:00+00:00,-0.0004568678394308856
2021-11-15 00:00:00+00:00,-0.0018187460630462171
2021-11-16 00:00:00+00:00,-0.01005128296755553
2021-11-17 00:00:00+00:00,0.0010206547421405254
2021-11-18 00:00:00+00:00,-0.004176041397052077
2021-11-19 00:00:00+00:00,0.0021706043580904666
2021-11-20 00:00:00+00:00,0.0008830698400363879
2021-11-21 00:00:00+00:00,-0.002106873896871919
2021-11-22 00:00:00+00:00,-0.002337672551612102
2021-11-23 00:00:00+00:00,0.003415721729536303
2021-11-24 00:00:00+00:00,-0.0009580445247637792
2021-11-25 00:00:00+00:00,0.0034153695341043733
2021-11-26 00:00:00+00:00,-0.00656222199517098
2021-11-27 00:00:00+00:00,0.0007204645843450486
2021-11-28 00:00:00+00:00,0.002695007698297225
2021-11-29 00:00:00+00:00,0.001977762944047834
2021-11-30 00:00:00+00:00,0.002475836118481123
2021-12-01 00:00:00+00:00,-0.0006226788844370112
2021-12-02 00:00:00+00:00,-0.0009865580912120642
2021-12-03 00:00:00+00:00,-0.004047855538212852
2021-12-04 00:00:00+00:00,-0.0013311102060378222
2021-12-05 00:00:00+00:00,0.0010843580885053772
2021-12-06 00:00:00+00:00,0.001970295830624247
2021-12-07 00:00:00+00:00,-0.000544687366890173
2021-12-08 00:00:00+00:00,0.0017225737619310788
2021-12-09 00:00:00+00:00,-0.0044643417966798715
2021-12-10 00:00:00+00:00,-0.0015716144429867018
2021-12-11 00:00:00+00:00,-0.0015701411439749124
2021-12-12 00:00:00+00:00,-0.00029221940206825003
2021-12-13 00:00:00+00:00,0.0026841602085334593
2021-12-14 00:00:00+00:00,-0.0012211325025184294
2021-12-15 00:00:00+00:00,-0.0025200380093390873
2021-12-16 00:00:00+00:00,0.0009602714159497872
2021-12-17 00:00:00+00:00,0.0013449809290226877
2021-12-18 00:00:00+00:00,-0.0012933019559300263
2021-12-19 00:00:00+00:00,0.0005650447006211312
2021-12-20 00:00:00+00:00,-0.0003100426146109836
2021-12-21 00:00:00+00:00,-0.0010910270497754837
2021-12-22 00:00:00+00:00,0.0005792183581210253
2021-12-23 00:00:00+00:00,-0.002063258822276759
2021-12-24 00:00:00+00:00,0.0005056004648820167
2021-12-25 00:00:00+00:00,-0.00038531259611873647
2021-12-26 00:00:00+00:00,0.00026570695625571794
2021-12-27 00:00:00+00:00,0.00021106856979224986
2021-12-28 00:00:00+00:00,0.0019891540723531165
2021-12-29 00:00:00+00:00,0.001326436244242446
2021-12-30 00:00:00+00:00,-0.0022970848791519227
2021-12-31 00:00:00+00:00,0.0009156568425507938
2022-01-01 00:00:00+00:00,-0.0023807671019071552
2022-01-02 00:00:00+00:00,-0.0017403856549258467
2022-01-03 00:00:00+00:00,0.0017493850415430945
2022-01-04 00:00:00+00:00,-0.0005663511668935195
2022-01-05 00:00:00+00:00,0.006920122279858942
2022-01-06 00:00:00+00:00,0.0036922803387071657
2022-01-07 00:00:00+00:00,0.008303257384628226
2022-01-08 00:00:00+00:00,0.004670032054635342
2022-01-09 00:00:00+00:00,-0.0027579172736940105
2022-01-10 00:00:00+00:00,0.002700431825328753
2022-01-11 00:00:00+00:00,-0.00015609004949668215
2022-01-12 00:00:00+00:00,-0.005734267229017376
2022-01-13 00:00:00+00:00,-0.00020000128942765372
2022-01-14 00:00:00+00:00,-0.002885737655692222
2022-01-15 00:00:00+00:00,-0.0007269021753236737
2022-01-16 00:00:00+00:00,-0.000864395455545508
2022-01-17 00:00:00+00:00,0.005707857465426791
2022-01-18 00:00:00+00:00,0.0020709141960479904
2022-01-19 00:00:00+00:00,0.0031887509463623953
2022-01-20 00:00:00+00:00,0.0034570579812225333
2022-01-21 00:00:00+00:00,0.017795435774068613
2022-01-22 00:00:00+00:00,0.00632273109826853
2022-01-23 00:00:00+00:00,-0.006812603699443032
2022-01-24 00:00:00+00:00,-0.0001754336415433766
2022-01-25 00:00:00+00:00,-0.0011915816447682914
2022-01-26 00:00:00+00:00,-0.00018389191605783228
2022-01-27 00:00:00+00:00,0.0
2022-01-28 00:00:00+00:00,0.0
2022-01-29 00:00:00+00:00,0.0
2022-01-30 00:00:00+00:00,-0.00021349132517611835
2022-01-31 00:00:00+00:00,-0.00017608290648274405
2022-02-01 00:00:00+00:00,0.0
2022-02-02 00:00:00+00:00,0.0
2022-02-03 00:00:00+00:00,0.0
2022-02-04 00:00:00+00:00,0.0
2022-02-05 00:00:00+00:00,-0.0004552174086507321
2022-02-06 00:00:00+00:00,-0.0008732080233727624
2022-02-07 00:00:00+00:00,-0.0017579257064397336
2022-02-08 00:00:00+00:00,0.00019495520295009783
2022-02-09 00:00:00+00:00,-0.001262358136888797
2022-02-10 00:00:00+00:00,0.0017124509641199825
2022-02-11 00:00:00+00:00,-4.641545774364264e-05
2022-02-12 00:00:00+00:00,0.0
2022-02-13 00:00:00+00:00,0.00045276836263918874
2022-02-14 00:00:00+00:00,-0.0006122213535311172
2022-02-15 00:00:00+00:00,-0.0026985782270935177
2022-02-16 00:00:00+00:00,0.0006680096821161108
2022-02-17 00:00:00+00:00,0.0024581667036791544
2022-02-18 00:00:00+00:00,0.0023686173963322066
2022-02-19 00:00:00+00:00,-7.756735893882372e-05
2022-02-20 00:00:00+00:00,0.0031057756853023477
2022-02-21 00:00:00+00:00,0.0018657285851810812
2022-02-22 00:00:00+00:00,-0.00012689226672757403
2022-02-23 00:00:00+00:00,0.0019195532861273623
2022-02-24 00:00:00+00:00,-0.0006324893559855882
2022-02-25 00:00:00+00:00,-0.00012055290512102967
2022-02-26 00:00:00+00:00,-0.0005299621146289679
2022-02-27 00:00:00+00:00,0.005735083850813227
2022-02-28 00:00:00+00:00,-0.010673089495945587
2022-03-01 00:00:00+00:00,-0.00013268024962587166
2022-03-02 00:00:00+00:00,0.000516054648830977
2022-03-03 00:00:00+00:00,0.0024222636734809733
2022-03-04 00:00:00+00:00,0.004472713679936513
2022-03-05 00:00:00+00:00,-0.0008975285345955708
2022-03-06 00:00:00+00:00,0.0023853170193661732
2022-03-07 00:00:00+00:00,0.0028132067320147947
2022-03-08 00:00:00+00:00,-0.004151381436543589
2022-03-09 00:00:00+00:00,-0.007336302006919926
2022-03-10 00:00:00+00:00,0.005966966169885124
2022-03-11 00:00:00+00:00,0.0024301695145585445
2022-03-12 00:00:00+00:00,-0.0005467379601162836
2022-03-13 00:00:00+00:00,0.002627713962292111
2022-03-14 00:00:00+00:00,-0.003634893726571331
2022-03-15 00:00:00+00:00,-0.0013786263285009426
2022-03-16 00:00:00+00:00,-0.007579230307345197
2022-03-17 00:00:00+00:00,-0.0013328644025312197
2022-03-18 00:00:00+00:00,-0.0029150599744974803
2022-03-19 00:00:00+00:00,-0.00016540385321550666
2022-03-20 00:00:00+00:00,0.0009747873302332621
2022-03-21 00:00:00+00:00,-0.00029881547629750926
2022-03-22 00:00:00+00:00,-0.000846101086540374
2022-03-23 00:00:00+00:00,-4.150968639848873e-05
2022-03-24 00:00:00+00:00,0.0007234851868820336
2022-03-25 00:00:00+00:00,-9.838466011369285e-05
2022-03-26 00:00:00+00:00,0.0004299842579358337
2022-03-27 00:00:00+00:00,0.0015740339953023152
2022-03-28 00:00:00+00:00,0.0009942303125880514
2022-03-29 00:00:00+00:00,0.0018340717074565305
2022-03-30 00:00:00+00:00,-0.0004239247776071098
2022-03-31 00:00:00+00:00,-0.002975886398127736
2022-04-01 00:00:00+00:00,0.004901285006990053
2022-04-02 00:00:00+00:00,-0.00034898534407434845
2022-04-03 00:00:00+00:00,0.0021754794438602065
2022-04-04 00:00:00+00:00,-7.351757727969144e-05
2022-04-05 00:00:00+00:00,-0.003254366808760123
2022-04-06 00:00:00+00:00,-0.0067713912754989725
2022-04-07 00:00:00+00:00,0.0011182801237281659
2022-04-08 00:00:00+00:00,-0.0006716794471549603
2022-04-09 00:00:00+00:00,0.0012990550436093873
2022-04-10 00:00:00+00:00,-0.0011548463384586372
2022-04-11 00:00:00+00:00,-0.0044214609460261345
2022-04-12 00:00:00+00:00,-0.0006402824196085621
2022-04-13 00:00:00+00:00,-4.6068096980045325e-05
2022-04-14 00:00:00+00:00,0.0
2022-04-15 00:00:00+00:00,-0.0002508552703325284
2022-04-16 00:00:00+00:00,-4.604883953363004e-05
2022-04-17 00:00:00+00:00,0.0
2022-04-18 00:00:00+00:00,0.0
2022-04-19 00:00:00+00:00,0.0
2022-04-20 00:00:00+00:00,0.0002304752995456738
2022-04-21 00:00:00+00:00,0.0009512043175623486
2022-04-22 00:00:00+00:00,-4.679563919529617e-05
2022-04-23 00:00:00+00:00,0.0
2022-04-24 00:00:00+00:00,0.0
2022-04-25 00:00:00+00:00,0.0
2022-04-26 00:00:00+00:00,0.0
2022-04-27 00:00:00+00:00,-0.002099883154393578
2022-04-28 00:00:00+00:00,-0.00010214645376405151
2022-04-29 00:00:00+00:00,0.0027918670846063254
2022-04-30 00:00:00+00:00,0.002146960568117251
2022-05-01 00:00:00+00:00,-9.576360578023024e-05
2022-05-02 00:00:00+00:00,0.0
2022-05-03 00:00:00+00:00,0.0
2022-05-04 00:00:00+00:00,-0.004096816571586226
2022-05-05 00:00:00+00:00,0.0022409392445006393
2022-05-06 00:00:00+00:00,0.0006419326899247402
2022-05-07 00:00:00+00:00,-4.261803232941119e-05
2022-05-08 00:00:00+00:00,0.0030579416556202332
2022-05-09 00:00:00+00:00,0.007899789432424198
2022-05-10 00:00:00+00:00,-0.006959823525400144
2022-05-11 00:00:00+00:00,0.015750392941147107
2022-05-12 00:00:00+00:00,0.007331051817907053
2022-05-13 00:00:00+00:00,-0.00017530928043252292
2022-05-14 00:00:00+00:00,0.0
2022-05-15 00:00:00+00:00,-0.005771714016528762
2022-05-16 00:00:00+00:00,0.007700409211263581
2022-05-17 00:00:00+00:00,-0.0042274785058913356
2022-05-18 00:00:00+00:00,-0.00017529807180960422
2022-05-19 00:00:00+00:00,0.0
2022-05-20 00:00:00+00:00,0.0
2022-05-21 00:00:00+00:00,-0.0011854841692913176
2022-05-22 00:00:00+00:00,-0.004490600276110257
2022-05-23 00:00:00+00:00,0.004675794704690706
2022-05-24 00:00:00+00:00,-0.0004234113462997513
2022-05-25 00:00:00+00:00,-0.00018057072812149855
2022-05-26 00:00:00+00:00,0.009846865864945542
2022-05-27 00:00:00+00:00,-0.00015134378981795926
2022-05-28 00:00:00+00:00,-0.005014901003353445
2022-05-29 00:00:00+00:00,-0.0015296136886464584
2022-05-30 00:00:00+00:00,-0.013853610744775646
2022-05-31 00:00:00+00:00,0.002708086151198996
2022-06-01 00:00:00+00:00,0.006113649807620636
2022-06-02 00:00:00+00:00,-0.0007901656459606832
2022-06-03 00:00:00+00:00,-0.0001200295982501931
2022-06-04 00:00:00+00:00,-0.0017635873040854344
2022-06-05 00:00:00+00:00,-7.881034830947709e-05
2022-06-06 00:00:00+00:00,-0.0029537987758336826
2022-06-07 00:00:00+00:00,0.0025994373641189394
2022-06-08 00:00:00+00:00,0.001227084102841669
2022-06-09 00:00:00+00:00,0.00019134107961882307
2022-06-10 00:00:00+00:00,0.0070063985886903435
2022-06-11 00:00:00+00:00,0.010234860094694653
2022-06-12 00:00:00+00:00,-0.00017648092483013578
2022-06-13 00:00:00+00:00,0.0
2022-06-14 00:00:00+00:00,0.0
2022-06-15 00:00:00+00:00,0.0
2022-06-16 00:00:00+00:00,0.0
2022-06-17 00:00:00+00:00,0.0
2022-06-18 00:00:00+00:00,0.0
2022-06-19 00:00:00+00:00,0.0
2022-06-20 00:00:00+00:00,0.0
2022-06-21 00:00:00+00:00,8.623547013808519e-05
2022-06-22 00:00:00+00:00,0.00737607692715736
2022-06-23 00:00:00+00:00,-0.0001471680701328193
2022-06-24 00:00:00+00:00,0.0
2022-06-25 00:00:00+00:00,-0.0016210809580970986
2022-06-26 00:00:00+00:00,-0.00013905518537649098
2022-06-27 00:00:00+00:00,0.00031216956873758583
2022-06-28 00:00:00+00:00,-0.00014576296733559424
2022-06-29 00:00:00+00:00,0.003948224843724146
2022-06-30 00:00:00+00:00,0.002603212476843586
2022-07-01 00:00:00+00:00,-0.00015571366330568992
2022-07-02 00:00:00+00:00,0.0
2022-07-03 00:00:00+00:00,0.0
2022-07-04 00:00:00+00:00,-0.0077591366220676194
2022-07-05 00:00:00+00:00,0.0012213932463653876
2022-07-06 00:00:00+00:00,-0.0037272945875969077
2022-07-07 00:00:00+00:00,-0.0034612247090797243
2022-07-08 00:00:00+00:00,0.0016391907535471262
2022-07-09 00:00:00+00:00,-0.0001944037100822804
2022-07-10 00:00:00+00:00,0.0033778734404088517
2022-07-11 00:00:00+00:00,0.00495387044197626
2022-07-12 00:00:00+00:00,0.003971947825264666
2022-07-13 00:00:00+00:00,-0.00011178853727056293
2022-07-14 00:00:00+00:00,0.0
2022-07-15 00:00:00+00:00,0.0
2022-07-16 00:00:00+00:00,-0.005238646344190023
2022-07-17 00:00:00+00:00,-7.384111224995049e-05
2022-07-18 00:00:00+00:00,0.0
2022-07-19 00:00:00+00:00,-0.0006079407109534918
2022-07-20 00:00:00+00:00,-0.0002973034175733913
2022-07-21 00:00:00+00:00,0.0007923980882145187
2022-07-22 00:00:00+00:00,-0.0006104586937479839
2022-07-23 00:00:00+00:00,0.00019423692766951106
2022-07-24 00:00:00+00:00,0.0007283364381580615
2022-07-25 00:00:00+00:00,-0.002327783962746466
2022-07-26 00:00:00+00:00,0.00011155265333773201
2022-07-27 00:00:00+00:00,0.0027677035442679188
2022-07-28 00:00:00+00:00,0.0012969622061826946
2022-07-29 00:00:00+00:00,-3.6646777664572916e-05
2022-07-30 00:00:00+00:00,-0.00037739294644978383
2022-07-31 00:00:00+00:00,-0.00028593074244431804
2022-08-01 00:00:00+00:00,-0.0007171784341889476
2022-08-02 00:00:00+00:00,4.507604479231375e-06
2022-08-03 00:00:00+00:00,-0.00018699515882525386
2022-08-04 00:00:00+00:00,-0.0001539798590699526
2022-08-05 00:00:00+00:00,0.0019118715980372958
2022-08-06 00:00:00+00:00,-0.0007044512289420268
2022-08-07 00:00:00+00:00,0.0002195127625559401
2022-08-08 00:00:00+00:00,0.0020394794770295377
2022-08-09 00:00:00+00:00,-0.0029015251540651654
2022-08-10 00:00:00+00:00,0.005895092989428585
2022-08-11 00:00:00+00:00,0.0010000284465616627
2022-08-12 00:00:00+00:00,0.003009465891909313
2022-08-13 00:00:00+00:00,0.0009692547504183135
2022-08-14 00:00:00+00:00,-0.001869334747987117
2022-08-15 00:00:00+00:00,-0.001384508193438716
2022-08-16 00:00:00+00:00,-0.0008813004737234786
2022-08-17 00:00:00+00:00,-0.001646976327695615
2022-08-18 00:00:00+00:00,0.00046646049233523
2022-08-19 00:00:00+00:00,-0.009220049110277517
2022-08-20 00:00:00+00:00,-0.0005383854230962548
2022-08-21 00:00:00+00:00,-3.1600742183779396e-05
2022-08-22 00:00:00+00:00,0.0
2022-08-23 00:00:00+00:00,0.0
2022-08-24 00:00:00+00:00,0.0
2022-08-25 00:00:00+00:00,0.0
2022-08-26 00:00:00+00:00,0.0
2022-08-27 00:00:00+00:00,0.0004462063722339149
2022-08-28 00:00:00+00:00,-7.530587500370611e-05
2022-08-29 00:00:00+00:00,0.0
2022-08-30 00:00:00+00:00,0.0
2022-08-31 00:00:00+00:00,0.0
2022-09-01 00:00:00+00:00,0.0
2022-09-02 00:00:00+00:00,0.0
2022-09-03 00:00:00+00:00,0.00046077792407461793
2022-09-04 00:00:00+00:00,-6.391760969259863e-05
2022-09-05 00:00:00+00:00,0.0
2022-09-06 00:00:00+00:00,0.0
2022-09-07 00:00:00+00:00,0.0
2022-09-08 00:00:00+00:00,0.0
2022-09-09 00:00:00+00:00,0.0
2022-09-10 00:00:00+00:00,0.0007375629569010833
2022-09-11 00:00:00+00:00,-9.575089135727133e-05
2022-09-12 00:00:00+00:00,-0.0006598301963368636
2022-09-13 00:00:00+00:00,-0.0019375405541510737
2022-09-14 00:00:00+00:00,-6.099205045129175e-06
2022-09-15 00:00:00+00:00,0.0
2022-09-16 00:00:00+00:00,0.0
2022-09-17 00:00:00+00:00,0.0
2022-09-18 00:00:00+00:00,0.0
2022-09-19 00:00:00+00:00,-0.002507091926696292
2022-09-20 00:00:00+00:00,-0.000120208610482897
2022-09-21 00:00:00+00:00,0.0
2022-09-22 00:00:00+00:00,0.0
2022-09-23 00:00:00+00:00,0.0
2022-09-24 00:00:00+00:00,0.0
2022-09-25 00:00:00+00:00,0.0
2022-09-26 00:00:00+00:00,0.0
2022-09-27 00:00:00+00:00,0.00036715914033402797
2022-09-28 00:00:00+00:00,-0.0005525988961987416
2022-09-29 00:00:00+00:00,-0.0001055051123435291
2022-09-30 00:00:00+00:00,0.0003191146162779823
2022-10-01 00:00:00+00:00,0.0009920069526214714
2022-10-02 00:00:00+00:00,0.0020957561218830634
2022-10-03 00:00:00+00:00,-0.0027559500487196464
2022-10-04 00:00:00+00:00,-0.00010295692454576066
2022-10-05 00:00:00+00:00,0.00028097137792904014
2022-10-06 00:00:00+00:00,-7.236228263629574e-05
2022-10-07 00:00:00+00:00,0.0007618868525647304
2022-10-08 00:00:00+00:00,0.0006312825161745028
2022-10-09 00:00:00+00:00,-0.00031082998490850056
2022-10-10 00:00:00+00:00,0.001312000545468095
2022-10-11 00:00:00+00:00,0.0003978411617582278
2022-10-12 00:00:00+00:00,-0.0005620365314381592
2022-10-13 00:00:00+00:00,0.00029153267452586284
2022-10-14 00:00:00+00:00,-7.100787437996914e-05
2022-10-15 00:00:00+00:00,0.0008590339109402212
2022-10-16 00:00:00+00:00,-0.0021629007389317723
2022-10-17 00:00:00+00:00,-0.00012380173924120275
2022-10-18 00:00:00+00:00,0.000451423539676421
2022-10-19 00:00:00+00:00,0.0006111612412955658
2022-10-20 00:00:00+00:00,5.3955084293955125e-05
2022-10-21 00:00:00+00:00,-0.00039592306350333395
2022-10-22 00:00:00+00:00,-0.00033540478126903306
2022-10-23 00:00:00+00:00,-4.307875628595248e-05
2022-10-24 00:00:00+00:00,-0.0005454675113378826
2022-10-25 00:00:00+00:00,0.0027984577046566983
2022-10-26 00:00:00+00:00,0.0025391874765323674
2022-10-27 00:00:00+00:00,-0.0022623071420769802
2022-10-28 00:00:00+00:00,0.0017157575938648861
2022-10-29 00:00:00+00:00,0.002770219360161974
2022-10-30 00:00:00+00:00,-0.0012550116111061937
2022-10-31 00:00:00+00:00,-0.0007760197654536061
2022-11-01 00:00:00+00:00,0.00025383992947114464
2022-11-02 00:00:00+00:00,-0.002606400535175357
2022-11-03 00:00:00+00:00,0.0005692112202815292
2022-11-04 00:00:00+00:00,0.004868829308616318
2022-11-05 00:00:00+00:00,-0.0007791883795714716
2022-11-06 00:00:00+00:00,-0.002522932804709499
2022-11-07 00:00:00+00:00,-4.096046387180863e-06
2022-11-08 00:00:00+00:00,-0.010022280811218254
2022-11-09 00:00:00+00:00,-5.856134245807443e-05
2022-11-10 00:00:00+00:00,0.0
2022-11-11 00:00:00+00:00,0.0
2022-11-12 00:00:00+00:00,0.0
2022-11-13 00:00:00+00:00,0.0029364343397986215
2022-11-14 00:00:00+00:00,-0.00014344690366874246
2022-11-15 00:00:00+00:00,-0.0010092408667361497
2022-11-16 00:00:00+00:00,-0.00016128749000199338
2022-11-17 00:00:00+00:00,0.0
2022-11-18 00:00:00+00:00,0.0
2022-11-19 00:00:00+00:00,0.0
2022-11-20 00:00:00+00:00,0.006794627709825418
2022-11-21 00:00:00+00:00,0.003152558994771182
2022-11-22 00:00:00+00:00,-0.00014729880319630517
2022-11-23 00:00:00+00:00,0.0
2022-11-24 00:00:00+00:00,0.0
2022-11-25 00:00:00+00:00,0.00025806997224209205
2022-11-26 00:00:00+00:00,-0.0006147770013880116
2022-11-27 00:00:00+00:00,-0.0001803669679694142
2022-11-28 00:00:00+00:00,0.0
2022-11-29 00:00:00+00:00,0.0
2022-11-30 00:00:00+00:00,-0.00572686415794621
2022-12-01 00:00:00+00:00,0.0007693719344974426
2022-12-02 00:00:00+00:00,-0.0008503336279526152
2022-12-03 00:00:00+00:00,0.002456545148758149
2022-12-04 00:00:00+00:00,-7.984335730015779e-05
2022-12-05 00:00:00+00:00,0.0
2022-12-06 00:00:00+00:00,-0.0006269549692123899
2022-12-07 00:00:00+00:00,0.0018261887704749125
2022-12-08 00:00:00+00:00,-0.0011814576487805262
2022-12-09 00:00:00+00:00,0.0004148603962128572
2022-12-10 00:00:00+00:00,-8.019777254120175e-05
2022-12-11 00:00:00+00:00,8.115132401242953e-05
2022-12-12 00:00:00+00:00,-0.00029205241423346795
2022-12-13 00:00:00+00:00,-3.939307278977289e-05
2022-12-14 00:00:00+00:00,0.0
2022-12-15 00:00:00+00:00,0.0
2022-12-16 00:00:00+00:00,0.0
2022-12-17 00:00:00+00:00,-0.001126167541563472
2022-12-18 00:00:00+00:00,0.000216583970487072
2022-12-19 00:00:00+00:00,0.0007813021815046284
2022-12-20 00:00:00+00:00,-7.88486885762163e-05
2022-12-21 00:00:00+00:00,7.611796371809199e-05
2022-12-22 00:00:00+00:00,-0.00019701720185383298
2022-12-23 00:00:00+00:00,-9.731639137477988e-05
2022-12-24 00:00:00+00:00,-1.2720041223657219e-05
2022-12-25 00:00:00+00:00,0.00010275326592767975
2022-12-26 00:00:00+00:00,-0.00048414095655457956
2022-12-27 00:00:00+00:00,0.0008440365664377225
2022-12-28 00:00:00+00:00,0.0010988847663695456
2022-12-29 00:00:00+00:00,-0.0005155599526052157
2022-12-30 00:00:00+00:00,5.34808469496717e-05
2022-12-31 00:00:00+00:00,0.00019996549440026712
2023-01-01 00:00:00+00:00,-0.00017857005182242425
2023-01-02 00:00:00+00:00,-0.0006606671995116331
2023-01-03 00:00:00+00:00,-4.542587516342955e-05
2023-01-04 00:00:00+00:00,-0.0021346388841501085
2023-01-05 00:00:00+00:00,0.00010136011386019383
2023-01-06 00:00:00+00:00,-0.00043158494105333123
2023-01-07 00:00:00+00:00,-4.3139387348234415e-05
2023-01-08 00:00:00+00:00,0.0
2023-01-09 00:00:00+00:00,0.0
2023-01-10 00:00:00+00:00,0.0
2023-01-11 00:00:00+00:00,0.0024689915321183253
2023-01-12 00:00:00+00:00,0.0017474710167055818
2023-01-13 00:00:00+00:00,0.0023614350730878364
2023-01-14 00:00:00+00:00,0.006625897923324686
2023-01-15 00:00:00+00:00,0.0001517174918179709
2023-01-16 00:00:00+00:00,0.0015594024435290343
2023-01-17 00:00:00+00:00,-0.0007911024440316883
2023-01-18 00:00:00+00:00,-0.0036851178680155083
2023-01-19 00:00:00+00:00,0.0026390552534309997
2023-01-20 00:00:00+00:00,0.007252057774963072
2023-01-21 00:00:00+00:00,-0.002136215621277082
2023-01-22 00:00:00+00:00,1.4069333917898774e-06
2023-01-23 00:00:00+00:00,-0.00011646087808514505
2023-01-24 00:00:00+00:00,-0.004795680878324493
2023-01-25 00:00:00+00:00,0.00370898312702872
2023-01-26 00:00:00+00:00,-0.0007531501901018034
2023-01-27 00:00:00+00:00,-0.0002749741788843352
2023-01-28 00:00:00+00:00,-0.0017525675741372204
2023-01-29 00:00:00+00:00,0.004967705062601135
2023-01-30 00:00:00+00:00,-0.005383525841583414
2023-01-31 00:00:00+00:00,0.0012565368344643613
2023-02-01 00:00:00+00:00,0.0037936339328683566
2023-02-02 00:00:00+00:00,0.00010144767146691436
2023-02-03 00:00:00+00:00,0.0013003538133391501
2023-02-04 00:00:00+00:00,0.00015146445379499163
2023-02-05 00:00:00+00:00,-0.0025437881344266833
2023-02-06 00:00:00+00:00,-0.0010461828938735929
2023-02-07 00:00:00+00:00,0.0048362916553046364
2023-02-08 00:00:00+00:00,-0.0017946161873908517
2023-02-09 00:00:00+00:00,-0.012707210396172397
2023-02-10 00:00:00+00:00,-0.003097602348636652
2023-02-11 00:00:00+00:00,0.0006597632146689847
2023-02-12 00:00:00+00:00,-0.0007366691807394465
2023-02-13 00:00:00+00:00,-0.0003122326091815619
2023-02-14 00:00:00+00:00,-6.58195999371225e-05
2023-02-15 00:00:00+00:00,0.0
2023-02-16 00:00:00+00:00,-0.002134312824927931
2023-02-17 00:00:00+00:00,0.003015308319584742
2023-02-18 00:00:00+00:00,-0.0004351593034758183
2023-02-19 00:00:00+00:00,-0.001279134485028588
2023-02-20 00:00:00+00:00,0.002471087737440758
2023-02-21 00:00:00+00:00,-0.004848623903659699
2023-02-22 00:00:00+00:00,-0.001914087153714994
2023-02-23 00:00:00+00:00,0.0007947681029154552
2023-02-24 00:00:00+00:00,-0.0046467519816569824
2023-02-25 00:00:00+00:00,-0.001513397867675459
2023-02-26 00:00:00+00:00,0.002675154605947805
2023-02-27 00:00:00+00:00,-0.0004925902307563179
2023-02-28 00:00:00+00:00,-0.0016718695646504855
2023-03-01 00:00:00+00:00,0.0035355862814607786
2023-03-02 00:00:00+00:00,-0.0010454190966708854
2023-03-03 00:00:00+00:00,-0.004661559579682617
2023-03-04 00:00:00+00:00,-0.00017765061212970945
2023-03-05 00:00:00+00:00,-0.00013159561632070105
2023-03-06 00:00:00+00:00,5.193031978656393e-05
2023-03-07 00:00:00+00:00,-0.0002444666847993826
2023-03-08 00:00:00+00:00,-0.0010112993030729767
2023-03-09 00:00:00+00:00,-0.003040464081562666
2023-03-10 00:00:00+00:00,0.00022981783549358425
2023-03-11 00:00:00+00:00,-6.622984666626586e-05
2023-03-12 00:00:00+00:00,-0.007199911821463734
2023-03-13 00:00:00+00:00,-0.00013507523419753475
2023-03-14 00:00:00+00:00,0.0006361709656186321
2023-03-15 00:00:00+00:00,-0.0013933445172672476
2023-03-16 00:00:00+00:00,0.0006071986868350088
2023-03-17 00:00:00+00:00,0.0031707704355921074
2023-03-18 00:00:00+00:00,-0.0034292664913986304
2023-03-19 00:00:00+00:00,0.0021867096325678403
2023-03-20 00:00:00+00:00,-0.0050836757050994885
2023-03-21 00:00:00+00:00,0.007129445598527573
2023-03-22 00:00:00+00:00,-0.006941800250075403
2023-03-23 00:00:00+00:00,0.008309039024854359
2023-03-24 00:00:00+00:00,-0.006755531281029237
2023-03-25 00:00:00+00:00,-0.000815304617911905
2023-03-26 00:00:00+00:00,0.003296876881915045
2023-03-27 00:00:00+00:00,-0.006081555886796375
2023-03-28 00:00:00+00:00,0.006044404623071653
2023-03-29 00:00:00+00:00,0.0020139983067133382
2023-03-30 00:00:00+00:00,7.098505448888126e-05
2023-03-31 00:00:00+00:00,0.0028736164633156314
2023-04-01 00:00:00+00:00,-0.0001525122245741306
2023-04-02 00:00:00+00:00,-0.002749974862208626
2023-04-03 00:00:00+00:00,0.0016882891669822708
2023-04-04 00:00:00+00:00,0.006139445965341217
2023-04-05 00:00:00+00:00,0.003911100635539899
2023-04-06 00:00:00+00:00,-0.003742113600519459
2023-04-07 00:00:00+00:00,-0.0008983672002367271
2023-04-08 00:00:00+00:00,-0.0015486207679018538
2023-04-09 00:00:00+00:00,0.0010129671251495331
2023-04-10 00:00:00+00:00,0.0052804399271697555
2023-04-11 00:00:00+00:00,-0.0020943423960462226
2023-04-12 00:00:00+00:00,0.0028722181202804897
2023-04-13 00:00:00+00:00,0.009700852782293046
2023-04-14 00:00:00+00:00,0.008894455931219403
2023-04-15 00:00:00+00:00,-0.0009284640019344703
2023-04-16 00:00:00+00:00,0.0026529343799770455
2023-04-17 00:00:00+00:00,-0.0044560489634142275
2023-04-18 00:00:00+00:00,0.002851184571383669
2023-04-19 00:00:00+00:00,-0.017242086220880082
2023-04-20 00:00:00+00:00,0.0005059680364991603
2023-04-21 00:00:00+00:00,-0.006305579533668726
2023-04-22 00:00:00+00:00,0.001138360140579886
2023-04-23 00:00:00+00:00,-0.0005691034896538882
2023-04-24 00:00:00+00:00,-0.0009621115530712432
2023-04-25 00:00:00+00:00,0.0005059560101412508
2023-04-26 00:00:00+00:00,-1.5434681047366006e-05
2023-04-27 00:00:00+00:00,0.0010176128571313114
2023-04-28 00:00:00+00:00,-0.00043084679558802463
2023-04-29 00:00:00+00:00,0.0003962616834358723
2023-04-30 00:00:00+00:00,-0.0009295564840179349
2023-05-01 00:00:00+00:00,-0.0009202339652878422
2023-05-02 00:00:00+00:00,0.0009306797114632115
2023-05-03 00:00:00+00:00,0.000838971544162348
2023-05-04 00:00:00+00:00,-0.0006977117453834669
2023-05-05 00:00:00+00:00,0.002777313659433567
2023-05-06 00:00:00+00:00,-0.004409330749943874
2023-05-07 00:00:00+00:00,-0.0011624378017710546
2023-05-08 00:00:00+00:00,-0.0010382139271513102
2023-05-09 00:00:00+00:00,-5.38022417525541e-05
2023-05-10 00:00:00+00:00,-0.0002778309615857344
2023-05-11 00:00:00+00:00,-0.0012058385884912148
2023-05-12 00:00:00+00:00,-0.0004620510064451411
2023-05-13 00:00:00+00:00,0.000308592516572892
2023-05-14 00:00:00+00:00,-9.231341498705525e-05
2023-05-15 00:00:00+00:00,-0.00043966072781054244
2023-05-16 00:00:00+00:00,-6.502584140988255e-05
2023-05-17 00:00:00+00:00,-1.670708804968335e-05
2023-05-18 00:00:00+00:00,0.000583474105483317
2023-05-19 00:00:00+00:00,-0.0002971578370030148
2023-05-20 00:00:00+00:00,-0.0001844127901382553
2023-05-21 00:00:00+00:00,0.0003874159041497016
2023-05-22 00:00:00+00:00,-0.0003259539395634725
2023-05-23 00:00:00+00:00,-0.000949385398300695
2023-05-24 00:00:00+00:00,0.0014337831904565057
2023-05-25 00:00:00+00:00,-0.0001479695151430649
2023-05-26 00:00:00+00:00,-0.0005694545332485257
2023-05-27 00:00:00+00:00,-4.962842721667471e-05
2023-05-28 00:00:00+00:00,-6.70092329196903e-05
2023-05-29 00:00:00+00:00,-0.0010012902401002055
2023-05-30 00:00:00+00:00,0.0003950530931227103
2023-05-31 00:00:00+00:00,-0.0013697853045101516
2023-06-01 00:00:00+00:00,-0.0006415253208973404
2023-06-02 00:00:00+00:00,0.0022466965268315153
2023-06-03 00:00:00+00:00,-0.0007560350461526255
2023-06-04 00:00:00+00:00,-0.00013433333586643226
2023-06-05 00:00:00+00:00,-0.003962563383161366
2023-06-06 00:00:00+00:00,0.0019009471070940975
2023-06-07 00:00:00+00:00,-0.0013998895126736688
2023-06-08 00:00:00+00:00,0.0003557954949116038
2023-06-09 00:00:00+00:00,-0.00015032157260053136
2023-06-10 00:00:00+00:00,-7.187879165315714e-05
2023-06-11 00:00:00+00:00,-0.00030003385143262395
2023-06-12 00:00:00+00:00,0.0009170934840454503
2023-06-13 00:00:00+00:00,0.00023300410688587014
2023-06-14 00:00:00+00:00,0.007761116182270822
2023-06-15 00:00:00+00:00,-0.002047265156595368
2023-06-16 00:00:00+00:00,-0.0003094493710017465
2023-06-17 00:00:00+00:00,0.0
2023-06-18 00:00:00+00:00,0.0006040798849937801
2023-06-19 00:00:00+00:00,-0.0019896302578815694
2023-06-20 00:00:00+00:00,-0.006859490032569804
2023-06-21 00:00:00+00:00,-0.006095400719650312
2023-06-22 00:00:00+00:00,-0.0001511904104357642
2023-06-23 00:00:00+00:00,0.0
2023-06-24 00:00:00+00:00,-0.0006021553360112675
2023-06-25 00:00:00+00:00,0.0006785335451142682
2023-06-26 00:00:00+00:00,-0.0011851091056153118
2023-06-27 00:00:00+00:00,0.0008970981676827972
2023-06-28 00:00:00+00:00,-0.0018135058542604332
2023-06-29 00:00:00+00:00,0.0006933324890550097
2023-06-30 00:00:00+00:00,0.0023910135542852817
2023-07-01 00:00:00+00:00,-0.0006276899642416733
2023-07-02 00:00:00+00:00,0.0007358009288038758
2023-07-03 00:00:00+00:00,0.0009433133037937136
2023-07-04 00:00:00+00:00,-0.0011195577040338245
2023-07-05 00:00:00+00:00,-0.0014904519147159734
2023-07-06 00:00:00+00:00,-0.003700749753132171
2023-07-07 00:00:00+00:00,0.0014139653234144234
2023-07-08 00:00:00+00:00,-0.00031930755108300346
2023-07-09 00:00:00+00:00,-0.00015937140912347658
2023-07-10 00:00:00+00:00,0.0004395425907379735
2023-07-11 00:00:00+00:00,-6.07312738276633e-05
2023-07-12 00:00:00+00:00,-0.00021715166174418599
2023-07-13 00:00:00+00:00,0.003968353983622164
2023-07-14 00:00:00+00:00,-0.0057718211606442305
2023-07-15 00:00:00+00:00,-0.0005503615137752993
2023-07-16 00:00:00+00:00,-0.0008020145014406843
2023-07-17 00:00:00+00:00,-0.0008908945054064699
2023-07-18 00:00:00+00:00,-0.0008920390747464424
2023-07-19 00:00:00+00:00,-0.0005384476544841865
2023-07-20 00:00:00+00:00,1.268263207010456e-05
2023-07-21 00:00:00+00:00,3.0267499129266184e-06
2023-07-22 00:00:00+00:00,-0.0007863777942253014
2023-07-23 00:00:00+00:00,0.0006844216711578976
2023-07-24 00:00:00+00:00,-0.001213188286138922
2023-07-25 00:00:00+00:00,0.00022936865170342102
2023-07-26 00:00:00+00:00,0.0004217468252725176
2023-07-27 00:00:00+00:00,-0.0003446788066127082
2023-07-28 00:00:00+00:00,0.00039531520997848624
2023-07-29 00:00:00+00:00,0.00018786388436931034
2023-07-30 00:00:00+00:00,-0.0006010230867048438
2023-07-31 00:00:00+00:00,-0.00016916394434440818
2023-08-01 00:00:00+00:00,0.0005359745469459831
2023-08-02 00:00:00+00:00,-0.0010711345344863732
2023-08-03 00:00:00+00:00,-1.3228002945897543e-05
2023-08-04 00:00:00+00:00,0.00019157871713892938
2023-08-05 00:00:00+00:00,-0.00018739261043743127
2023-08-06 00:00:00+00:00,0.00021739319837443816
2023-08-07 00:00:00+00:00,5.7860955824384774e-05
2023-08-08 00:00:00+00:00,-0.000892611231353535
2023-08-09 00:00:00+00:00,3.332101460573611e-05
2023-08-10 00:00:00+00:00,0.00012645894961615944
2023-08-11 00:00:00+00:00,0.00011800990134003264
2023-08-12 00:00:00+00:00,-2.5854214849796442e-05
2023-08-13 00:00:00+00:00,0.0003130132604318714
2023-08-14 00:00:00+00:00,-0.00013895194883495332
2023-08-15 00:00:00+00:00,0.0011373099063751724
2023-08-16 00:00:00+00:00,0.0015787287659392302
2023-08-17 00:00:00+00:00,0.009249808665884984
2023-08-18 00:00:00+00:00,0.00218544895550421
2023-08-19 00:00:00+00:00,-0.0002698423352492929
2023-08-20 00:00:00+00:00,0.0
2023-08-21 00:00:00+00:00,0.0
2023-08-22 00:00:00+00:00,0.0
2023-08-23 00:00:00+00:00,0.0
2023-08-24 00:00:00+00:00,0.0
2023-08-25 00:00:00+00:00,0.0
2023-08-26 00:00:00+00:00,0.0
2023-08-27 00:00:00+00:00,0.0
2023-08-28 00:00:00+00:00,0.0004337190231569199
2023-08-29 00:00:00+00:00,-0.011899057829839244
2023-08-30 00:00:00+00:00,-0.00036380562983873155
2023-08-31 00:00:00+00:00,0.008402288583343465
2023-09-01 00:00:00+00:00,0.002512251517717612
2023-09-02 00:00:00+00:00,-0.0011768713774986672
2023-09-03 00:00:00+00:00,-0.00033181922748437565
2023-09-04 00:00:00+00:00,0.0
2023-09-05 00:00:00+00:00,0.0
2023-09-06 00:00:00+00:00,-0.0001528404225140667
2023-09-07 00:00:00+00:00,-0.0023706774742182635
2023-09-08 00:00:00+00:00,0.0018901989619830584
2023-09-09 00:00:00+00:00,0.0001914354522059014
2023-09-10 00:00:00+00:00,0.0029799807166095427
2023-09-11 00:00:00+00:00,0.010574566715760847
2023-09-12 00:00:00+00:00,-0.006600758422873554
2023-09-13 00:00:00+00:00,-0.0003528158135118753
2023-09-14 00:00:00+00:00,-0.003601780969869628
2023-09-15 00:00:00+00:00,-0.00038665151910310946
2023-09-16 00:00:00+00:00,0.00039660759145254687
2023-09-17 00:00:00+00:00,0.0010244341271512525
2023-09-18 00:00:00+00:00,-0.0011731847122531391
2023-09-19 00:00:00+00:00,-0.0005803970778186507
2023-09-20 00:00:00+00:00,-0.0001867859807312966
2023-09-21 00:00:00+00:00,0.003324363084190596
2023-09-22 00:00:00+00:00,-0.0008312324757977496
2023-09-23 00:00:00+00:00,-5.104935332622684e-05
2023-09-24 00:00:00+00:00,0.0011914363501874803
2023-09-25 00:00:00+00:00,-0.0006821774891856425
2023-09-26 00:00:00+00:00,-0.0004904789787710806
2023-09-27 00:00:00+00:00,-0.0003949493385797531
2023-09-28 00:00:00+00:00,-0.004926687008042441
2023-09-29 00:00:00+00:00,-0.0007795622886089815
2023-09-30 00:00:00+00:00,-0.00010885295515750126
2023-10-01 00:00:00+00:00,0.0
2023-10-02 00:00:00+00:00,-0.003241713992368278
2023-10-03 00:00:00+00:00,-0.0002380133790063077
2023-10-04 00:00:00+00:00,-0.00010407371877985128
2023-10-05 00:00:00+00:00,0.0
2023-10-06 00:00:00+00:00,-0.0016269595296461992
2023-10-07 00:00:00+00:00,0.0005295598924106582
2023-10-08 00:00:00+00:00,7.505575224997507e-05
2023-10-09 00:00:00+00:00,0.002456211710546441
2023-10-10 00:00:00+00:00,0.001078233221825542
2023-10-11 00:00:00+00:00,9.34166721353602e-05
2023-10-12 00:00:00+00:00,0.004119117537526584
2023-10-13 00:00:00+00:00,-0.0028244360557914128
2023-10-14 00:00:00+00:00,-0.0005218108821523071
2023-10-15 00:00:00+00:00,-0.0006174808796436393
2023-10-16 00:00:00+00:00,-0.008824073444147373
2023-10-17 00:00:00+00:00,0.0075417387714571404
2023-10-18 00:00:00+00:00,0.0003348589846465799
2023-10-19 00:00:00+00:00,-0.0006528577544222536
2023-10-20 00:00:00+00:00,-0.007957666044214995
2023-10-21 00:00:00+00:00,-0.005418647519649045
2023-10-22 00:00:00+00:00,-0.005157741862769405
2023-10-23 00:00:00+00:00,-0.00031656931598811333
2023-10-24 00:00:00+00:00,0.0018786243468682517
2023-10-25 00:00:00+00:00,0.00023104069761403778
2023-10-26 00:00:00+00:00,0.001988688445346165
2023-10-27 00:00:00+00:00,-0.002945400755086869
2023-10-28 00:00:00+00:00,-0.0004708364634952167
2023-10-29 00:00:00+00:00,0.0022578776543042967
2023-10-30 00:00:00+00:00,0.001706132999409915
2023-10-31 00:00:00+00:00,0.0006576623140195359
2023-11-01 00:00:00+00:00,0.0039513466632343786
2023-11-02 00:00:00+00:00,-0.0059762683411505035
2023-11-03 00:00:00+00:00,0.0038703684324059573
2023-11-04 00:00:00+00:00,0.0028408551334155874
2023-11-05 00:00:00+00:00,0.005450510207904546
2023-11-06 00:00:00+00:00,0.001326523606349772
2023-11-07 00:00:00+00:00,-0.002524041945908606
2023-11-08 00:00:00+00:00,0.00031694921493552464
2023-11-09 00:00:00+00:00,0.03570150868980404
2023-11-10 00:00:00+00:00,-0.0051205110199630255
2023-11-11 00:00:00+00:00,-0.0028270038661938335
2023-11-12 00:00:00+00:00,-0.0010456825986678853
2023-11-13 00:00:00+00:00,0.000825476721644236
2023-11-14 00:00:00+00:00,-0.008377245133676325
2023-11-15 00:00:00+00:00,0.00874166884521177
2023-11-16 00:00:00+00:00,-0.01078212518040389
2023-11-17 00:00:00+00:00,-0.00016779588485826835
2023-11-18 00:00:00+00:00,0.0001555331467384402
2023-11-19 00:00:00+00:00,0.00542707493303074
2023-11-20 00:00:00+00:00,0.001035904452087566
2023-11-21 00:00:00+00:00,-0.009921519891982089
2023-11-22 00:00:00+00:00,0.007501058743533129
2023-11-23 00:00:00+00:00,-0.00010806607352897846
2023-11-24 00:00:00+00:00,0.0010445655175825852
2023-11-25 00:00:00+00:00,6.342705235407031e-05
2023-11-26 00:00:00+00:00,-0.0012578749217443397
2023-11-27 00:00:00+00:00,-0.0020486677050929325
2023-11-28 00:00:00+00:00,0.0011740026380682167
2023-11-29 00:00:00+00:00,-0.0011949691389452344
2023-11-30 00:00:00+00:00,0.0013334098243216186
2023-12-01 00:00:00+00:00,0.0020265627822737553
2023-12-02 00:00:00+00:00,0.006215225262847568
2023-12-03 00:00:00+00:00,0.002740352669631463
2023-12-04 00:00:00+00:00,0.00509197515529225
2023-12-05 00:00:00+00:00,0.005054775194619943
2023-12-06 00:00:00+00:00,-0.00621657150214594
2023-12-07 00:00:00+00:00,0.012546155581174334
2023-12-08 00:00:00+00:00,0.0002727126261767854
2023-12-09 00:00:00+00:00,-0.0020623929492914472
2023-12-10 00:00:00+00:00,0.0010355191366357985
2023-12-11 00:00:00+00:00,-0.013040399883481046
2023-12-12 00:00:00+00:00,-0.0021975096223016966
2023-12-13 00:00:00+00:00,0.0057188745376870465
2023-12-14 00:00:00+00:00,0.005536053490454496
2023-12-15 00:00:00+00:00,-0.009664105103356024
2023-12-16 00:00:00+00:00,0.0007414579630882212
2023-12-17 00:00:00+00:00,-0.003308265167932145
2023-12-18 00:00:00+00:00,0.0022313704873466733
2023-12-19 00:00:00+00:00,-0.004305060869299493
2023-12-20 00:00:00+00:00,0.0015910344738194748
2023-12-21 00:00:00+00:00,0.0024927657176287976
2023-12-22 00:00:00+00:00,0.005778220762157726
2023-12-23 00:00:00+00:00,-0.0012467813120162763
2023-12-24 00:00:00+00:00,-0.0032046559041987166
2023-12-25 00:00:00+00:00,0.0004103683454135254
2023-12-26 00:00:00+00:00,-0.0030419590234663785
2023-12-27 00:00:00+00:00,0.010236295648371918
2023-12-28 00:00:00+00:00,-0.00262128433893305
2023-12-29 00:00:00+00:00,-0.0034066963275389828
2023-12-30 00:00:00+00:00,-0.0006535779162538669
2023-12-31 00:00:00+00:00,-0.001017365611008847
