trade_id,strategy_variant,entry_time,exit_time,signal_cutoff,symbol,category,eligible_count,past14,ppc14,selection_past,selection_continuity,past_rank,continuity_rank,entry_price,exit_price,notional_fraction,quantity_per_unit_plan_capital,funding_events,actual_funding_return,stress_funding_return,gross_long_return,favorable_price_cost_return,favorable_reconciliation_error,favorable_net_return,base_price_cost_return,base_reconciliation_error,base_net_return,stress_price_cost_return,stress_reconciliation_error,stress_net_return
development-formation21-20240101-AVAXUSDT,formation21,2024-01-01T00:00:00+0000,2024-01-08T00:00:00+0000,2023-12-30T00:00:00+0000,AVAXUSDT,Layer-1,25,-0.06729038370440554,0.12380952380952381,0.23290544771446453,0.14285714285714285,5.0,7.0,38.59,33.635,0.25,0.006478362270018139,21,-0.0012502887660977152,-0.0018754331491465733,-0.03210028504793991,-0.032381024876911135,6.938893903907228e-18,-0.03363131364300885,-0.03284894385203421,0.0,-0.03409923261813193,-0.03331686282715732,6.938893903907228e-18,-0.03519229597630389
development-formation21-20240101-NEARUSDT,formation21,2024-01-01T00:00:00+0000,2024-01-08T00:00:00+0000,2023-12-30T00:00:00+0000,NEARUSDT,Layer-1,25,0.5386867419489751,0.047619047619047616,0.5177392739273927,0.09090909090909091,1.0,9.0,3.654,3.214,0.25,0.06841817186644773,21,-0.0011814112970190958,-0.0017721169455286432,-0.030103995621237,-0.030385933223864237,2.0816681711721685e-17,-0.031567344520883334,-0.030855847290640365,-1.0408340855860843e-17,-0.03203725858765946,-0.03132576135741652,2.0816681711721685e-17,-0.033097878302945166
development-formation21-20240115-TRXUSDT,formation21,2024-01-15T00:00:00+0000,2024-01-22T00:00:00+0000,2024-01-13T00:00:00+0000,TRXUSDT,Layer-1,25,0.07775051896584251,0.3523809523809524,0.06877514737531576,0.341991341991342,5.0,4.0,0.11118,0.10883,0.25,2.248605864364094,21,-0.00035545260891527256,-0.0005661666618438568,-0.00528422378125562,-0.005581053246986878,0.0,-0.00593650585590215,-0.00607577219373992,-4.5102810375396984e-17,-0.0064312248026551925,-0.006570491140492907,-4.336808689942018e-18,-0.007136657802336763
development-formation21-20240122-BNBUSDT,formation21,2024-01-22T00:00:00+0000,2024-01-29T00:00:00+0000,2024-01-20T00:00:00+0000,BNBUSDT,Layer-1,25,0.03199869791666665,0.2,0.0010103880521612485,0.10822510822510822,5.0,6.0,318.41,305.25,0.25,0.000785151220124996,21,0.0006127021565748563,0.00030635107828742814,-0.010332590056844976,-0.010626390502810862,-1.734723475976807e-18,-0.010013688346236005,-0.011116064112308033,-5.204170427930421e-18,-0.010503361955733176,-0.011605737721805232,8.673617379884035e-18,-0.011299386643517803
development-formation21-20240129-ETCUSDT,formation21,2024-01-29T00:00:00+0000,2024-02-05T00:00:00+0000,2024-01-27T00:00:00+0000,ETCUSDT,PoW,25,-0.16000419683139222,-0.21904761904761905,0.20820966849439104,0.05627705627705628,2.0,7.0,23.497,24.988,0.25,0.010639656126313998,21,-0.0005535351615312594,-0.0008303027422968891,0.01586372728433416,0.015554209047963563,-3.469446951953614e-18,0.015000673886432303,0.01503835483891558,-3.122502256758253e-17,0.01448481967738432,0.014522500629867596,-1.734723475976807e-17,0.013692197887570708
development-formation21-20240129-LTCUSDT,formation21,2024-01-29T00:00:00+0000,2024-02-05T00:00:00+0000,2024-01-27T00:00:00+0000,LTCUSDT,Payment,25,-0.05486873176830098,-0.3904761904761905,0.0364051789794364,0.22077922077922077,6.0,4.0,68.33,66.93,0.25,0.003658715059271184,21,-0.0005208270900226842,-0.0007812406350340262,-0.005122201082979616,-0.005419127762329806,3.209238430557093e-17,-0.0059399548523524906,-0.00591400863456748,-1.474514954580286e-17,-0.006434835724590165,-0.00640888950680521,-1.3010426069826053e-17,-0.007190130141839236
development-formation21-20240129-SOLUSDT,formation21,2024-01-29T00:00:00+0000,2024-02-05T00:00:00+0000,2024-01-27T00:00:00+0000,SOLUSDT,Layer-1,25,-0.01667431862765556,0.009523809523809525,0.0046802204714335716,0.03896103896103896,8.0,9.0,95.948,95.452,0.25,0.002605578021428274,21,-0.00048166199813237784,-0.0007224929971985668,-0.0012923666986284221,-0.0015915912786091946,3.946495907847236e-17,-0.0020732532767415725,-0.002090299687330599,-6.938893903907228e-18,-0.002571961685462977,-0.0025890080960520034,2.0383000842727483e-17,-0.00331150109325057
development-formation21-20240129-XMRUSDT,formation21,2024-01-29T00:00:00+0000,2024-02-05T00:00:00+0000,2024-01-27T00:00:00+0000,XMRUSDT,PoW,25,0.029598715890850835,0.3333333333333333,0.05160994163551713,0.26406926406926406,5.0,3.0,160.63,165.94,0.25,0.0015563717860922618,21,-0.0005432804673628837,-0.0008149207010443255,0.008264334184149902,0.007959375583639405,-1.734723475976807e-17,0.0074160951162765215,0.007451116208055775,-4.7704895589362195e-17,0.006907835740692891,0.006942856832472144,1.1275702593849246e-17,0.006127936131427819
development-formation21-20240212-ETCUSDT,formation21,2024-02-12T00:00:00+0000,2024-02-19T00:00:00+0000,2024-02-10T00:00:00+0000,ETCUSDT,PoW,23,0.0780248147222915,0.3333333333333333,0.04686046981765246,0.30735930735930733,7.0,3.0,25.877,26.572,0.25,0.00966108899795185,21,-0.0015505503055577412,-0.002325825458336613,0.0067144568535765226,0.006410428179464411,1.9081958235744878e-17,0.00485987787390667,0.005903717751284898,-3.642919299551295e-17,0.004353167445727157,0.0053970073231054405,-3.642919299551295e-17,0.0030711818647688274
development-formation21-20240212-LINKUSDT,formation21,2024-02-12T00:00:00+0000,2024-02-19T00:00:00+0000,2024-02-10T00:00:00+0000,LINKUSDT,Infrastructure,23,0.3307295299204909,0.29523809523809524,0.20897224686351534,0.030303030303030304,3.0,8.0,20.153,20.135,0.25,0.012405100977521958,21,-0.0008602189998383108,-0.0012903284997574662,-0.00022329181759536687,-0.0005231578425047845,1.7889335846010823e-17,-0.0013833768423430954,-0.0010229346846622744,-1.691355389077387e-17,-0.0018831536845005854,-0.0015227115268197644,3.642919299551295e-17,-0.0028130400265772306
development-formation21-20240212-SOLUSDT,formation21,2024-02-12T00:00:00+0000,2024-02-19T00:00:00+0000,2024-02-10T00:00:00+0000,SOLUSDT,Layer-1,23,0.15639126467030295,0.44761904761904764,0.17304628632938646,0.3852813852813853,4.0,2.0,107.471,112.344,0.25,0.0023262089307813268,21,-0.0010362475380348846,-0.001554371307052327,0.011335616119697411,0.01102881475002554,-2.42861286636753e-17,0.009992567211990655,0.010517485935275517,-6.245004513516506e-17,0.009481238397240632,0.01000615712052555,2.2551405187698492e-17,0.008451785813473223
development-formation21-20240212-TRXUSDT,formation21,2024-02-12T00:00:00+0000,2024-02-19T00:00:00+0000,2024-02-10T00:00:00+0000,TRXUSDT,Layer-1,23,0.10679006852362738,0.5047619047619047,0.13073915810528214,0.42857142857142855,6.0,1.0,0.12417,0.1353,0.25,2.013368768623661,21,-0.0007393221330750181,-0.0011089831996125273,0.02240879439478133,0.02209534911814448,0.0,0.021356026985069464,0.02157295376902635,1.0408340855860843e-17,0.02083363163595133,0.021050558419908216,4.5102810375396984e-17,0.019941575220295688
development-formation21-20240212-VETUSDT,formation21,2024-02-12T00:00:00+0000,2024-02-19T00:00:00+0000,2024-02-10T00:00:00+0000,VETUSDT,Layer-1,23,0.0494874513962531,0.08571428571428572,0.042120042120042056,0.08225108225108226,8.0,4.0,0.03021,0.0456,0.25,8.275405494869249,21,-0.001424670763845581,-0.0021370061457683717,0.12735849056603776,0.12698207547169815,5.551115123125783e-17,0.12555740470785257,0.12635479339622646,0.0,0.12493012263238087,0.12572751132075477,2.7755575615628914e-17,0.1235905051749864
development-formation21-20240226-BNBUSDT,formation21,2024-02-26T00:00:00+0000,2024-03-04T00:00:00+0000,2024-02-24T00:00:00+0000,BNBUSDT,Layer-1,23,0.18190272482098013,0.14285714285714285,0.27234198758593053,0.16883116883116883,6.0,8.0,388.28,414.73,0.25,0.0006438652518800865,21,-0.0010799736373974923,-0.0021905920034387375,0.017030235912228298,0.016720017770680995,1.3877787807814457e-17,0.0156400441332835,0.016202997752910286,-2.7755575615628914e-17,0.015123024115512794,0.015685977735139578,-4.163336342344337e-17,0.013495385731700841
development-formation21-20240226-HBARUSDT,formation21,2024-02-26T00:00:00+0000,2024-03-04T00:00:00+0000,2024-02-24T00:00:00+0000,HBARUSDT,Layer-1,23,0.3961977186311787,0.3142857142857143,0.5896103896103895,0.2987012987012987,2.0,3.0,0.10938,0.11307,0.25,2.285609800694825,21,-0.0028343231499403454,-0.004251484724910518,0.008433900164563912,0.008128839824465162,-1.734723475976807e-18,0.005294516674524816,0.007620410984640669,-3.209238430557093e-17,0.004786087834700323,0.007111982144816231,-6.938893903907228e-18,0.0028604974199057135
development-formation21-20240226-NEARUSDT,formation21,2024-02-26T00:00:00+0000,2024-03-04T00:00:00+0000,2024-02-24T00:00:00+0000,NEARUSDT,Layer-1,23,0.2711140322050607,0.5619047619047619,0.37455579246624016,0.3246753246753247,4.0,2.0,3.708,4.439,0.25,0.0674217907227616,21,-0.0033642237685797597,-0.00504633565286964,0.04928532901833871,0.0489557578209277,-1.3877787807814457e-17,0.04559153405234794,0.048406502063106815,-2.7755575615628914e-17,0.045042278294527054,0.04785724630528587,3.469446951953614e-17,0.04281091065241623
development-formation21-20240226-VETUSDT,formation21,2024-02-26T00:00:00+0000,2024-03-04T00:00:00+0000,2024-02-24T00:00:00+0000,VETUSDT,Layer-1,23,0.4988211519029975,0.12380952380952381,0.5603085553997194,0.22943722943722944,3.0,5.0,0.04507,0.04912,0.25,5.546927002440648,21,-0.0029969371257272024,-0.0044954056885908025,0.022465054359884606,0.02215157532726869,1.0408340855860843e-17,0.01915463820154149,0.021629123751941426,-1.734723475976807e-17,0.018632186626214225,0.02110667217661416,2.42861286636753e-17,0.016611266488023357
development-formation21-20240304-BCHUSDT,formation21,2024-03-04T00:00:00+0000,2024-03-11T00:00:00+0000,2024-03-02T00:00:00+0000,BCHUSDT,Payment,24,0.8795866407069044,0.5047619047619047,1.0277912425270643,0.43722943722943725,1.0,1.0,470.87,422.9,0.25,0.000530932104402489,21,-0.0006912365268421054,-0.0012051627363861754,-0.025468813048187405,-0.025753531760358495,3.469446951953614e-18,-0.0264447682872006,-0.0262280782285981,1.734723475976807e-17,-0.026919314755440207,-0.026702624696837735,3.122502256758253e-17,-0.02790778743322391
development-formation21-20240304-DASHUSDT,formation21,2024-03-04T00:00:00+0000,2024-03-11T00:00:00+0000,2024-03-02T00:00:00+0000,DASHUSDT,PoW,24,0.3183619550858652,0.12380952380952381,0.4511086877499091,0.16017316017316016,8.0,8.0,38.07,40.39,0.25,0.006566850538481744,21,-0.0028188891989372475,-0.004228333798405871,0.015235093249277631,0.014925952193328151,6.938893903907228e-17,0.012107062994390905,0.014410726241134764,6.938893903907228e-18,0.011591837042197517,0.013895500288941487,5.724587470723463e-17,0.009667166490535617
development-formation21-20240304-ZILUSDT,formation21,2024-03-04T00:00:00+0000,2024-03-11T00:00:00+0000,2024-03-02T00:00:00+0000,ZILUSDT,PoW,24,0.3727034120734909,0.4666666666666667,0.494285714285714,0.3939393939393939,5.0,2.0,0.03028,0.03609,0.25,8.256274768824307,21,-0.0034231565112351385,-0.005134734766852709,0.047968956406869157,0.04764017503302509,2.0816681711721685e-17,0.04421701852178995,0.04709223485799208,3.469446951953614e-17,0.043669078346756936,0.04654429468295901,-1.3877787807814457e-17,0.0414095599161063
development-formation21-20240311-1000XECUSDT,formation21,2024-03-11T00:00:00+0000,2024-03-18T00:00:00+0000,2024-03-09T00:00:00+0000,1000XECUSDT,Payment,25,1.0794082125603865,0.638095238095238,1.0737729599518215,0.26406926406926406,1.0,5.0,0.06468,0.05478,0.25,3.865182436611008,21,-0.002349846413546305,-0.0035247696203194573,-0.03826530612244897,-0.03854234693877548,2.0816681711721685e-17,-0.04089219335232178,-0.03900410459183676,-4.163336342344337e-17,-0.04135395100538306,-0.039465862244897953,-6.938893903907228e-18,-0.04299063186521741
development-formation21-20240318-BCHUSDT,formation21,2024-03-18T00:00:00+0000,2024-03-25T00:00:00+0000,2024-03-16T00:00:00+0000,BCHUSDT,Payment,25,-0.22571713147410355,0.009523809523809525,0.4506064564284382,0.31601731601731603,7.0,5.0,402.62,485.47,0.25,0.000620932889573295,21,-0.0005226155181959759,-0.0008483026651783214,0.05144428990114752,0.051113423327206864,4.85722573273506e-17,0.05059080780901089,0.05056200990387966,4.163336342344337e-17,0.05003939438568368,0.050010596480552394,0.0,0.04916229381537407
development-formation21-20240318-BNBUSDT,formation21,2024-03-18T00:00:00+0000,2024-03-25T00:00:00+0000,2024-03-16T00:00:00+0000,BNBUSDT,Layer-1,25,0.4029233650314956,0.44761904761904764,0.5129435832874343,0.46320346320346323,4.0,1.0,571.5,568.36,0.25,0.0004374453193350831,21,-0.0006496156554813772,-0.0009744234832220656,-0.0013735783027121473,-0.0016727541557305103,1.734723475976807e-17,-0.0023223698112118875,-0.0021713814015747734,-2.6454533008646308e-17,-0.0028209970570561506,-0.0026700086474190365,2.862293735361732e-17,-0.003644432130641102
development-formation21-20240318-SOLUSDT,formation21,2024-03-18T00:00:00+0000,2024-03-25T00:00:00+0000,2024-03-16T00:00:00+0000,SOLUSDT,Layer-1,25,0.39943464634670933,0.5047619047619047,0.7498511247286628,0.3852813852813853,1.0,3.0,201.96,184.018,0.25,0.0012378688849277084,21,-0.0008641953034402337,-0.0012962929551603507,-0.022209843533372964,-0.02249651762725291,2.0816681711721685e-17,-0.023360712930693143,-0.02297432110962566,1.0408340855860843e-17,-0.023838516413065895,-0.023452124591998386,2.0816681711721685e-17,-0.024748417547158737
development-formation21-20240318-ZILUSDT,formation21,2024-03-18T00:00:00+0000,2024-03-25T00:00:00+0000,2024-03-16T00:00:00+0000,ZILUSDT,PoW,25,0.04939451880178458,-0.2571428571428571,0.36809306190278357,0.18614718614718614,8.0,8.0,0.03397,0.03398,0.25,7.359434795407712,21,-0.0006236581454180159,-0.0009354872181270238,7.359434795412012e-05,-0.00022644980865468844,-1.5693826446727677e-17,-0.0008501079540727043,-0.0007265233588460429,-4.575333167888829e-17,-0.0013501815042640587,-0.0012265969090373419,3.122502256758253e-17,-0.0021620841271643657
development-formation21-20240401-LTCUSDT,formation21,2024-04-01T00:00:00+0000,2024-04-08T00:00:00+0000,2024-03-30T00:00:00+0000,LTCUSDT,Payment,25,0.22290874524714832,0.580952380952381,0.13385479784069632,0.10822510822510822,5.0,9.0,105.14,101.3,0.25,0.0023777820049457866,20,-0.0007658275052750245,-0.0011487412579125368,-0.009130682898991827,-0.009425204489252409,2.42861286636753e-17,-0.010191031994527434,-0.009916079284763152,-3.469446951953614e-18,-0.010681906790038177,-0.010406954080273922,1.0408340855860843e-17,-0.01155569533818646
development-formation21-20240401-SOLUSDT,formation21,2024-04-01T00:00:00+0000,2024-04-08T00:00:00+0000,2024-03-30T00:00:00+0000,SOLUSDT,Layer-1,25,0.06678413032977648,0.23809523809523808,0.3456973910153436,0.3333333333333333,2.0,2.0,202.685,179.615,0.25,0.0012334410538520364,20,-0.0006439698370597664,-0.0009659547555896495,-0.02845548511236648,-0.028738411821299048,3.469446951953614e-18,-0.029382381658358814,-0.029209973409477757,-2.0816681711721685e-17,-0.029853943246537524,-0.02968153499765644,1.3877787807814457e-17,-0.030647489753246087
development-formation21-20240408-1000XECUSDT,formation21,2024-04-08T00:00:00+0000,2024-04-15T00:00:00+0000,2024-04-06T00:00:00+0000,1000XECUSDT,Payment,25,0.23150138163954548,0.047619047619047616,0.5567630506501067,0.06493506493506493,2.0,9.0,0.077,0.05695,0.25,3.2467532467532467,22,-0.0006873755391652598,-0.0010909995671894478,-0.0650974025974026,-0.06535834415584413,2.7755575615628914e-17,-0.06604571969500939,-0.06579328581168828,1.3877787807814457e-17,-0.06648066135085354,-0.06622822746753246,1.3877787807814457e-17,-0.0673192270347219
development-formation21-20240408-ETCUSDT,formation21,2024-04-08T00:00:00+0000,2024-04-15T00:00:00+0000,2024-04-06T00:00:00+0000,ETCUSDT,PoW,25,0.10661558278561278,0.29523809523809524,0.09044457462735145,0.09956709956709957,4.0,7.0,33.894,26.968,0.25,0.007375936743966484,22,-0.0007620155454368546,-0.0011430233181552816,-0.051085737888711846,-0.05135508644597861,2.0816681711721685e-17,-0.05211710199141546,-0.051804031359532626,6.938893903907228e-18,-0.05256604690496948,-0.05225297627308664,3.469446951953614e-17,-0.05339599959124192
development-formation21-20240408-KAVAUSDT,formation21,2024-04-08T00:00:00+0000,2024-04-15T00:00:00+0000,2024-04-06T00:00:00+0000,KAVAUSDT,DeFi,25,0.024824253075571345,-0.009523809523809525,0.043274069104327406,0.2727272727272727,6.0,2.0,0.957,0.6752,0.25,0.2612330198537095,22,-0.0007371874968574712,-0.0011150188393841954,-0.07361546499477534,-0.07387129571577847,-1.3877787807814457e-17,-0.07460848321263594,-0.07429772442006266,-2.7755575615628914e-17,-0.07503491191692013,-0.07472415312434691,-1.3877787807814457e-17,-0.0758391719637311
development-formation21-20240408-NEARUSDT,formation21,2024-04-08T00:00:00+0000,2024-04-15T00:00:00+0000,2024-04-06T00:00:00+0000,NEARUSDT,Layer-1,25,0.061008758683177344,-0.08571428571428572,0.04336204336204341,0.08225108225108226,5.0,8.0,6.922,5.713,0.25,0.0361167292689974,22,-0.0007135787207653209,-0.001079805143342719,-0.04366512568621783,-0.04393892661080612,-6.938893903907228e-18,-0.04465250533157144,-0.04439528768419529,0.0,-0.04510886640496061,-0.04485164875758449,6.938893903907228e-18,-0.045931453900927205
development-formation21-20240506-AAVEUSDT,formation21,2024-05-06T00:00:00+0000,2024-05-13T00:00:00+0000,2024-05-04T00:00:00+0000,AAVEUSDT,DeFi,25,-0.030626702997275213,-0.08571428571428572,0.07871437234687684,0.16883116883116883,9.0,6.0,89.95,82.96,0.25,0.0027793218454697055,20,-0.0002333231263016443,-0.0004381101601786376,-0.019427459699833255,-0.01971580322401334,2.7755575615628914e-17,-0.019949126350314983,-0.020196387420789302,1.734723475976807e-17,-0.020429710547090946,-0.02067697161756532,2.7755575615628914e-17,-0.021115081777743957
development-formation21-20240506-TRXUSDT,formation21,2024-05-06T00:00:00+0000,2024-05-13T00:00:00+0000,2024-05-04T00:00:00+0000,TRXUSDT,Layer-1,25,0.10070257611241229,0.5238095238095238,0.10979929161747348,0.3939393939393939,5.0,1.0,0.12107,0.12735,0.25,2.0649211200132154,20,-0.00011713108821053935,-0.00034049575233315434,0.012967704633682964,0.012659924010902768,-3.469446951953614e-18,0.012542792922692229,0.012146964086891865,-3.2959746043559335e-17,0.012029832998681326,0.011634004162880962,-5.204170427930421e-18,0.011293508410547808
development-formation21-20240506-ZECUSDT,formation21,2024-05-06T00:00:00+0000,2024-05-13T00:00:00+0000,2024-05-04T00:00:00+0000,ZECUSDT,PoW,25,-0.0068876452862677295,-0.06666666666666667,0.12922173274596194,0.14285714285714285,4.0,9.0,23.06,22.35,0.25,0.010841283607979185,20,-0.0004795312635586947,-0.000719296895338042,-0.007697311361665182,-0.007992692974848198,-5.204170427930421e-18,-0.008472224238406892,-0.00848500028187335,-4.163336342344337e-17,-0.008964531545432045,-0.008977307588898448,1.9081958235744878e-17,-0.00969660448423649
development-formation21-20240513-XMRUSDT,formation21,2024-05-13T00:00:00+0000,2024-05-20T00:00:00+0000,2024-05-11T00:00:00+0000,XMRUSDT,PoW,24,0.07109158939320004,0.08571428571428572,0.07722513089005245,0.30735930735930733,4.0,6.0,133.09,134.41,0.25,0.0018784281313396949,22,-0.00039217644176458503,-0.0006759620009446565,0.00247952513336841,0.0021780374182884255,6.201636426617085e-17,0.0017858609765238403,0.0016755593808700509,-5.399326818977812e-17,0.0012833829391054657,0.0011730813434517873,-5.854691731421724e-18,0.0004971193425071308
development-formation21-20240520-ETCUSDT,formation21,2024-05-20T00:00:00+0000,2024-05-27T00:00:00+0000,2024-05-18T00:00:00+0000,ETCUSDT,PoW,24,0.06195478674041355,0.6190476190476191,0.027696950102381823,0.6536796536796536,8.0,1.0,27.572,31.712,0.25,0.009067169592340055,21,-0.0005971408109041781,-0.0008957112163562674,0.03753808211228782,0.03721555926302045,-1.3877787807814457e-17,0.03661841845211627,0.03667804370375749,0.0,0.03608090289285331,0.03614052814449442,0.0,0.035244816928138155
development-formation21-20240520-LINKUSDT,formation21,2024-05-20T00:00:00+0000,2024-05-27T00:00:00+0000,2024-05-18T00:00:00+0000,LINKUSDT,Infrastructure,24,0.14070035646886137,0.14285714285714285,0.1446205638939544,0.30735930735930733,3.0,5.0,16.551,17.046,0.25,0.015104827502869919,21,-0.0005242467001540693,-0.000786370050231104,0.007476889613920623,0.007172403480152301,2.7755575615628914e-17,0.0066481567799982315,0.006664931076672154,3.8163916471489756e-17,0.0061406843765180845,0.006157458673192007,4.85722573273506e-17,0.005371088622960903
development-formation21-20240603-ETCUSDT,formation21,2024-06-03T00:00:00+0000,2024-06-10T00:00:00+0000,2024-06-01T00:00:00+0000,ETCUSDT,PoW,22,0.03390659955257269,-0.23809523809523808,0.11754260021914087,-0.004329004329004329,8.0,7.0,28.948,26.953,0.25,0.008636175210722675,21,-0.0007248830501784304,-0.0010954071846879852,-0.017229169545391748,-0.0175188320436645,1.0408340855860843e-17,-0.01824371509384293,-0.018001613211620804,0.0,-0.018726496261799234,-0.01848439437957719,-3.469446951953614e-18,-0.019579801564265177
development-formation21-20240603-LINKUSDT,formation21,2024-06-03T00:00:00+0000,2024-06-10T00:00:00+0000,2024-06-01T00:00:00+0000,LINKUSDT,Infrastructure,22,0.13082107843137236,0.08571428571428572,0.387698323182194,0.1341991341991342,3.0,5.0,18.153,16.368,0.25,0.013771828347931472,21,-0.000533666692564342,-0.000800500038846513,-0.024582713601057682,-0.024867963972897034,1.0408340855860843e-17,-0.025401630665461375,-0.02534339600892413,-6.938893903907228e-18,-0.02587706270148847,-0.025818828044951253,-1.0408340855860843e-17,-0.026619328083797765
development-formation21-20240603-SNXUSDT,formation21,2024-06-03T00:00:00+0000,2024-06-10T00:00:00+0000,2024-06-01T00:00:00+0000,SNXUSDT,DeFi,22,0.0811615785554729,0.2571428571428571,0.1339320577899259,0.06493506493506493,6.0,6.0,2.718,2.434,0.25,0.09197939661515821,21,-0.000511260416268074,-0.000766890624402111,-0.026122148638704906,-0.026406475349521674,1.734723475976807e-17,-0.02691773576578975,-0.02688036887417214,1.3877787807814457e-17,-0.027391629290440214,-0.027354262398822632,2.0816681711721685e-17,-0.028121153023224744
development-formation21-20240603-XMRUSDT,formation21,2024-06-03T00:00:00+0000,2024-06-10T00:00:00+0000,2024-06-01T00:00:00+0000,XMRUSDT,PoW,22,0.09354578162860716,0.580952380952381,0.13099939246658576,0.5238095238095238,7.0,1.0,152.72,173.91,0.25,0.001636982713462546,21,-0.00038972477024947627,-0.000671177861568557,0.034687663698271365,0.03436685110005244,5.551115123125783e-17,0.033977126329802966,0.033832184248952346,6.938893903907228e-18,0.03344245947870287,0.03329751739785225,0.0,0.032626339536283695
development-formation21-20240617-XMRUSDT,formation21,2024-06-17T00:00:00+0000,2024-06-24T00:00:00+0000,2024-06-15T00:00:00+0000,XMRUSDT,PoW,22,0.18968642986638007,0.44761904761904764,0.25437168141592936,0.41125541125541126,1.0,1.0,176.99,164.17,0.25,0.0014125091813096784,20,-0.0001984568091558845,-0.0005007672318563196,-0.018108367704390116,-0.01839750268376747,3.469446951953614e-18,-0.018595959492923354,-0.018879405181083747,-3.8163916471489756e-17,-0.01907786199023963,-0.01936130767839994,0.0,-0.01986207491025626
development-formation21-20240624-TRXUSDT,formation21,2024-06-24T00:00:00+0000,2024-07-01T00:00:00+0000,2024-06-22T00:00:00+0000,TRXUSDT,Layer-1,23,0.042432691469896255,-0.02857142857142857,0.06205059920106515,0.20346320346320346,2.0,7.0,0.11917,0.12461,0.25,2.0978434169673577,22,-0.00021340405203721576,-0.0004015371327522657,0.011412268188302432,0.011105420827389467,2.2551405187698492e-17,0.010892016775352252,0.010594015406562074,-1.3877787807814457e-17,0.010380611354524859,0.01008260998573468,1.0408340855860843e-17,0.009681072852982415
development-formation21-20240715-AAVEUSDT,formation21,2024-07-15T00:00:00+0000,2024-07-22T00:00:00+0000,2024-07-13T00:00:00+0000,AAVEUSDT,DeFi,21,0.027970579094582115,0.7714285714285715,0.21605392156862768,0.5757575757575758,2.0,2.0,104.34,98.27,0.25,0.0023960130343109068,21,-0.0003195558011108755,-0.0005297590780992633,-0.014543799118267225,-0.014835072838796232,3.122502256758253e-17,-0.015154628639907106,-0.015320537765957487,-3.8163916471489756e-17,-0.015640093567068362,-0.01580600269311866,1.0408340855860843e-17,-0.016335761771217924
development-formation21-20240715-SOLUSDT,formation21,2024-07-15T00:00:00+0000,2024-07-22T00:00:00+0000,2024-07-13T00:00:00+0000,SOLUSDT,Layer-1,21,0.011245489681532383,0.7142857142857143,0.06124510765039992,0.670995670995671,7.0,1.0,147.572,184.473,0.25,0.0016940883094353943,21,-0.00039127498626886453,-0.0005970568275858788,0.06251355270647552,0.06217604457485165,3.469446951953614e-17,0.06178476958858279,0.061613568530276774,0.0,0.06122229354400791,0.06105109248570195,1.3877787807814457e-17,0.06045403565811607
development-formation21-20240715-VETUSDT,formation21,2024-07-15T00:00:00+0000,2024-07-22T00:00:00+0000,2024-07-13T00:00:00+0000,VETUSDT,Layer-1,21,0.13015970989892756,0.5619047619047619,0.14036590112884384,0.22943722943722944,4.0,7.0,0.031178,0.030765,0.25,8.018474565398678,21,-0.0005252506254410161,-0.0007878759381615242,-0.0033116299955096573,-0.0036096430175123484,1.3010426069826053e-18,-0.004134893642953365,-0.004106333374494814,-1.734723475976807e-17,-0.00463158399993583,-0.004603023731477335,-8.673617379884035e-18,-0.005390899669638859
development-formation21-20240715-XRPUSDT,formation21,2024-07-15T00:00:00+0000,2024-07-22T00:00:00+0000,2024-07-13T00:00:00+0000,XRPUSDT,Payment,21,0.11240474174428439,0.6,0.08038651315789469,0.36796536796536794,6.0,5.0,0.5203,0.5983,0.25,0.4804920238324044,21,-0.00046427569362579276,-0.0006990508179866425,0.0374783778589276,0.03715589083221227,4.85722573273506e-17,0.03669161513858647,0.03661843494138001,-1.3877787807814457e-17,0.03615415924775421,0.0360809790505478,-2.7755575615628914e-17,0.03538192823256116
development-formation21-20240722-NEARUSDT,formation21,2024-07-22T00:00:00+0000,2024-07-29T00:00:00+0000,2024-07-20T00:00:00+0000,NEARUSDT,Layer-1,21,0.3070522155190347,0.3904761904761905,0.2664785325539205,0.21212121212121213,2.0,7.0,6.335,5.44,0.25,0.03946329913180742,20,-0.00017068668329720202,-0.00029916129030916537,-0.03531965272296764,-0.035598460931333814,2.7755575615628914e-17,-0.035769147614631014,-0.036063162470402504,-2.7755575615628914e-17,-0.036233849153699704,-0.036527864009471195,-1.3877787807814457e-17,-0.03682702529978036
development-formation21-20240722-RUNEUSDT,formation21,2024-07-22T00:00:00+0000,2024-07-29T00:00:00+0000,2024-07-20T00:00:00+0000,RUNEUSDT,DeFi,21,0.3738370453904709,0.5619047619047619,0.2408963585434174,0.3852813852813853,4.0,5.0,4.896,4.534,0.25,0.05106209150326797,20,-0.0003964321870152523,-0.0005946482805228784,-0.018484477124183024,-0.01877338643790849,1.0408340855860843e-17,-0.019169818624923743,-0.019254913051470562,-1.0408340855860843e-17,-0.019651345238485815,-0.01973643966503269,0.0,-0.02033108794555557
development-formation21-20240722-XLMUSDT,formation21,2024-07-22T00:00:00+0000,2024-07-29T00:00:00+0000,2024-07-20T00:00:00+0000,XLMUSDT,Layer-2,21,0.16169648774022538,0.4095238095238095,0.16607538802660748,0.4025974025974026,7.0,3.0,0.10541,0.10015,0.25,2.3716914903709325,20,-0.00019350115406413054,-0.00042438271980409833,-0.012475097239351113,-0.012767612181007498,0.0,-0.012961113335071628,-0.013255144568826455,-1.3877787807814457e-17,-0.013448645722890585,-0.013742676956645467,1.734723475976807e-17,-0.014167059676449566
development-formation21-20240729-SOLUSDT,formation21,2024-07-29T00:00:00+0000,2024-08-05T00:00:00+0000,2024-07-27T00:00:00+0000,SOLUSDT,Layer-1,21,0.29681759525001583,0.42857142857142855,0.286070939047246,0.5670995670995671,4.0,2.0,184.808,138.291,0.25,0.0013527552919787023,22,-0.00038466823082162604,-0.0005803710731273787,-0.06292611791697328,-0.06318836224622307,4.163336342344337e-17,-0.0635730304770447,-0.06362547388397688,-1.3877787807814457e-17,-0.06401014211479851,-0.06406258552173064,1.3877787807814457e-17,-0.06464295659485801
development-formation21-20240729-XRPUSDT,formation21,2024-07-29T00:00:00+0000,2024-08-05T00:00:00+0000,2024-07-27T00:00:00+0000,XRPUSDT,Payment,21,0.13301617507136076,0.29523809523809524,0.3269445063516827,0.47186147186147187,2.0,3.0,0.601,0.5227,0.25,0.415973377703827,22,-0.000286128957862604,-0.0004806576615662855,-0.032570715474209616,-0.032851173044925075,2.0816681711721685e-17,-0.03313730200278768,-0.033318621871880144,6.938893903907228e-18,-0.03360475082974275,-0.03378607069883521,3.469446951953614e-17,-0.0342667283604015
development-formation21-20240826-AVAXUSDT,formation21,2024-08-26T00:00:00+0000,2024-09-02T00:00:00+0000,2024-08-24T00:00:00+0000,AVAXUSDT,Layer-1,20,0.2567705434984233,0.638095238095238,0.19619526836158196,0.29004329004329005,6.0,3.0,26.898,21.396,0.25,0.009294371328723326,20,0.0001268459541149221,-2.353283782363512e-05,-0.051137631050635735,-0.051406948472005304,4.163336342344337e-17,-0.051280102517890384,-0.051855841523533314,-2.0816681711721685e-17,-0.051728995569418394,-0.052304734575061296,1.3877787807814457e-17,-0.05232826741288493
development-formation21-20240826-TRXUSDT,formation21,2024-08-26T00:00:00+0000,2024-09-02T00:00:00+0000,2024-08-24T00:00:00+0000,TRXUSDT,Layer-1,20,0.23138957816377181,0.3142857142857143,0.2664486801180317,0.5064935064935064,5.0,1.0,0.16629,0.15555,0.25,1.503397678753984,20,0.00020747099905586624,-6.97597797965903e-05,-0.016146491069817775,-0.0164368031751759,-6.938893903907228e-18,-0.016229332176120034,-0.016920666372000737,-3.122502256758253e-17,-0.01671319537294487,-0.017404529568825544,1.0408340855860843e-17,-0.017474289348622135
development-formation21-20240902-XMRUSDT,formation21,2024-09-02T00:00:00+0000,2024-09-09T00:00:00+0000,2024-08-31T00:00:00+0000,XMRUSDT,PoW,20,0.12247340425531905,0.6571428571428571,0.12038757632067942,0.31601731601731603,4.0,3.0,169.74,171.91,0.25,0.0014728408153646753,22,0.0017490701307734152,0.0007165565225019792,0.0031960645693413503,0.0028941469305997503,2.8189256484623115e-17,0.004643217061373165,0.0023909527836691313,-1.0408340855860843e-17,0.004140022914442546,0.0018877586367385124,-6.7220534694101275e-18,0.0026043151592404917
development-formation21-20240923-AVAXUSDT,formation21,2024-09-23T00:00:00+0000,2024-09-30T00:00:00+0000,2024-09-21T00:00:00+0000,AVAXUSDT,Layer-1,21,0.27451340433345583,0.638095238095238,0.21846748003159822,0.37662337662337664,1.0,3.0,27.287,29.022,0.25,0.009161871953677576,21,-0.00036598375608785515,-0.0005957385946907632,0.015895847839630606,0.015586310330926834,2.42861286636753e-17,0.015220326574838978,0.015070424020595885,-1.0408340855860843e-17,0.01470444026450803,0.014554537710264992,1.3877787807814457e-17,0.013958799115574228
development-formation21-20240930-LINKUSDT,formation21,2024-09-30T00:00:00+0000,2024-10-07T00:00:00+0000,2024-09-28T00:00:00+0000,LINKUSDT,Infrastructure,21,0.14632418069087705,0.4857142857142857,0.2912301706076026,0.3852813852813853,6.0,3.0,12.459,11.273,0.25,0.02006581587607352,21,-0.00020125472610253232,-0.00032224005717471907,-0.023798057629023206,-0.024083778794445787,-6.938893903907228e-18,-0.02428503352054832,-0.02455999501565126,1.734723475976807e-17,-0.024761249741753793,-0.025036211236856842,4.163336342344337e-17,-0.02535845129403156
development-formation21-20240930-NEARUSDT,formation21,2024-09-30T00:00:00+0000,2024-10-07T00:00:00+0000,2024-09-28T00:00:00+0000,NEARUSDT,Layer-1,21,0.32665235027439743,0.23809523809523808,0.5174672489082968,0.26406926406926406,2.0,5.0,5.501,4.948,0.25,0.04544628249409198,21,-0.00034033055021243867,-0.0005240583394070055,-0.025131794219232867,-0.0254167151427013,2.42861286636753e-17,-0.02575704569291374,-0.025891598427558588,1.3877787807814457e-17,-0.026231928977771025,-0.02636648171241593,2.42861286636753e-17,-0.026890540051822936
development-formation21-20240930-SNXUSDT,formation21,2024-09-30T00:00:00+0000,2024-10-07T00:00:00+0000,2024-09-28T00:00:00+0000,SNXUSDT,DeFi,21,0.178720445062587,0.18095238095238095,0.3420427553444183,0.20346320346320346,4.0,7.0,1.676,1.431,0.25,0.14916467780429596,21,-0.00026067189929376497,-0.000448164442983234,-0.03654534606205248,-0.03682341885441523,2.7755575615628914e-17,-0.037084090753709,-0.037286895435560796,1.3877787807814457e-17,-0.037547567334854565,-0.03775037201670639,3.469446951953614e-17,-0.038198536459689625
development-formation21-20241007-AAVEUSDT,formation21,2024-10-07T00:00:00+0000,2024-10-14T00:00:00+0000,2024-10-05T00:00:00+0000,AAVEUSDT,DeFi,22,-0.039609086790499015,0.23809523809523808,0.06008001143020425,0.16883116883116883,3.0,6.0,150.06,154.53,0.25,0.0016660002665600426,21,-0.0003368894616557146,-0.0005166608250448277,0.007447021191523406,0.007142552978808503,2.7755575615628914e-17,0.0068056635171527885,0.0066351104258297045,2.2551405187698492e-17,0.00629822096417399,0.006127667872850906,1.6479873021779667e-17,0.005611007047806078
development-formation21-20241007-HBARUSDT,formation21,2024-10-07T00:00:00+0000,2024-10-14T00:00:00+0000,2024-10-05T00:00:00+0000,HBARUSDT,Layer-1,22,-0.05281941470378293,-0.10476190476190476,0.028283611003486975,0.23809523809523808,7.0,3.0,0.05426,0.05124,0.25,4.60744563214154,21,-0.0004097275784578879,-0.0006494531198984057,-0.013914485809067456,-0.014206137117582035,-1.5612511283791264e-17,-0.014615864696039923,-0.01469223098046446,-4.85722573273506e-17,-0.015101958558922348,-0.015178324843346885,-1.5612511283791264e-17,-0.01582777796324529
development-formation21-20241007-RUNEUSDT,formation21,2024-10-07T00:00:00+0000,2024-10-14T00:00:00+0000,2024-10-05T00:00:00+0000,RUNEUSDT,DeFi,22,0.029876227059325577,0.1619047619047619,0.20831246870305442,0.1774891774891775,1.0,5.0,4.92,4.808,0.25,0.0508130081300813,21,-0.00046369522587113313,-0.000706826151140653,-0.00569105691056912,-0.005987642276422761,7.806255641895632e-18,-0.0064513375022938945,-0.006481954634146331,-3.122502256758253e-17,-0.006945649860017464,-0.006976266991869873,4.597017211338539e-17,-0.0076830931430105255
development-formation21-20241007-SOLUSDT,formation21,2024-10-07T00:00:00+0000,2024-10-14T00:00:00+0000,2024-10-05T00:00:00+0000,SOLUSDT,Layer-1,22,-0.04575154647457358,0.2,0.03990719934630982,0.21212121212121213,6.0,4.0,146.399,147.646,0.25,0.001707661937581541,21,-0.00010066974225533765,-0.0002105768589624203,0.0021294544361641354,0.0018281767635024981,3.946495907847236e-17,0.0017275070212471606,0.0013260485867389593,-2.6237692574149207e-17,0.0012253788444836218,0.000823920409975476,1.214306433183765e-17,0.0006133435510130557
development-formation21-20241021-LTCUSDT,formation21,2024-10-21T00:00:00+0000,2024-10-28T00:00:00+0000,2024-10-19T00:00:00+0000,LTCUSDT,Payment,22,0.12994265016601259,0.21904761904761905,0.0707951945080092,0.10822510822510822,2.0,8.0,74.3,71.05,0.25,0.0033647375504710633,21,-0.0004407230294066403,-0.0006610845441099606,-0.010935397039030958,-0.011228835800807524,1.3877787807814457e-17,-0.011669558830214165,-0.011717906965006714,-6.938893903907228e-18,-0.012158629994413354,-0.012206978129205931,-5.204170427930421e-18,-0.012868062673315892
development-formation21-20241028-TRXUSDT,formation21,2024-10-28T00:00:00+0000,2024-11-04T00:00:00+0000,2024-10-26T00:00:00+0000,TRXUSDT,Layer-1,22,0.01674567506002589,-0.08571428571428572,0.07666731859964782,0.20346320346320346,5.0,3.0,0.16393,0.16516,0.25,1.525041176111755,21,-0.00016519399057494057,-0.0005142162337552614,0.0018758006466174648,0.0015746751662295,-1.734723475976807e-18,0.0014094811756545594,0.001072800491063286,-2.2551405187698492e-17,0.0009076065004883455,0.0005709258158970165,-1.3769367590565906e-17,5.6709582141755105e-05
development-formation21-20241028-UNIUSDT,formation21,2024-10-28T00:00:00+0000,2024-11-04T00:00:00+0000,2024-10-26T00:00:00+0000,UNIUSDT,DeFi,22,-0.08395912840083708,-0.1619047619047619,0.09105571847507332,0.20346320346320346,3.0,4.0,7.533,7.041,0.25,0.03318730917297225,21,-0.0005327209225408203,-0.0007990813838112307,-0.016328156113102343,-0.01661835921943447,1.734723475976807e-17,-0.017151080141975292,-0.01710204086021505,-1.0408340855860843e-17,-0.017634761782755873,-0.017585722500995632,-1.0408340855860843e-17,-0.01838480388480686
development-formation21-20241028-XMRUSDT,formation21,2024-10-28T00:00:00+0000,2024-11-04T00:00:00+0000,2024-10-26T00:00:00+0000,XMRUSDT,PoW,22,0.06529825959877789,0.4666666666666667,0.050022916257447925,0.11688311688311688,6.0,6.0,163.03,156.83,0.25,0.0015334600993682143,21,-0.00031629295334165716,-0.0006074693661696939,-0.009507452616082906,-0.009801748144513261,0.0,-0.010118041097854918,-0.010292246396368776,-1.9081958235744878e-17,-0.010608539349710433,-0.010782744648224235,1.9081958235744878e-17,-0.01139021401439393
development-formation21-20241111-RUNEUSDT,formation21,2024-11-11T00:00:00+0000,2024-11-18T00:00:00+0000,2024-11-09T00:00:00+0000,RUNEUSDT,DeFi,21,0.13280318091451293,0.1619047619047619,0.15578093306288054,0.16017316017316016,6.0,7.0,5.846,5.324,0.25,0.04276428327061239,22,-0.0006479936307914258,-0.0009719904461871387,-0.022322955867259686,-0.022609562093739294,2.7755575615628914e-17,-0.02325755572453072,-0.023087252531645536,6.938893903907228e-18,-0.02373524616243696,-0.023564942969551805,2.7755575615628914e-17,-0.024536933415738944
development-formation21-20241111-SOLUSDT,formation21,2024-11-11T00:00:00+0000,2024-11-18T00:00:00+0000,2024-11-09T00:00:00+0000,SOLUSDT,Layer-1,21,0.17054036648908144,0.3333333333333333,0.2519724483406387,0.341991341991342,2.0,2.0,210.29,237.62,0.25,0.0011888344666888583,22,-0.0013139659509131883,-0.0019709489263697827,0.0324908459746065,0.03217135146702177,2.0816681711721685e-17,0.03085738551610858,0.03163888011555471,-4.163336342344337e-17,0.030324914164641524,0.031106408764087656,-3.469446951953614e-17,0.029135459837717873
development-formation21-20241111-UNIUSDT,formation21,2024-11-11T00:00:00+0000,2024-11-18T00:00:00+0000,2024-11-09T00:00:00+0000,UNIUSDT,DeFi,21,0.2435156564977825,-0.06666666666666667,0.26441650724241605,0.1774891774891775,1.0,6.0,9.223,8.757,0.25,0.02710614767429253,22,-0.0007470755070135937,-0.0011206132605203908,-0.01263146481622035,-0.01292388593733057,4.683753385137379e-17,-0.013670961444344164,-0.01341126205139323,-1.734723475976807e-18,-0.014158337558406824,-0.013898638165456001,-1.5612511283791264e-17,-0.015019251425976392
development-formation21-20241118-CRVUSDT,formation21,2024-11-18T00:00:00+0000,2024-11-25T00:00:00+0000,2024-11-16T00:00:00+0000,CRVUSDT,DeFi,21,0.417721518987342,0.29523809523809524,0.40000000000000013,0.1038961038961039,7.0,5.0,0.32,0.509,0.25,0.78125,21,-0.0007062998718750001,-0.0010594498078125001,0.14765625,0.14726765625,0.0,0.14656135637812498,0.14662008859375003,0.0,0.14591378872187502,0.14597252093750002,-2.7755575615628914e-17,0.14491307112968752
development-formation21-20241118-ETCUSDT,formation21,2024-11-18T00:00:00+0000,2024-11-25T00:00:00+0000,2024-11-16T00:00:00+0000,ETCUSDT,PoW,21,0.4767634396732532,0.08571428571428572,0.46914122556556115,0.09090909090909091,4.0,6.0,25.829,28.866,0.25,0.009679042936234466,21,-0.0006924390135479752,-0.0010386585203219628,0.029395253397344057,0.029077616245305693,3.8163916471489756e-17,0.028385177231757718,0.028548238629060363,3.469446951953614e-18,0.027855799615512388,0.028018861012815033,0.0,0.02698020249249307
development-formation21-20241118-HBARUSDT,formation21,2024-11-18T00:00:00+0000,2024-11-25T00:00:00+0000,2024-11-16T00:00:00+0000,HBARUSDT,Layer-1,21,1.0053452115812918,0.4666666666666667,0.8684374351525213,0.047619047619047616,3.0,7.0,0.09018,0.14708,0.25,2.772233311155467,21,-0.0006219379860113107,-0.0010242644720941452,0.15774007540474605,0.15734543135950324,5.551115123125783e-17,0.15672349337349192,0.1566877859281437,-5.551115123125783e-17,0.15606584794213238,0.15603014049678426,2.7755575615628914e-17,0.15500587602469013
development-formation21-20241118-XLMUSDT,formation21,2024-11-18T00:00:00+0000,2024-11-25T00:00:00+0000,2024-11-16T00:00:00+0000,XLMUSDT,Layer-2,21,1.3850388601036272,0.4666666666666667,1.345541401273885,0.3246753246753247,1.0,1.0,0.19656,0.53582,0.25,1.2718762718762717,21,-0.001385403923787266,-0.0021372279018273678,0.43149674399674387,0.4309378459503458,-5.551115123125783e-17,0.4295524420265585,0.43000660810439556,-5.551115123125783e-17,0.4286212041806083,0.4290753702584451,0.0,0.42693814235661776
development-formation21-20241118-XRPUSDT,formation21,2024-11-18T00:00:00+0000,2024-11-25T00:00:00+0000,2024-11-16T00:00:00+0000,XRPUSDT,Payment,21,1.198706643151088,0.3523809523809524,1.1858562244301583,0.2727272727272727,2.0,2.0,1.0551,1.4335,0.25,0.2369443654629893,21,-0.0011743982780458252,-0.0017615974170687376,0.08965974789119519,0.0893059520424605,4.163336342344337e-17,0.08813155376441467,0.08871634609041795,-5.551115123125783e-17,0.08754194781237212,0.08812674013837557,2.7755575615628914e-17,0.08636514272130683
development-formation21-20241202-CRVUSDT,formation21,2024-12-02T00:00:00+0000,2024-12-09T00:00:00+0000,2024-11-30T00:00:00+0000,CRVUSDT,DeFi,25,1.0267857142857144,0.2761904761904762,1.4673913043478262,0.2597402597402597,4.0,6.0,0.672,1.206,0.25,0.3720238095238095,22,-0.0026121520741934153,-0.003918228111290122,0.19866071428571425,0.19824151785714278,0.0,0.19562936578294937,0.1975429763392857,0.0,0.19493082426509228,0.1968444348214285,2.7755575615628914e-17,0.19292620671013838
development-formation21-20241202-HBARUSDT,formation21,2024-12-02T00:00:00+0000,2024-12-09T00:00:00+0000,2024-11-30T00:00:00+0000,HBARUSDT,Layer-1,25,0.8912705464238118,0.3904761904761905,2.2245786782806283,0.45454545454545453,3.0,1.0,0.20891,0.33321,0.25,1.196687568809535,22,-0.0032594521986405623,-0.0048891782979608445,0.14874826480302522,0.14835901584414335,-2.7755575615628914e-17,0.14509956364550278,0.1477103568282993,0.0,0.14445090462965873,0.1470616978124551,0.0,0.14217251951449425
development-formation21-20241202-VETUSDT,formation21,2024-12-02T00:00:00+0000,2024-12-09T00:00:00+0000,2024-11-30T00:00:00+0000,VETUSDT,Layer-1,25,0.4573658165207459,0.4666666666666667,0.9841927960611556,0.2554112554112554,6.0,8.0,0.046154,0.067984,0.25,5.416648611171296,22,-0.0025641700729080903,-0.003846255109362136,0.11824543918186942,0.1178744919183603,1.3877787807814457e-17,0.11531032184545222,0.11725631742644199,0.0,0.1146921473535339,0.11663814293452357,1.3877787807814457e-17,0.11279188782516143
development-formation21-20241202-XLMUSDT,formation21,2024-12-02T00:00:00+0000,2024-12-09T00:00:00+0000,2024-11-30T00:00:00+0000,XLMUSDT,Layer-2,25,1.3769631138266578,0.18095238095238095,4.132317013583505,0.3246753246753247,1.0,4.0,0.56164,0.49367,0.25,0.44512499109750014,22,-0.0018546037462308592,-0.002781905619346289,-0.03025514564489709,-0.030536992557510134,2.7755575615628914e-17,-0.03239159630374099,-0.031006755564952637,-2.0816681711721685e-17,-0.032861359311183495,-0.031476518572395085,3.469446951953614e-17,-0.034258424191741375
development-formation21-20241209-UNIUSDT,formation21,2024-12-09T00:00:00+0000,2024-12-16T00:00:00+0000,2024-12-07T00:00:00+0000,UNIUSDT,DeFi,25,0.683514846877036,0.3523809523809524,0.990315835809398,0.3593073593073593,8.0,2.0,18.614,17.07,0.25,0.01343075104759858,21,-0.0005197928721661115,-0.0007796893082491672,-0.020737079617492216,-0.02102463736972171,1.0408340855860843e-17,-0.021544430241887822,-0.021503912732352,-3.469446951953614e-18,-0.02202370560451811,-0.021983188094982287,-1.3877787807814457e-17,-0.022762877403231453
development-formation21-20241216-CRVUSDT,formation21,2024-12-16T00:00:00+0000,2024-12-23T00:00:00+0000,2024-12-14T00:00:00+0000,CRVUSDT,DeFi,25,0.6769456681350952,0.2,1.3070707070707068,0.2554112554112554,1.0,8.0,1.129,0.818,0.25,0.22143489813994685,21,-0.00020361602194346763,-0.0004509481427469109,-0.06886625332152349,-0.06912493356953056,0.0,-0.06932854959147403,-0.06955610863596104,-1.3877787807814457e-17,-0.0697597246579045,-0.06998728370239149,2.7755575615628914e-17,-0.0704382318451384
development-formation21-20241216-HBARUSDT,formation21,2024-12-16T00:00:00+0000,2024-12-23T00:00:00+0000,2024-12-14T00:00:00+0000,HBARUSDT,Layer-1,25,0.7265840624816491,0.3523809523809524,0.9036581417934606,0.35064935064935066,4.0,3.0,0.29583,0.26548,0.25,0.8450799445627557,21,-5.784572258433896e-05,-0.0003490114668933594,-0.02564817631747962,-0.025932787411689112,2.42861286636753e-17,-0.025990633134273453,-0.026407154624277396,-6.938893903907228e-18,-0.026465000346861736,-0.02688152183686579,-1.3877787807814457e-17,-0.02723053330375915
development-formation21-20241223-AAVEUSDT,formation21,2024-12-23T00:00:00+0000,2024-12-30T00:00:00+0000,2024-12-21T00:00:00+0000,AAVEUSDT,DeFi,25,0.05855696381788578,0.29523809523809524,0.41044388886268224,0.2727272727272727,2.0,2.0,318.88,332.53,0.25,0.0007839939789262419,21,-0.0005436499793035119,-0.0008154749689552679,0.010701517812343186,0.010395096901655798,2.0816681711721685e-17,0.009851446922352286,0.00988440180475414,1.5612511283791264e-17,0.009340751825450628,0.009373706707852536,6.765421556309548e-17,0.008558231738897268
development-formation21-20241223-UNIUSDT,formation21,2024-12-23T00:00:00+0000,2024-12-30T00:00:00+0000,2024-12-21T00:00:00+0000,UNIUSDT,DeFi,25,-0.26031184341479596,-0.009523809523809525,0.04605520369067162,0.22077922077922077,8.0,4.0,13.89,13.0,0.25,0.017998560115190784,21,-0.0004595279907991271,-0.0006892919861986907,-0.01601871850251982,-0.016309107271418266,3.122502256758253e-17,-0.016768635262217394,-0.01679309816414684,3.469446951953614e-18,-0.01725262615494597,-0.017277089056875444,1.0408340855860843e-17,-0.017966381043074135
development-formation21-20241223-XMRUSDT,formation21,2024-12-23T00:00:00+0000,2024-12-30T00:00:00+0000,2024-12-21T00:00:00+0000,XMRUSDT,PoW,25,-0.08260587619095128,-0.1619047619047619,0.13252047539873146,0.24675324675324675,7.0,3.0,190.43,193.13,0.25,0.0013128183584519245,21,-0.000735472424298955,-0.0011249695077659768,0.003544609567820156,0.003242482802079505,1.5612511283791264e-17,0.00250701037778055,0.002738940319277461,3.642919299551295e-17,0.002003467894978506,0.0022353978364753613,3.8163916471489756e-17,0.0011104283287093845
