date,BTC_8H_LONG_BALANCED_4
2021-01-01 00:00:00+00:00,0.0020269645418318216
2021-01-02 00:00:00+00:00,0.017231863184310692
2021-01-03 00:00:00+00:00,0.004347994641930475
2021-01-04 00:00:00+00:00,-0.007014133030014413
2021-01-05 00:00:00+00:00,0.011488257913884192
2021-01-06 00:00:00+00:00,0.012490786401660348
2021-01-07 00:00:00+00:00,0.01193215330677977
2021-01-08 00:00:00+00:00,0.004464463260749119
2021-01-09 00:00:00+00:00,-0.002825540048618125
2021-01-10 00:00:00+00:00,-0.009445783457483259
2021-01-11 00:00:00+00:00,-0.019001429181246365
2021-01-12 00:00:00+00:00,-0.004611321908453148
2021-01-13 00:00:00+00:00,0.011003863436639394
2021-01-14 00:00:00+00:00,0.004192867243944409
2021-01-15 00:00:00+00:00,-0.006379064532065493
2021-01-16 00:00:00+00:00,-0.0019821036909049017
2021-01-17 00:00:00+00:00,-0.000468553895865198
2021-01-18 00:00:00+00:00,0.0019115483022171809
2021-01-19 00:00:00+00:00,-0.0023920260879065625
2021-01-20 00:00:00+00:00,-0.0011211630568022102
2021-01-21 00:00:00+00:00,-0.011672001159372836
2021-01-22 00:00:00+00:00,0.003959889767498392
2021-01-23 00:00:00+00:00,-0.0017123481169819543
2021-01-24 00:00:00+00:00,0.0003165279385184405
2021-01-25 00:00:00+00:00,-0.00010781287351224744
2021-01-26 00:00:00+00:00,0.00039514630373282955
2021-01-27 00:00:00+00:00,-0.003959208370125755
2021-01-28 00:00:00+00:00,0.005681879900088838
2021-01-29 00:00:00+00:00,0.0026767069809843225
2021-01-30 00:00:00+00:00,-3.227945657713338e-05
2021-01-31 00:00:00+00:00,-0.001763344752856555
2021-02-01 00:00:00+00:00,0.0005541316002033447
2021-02-02 00:00:00+00:00,0.0027489678063670198
2021-02-03 00:00:00+00:00,0.0029967794513767743
2021-02-04 00:00:00+00:00,-0.0017178579748291511
2021-02-05 00:00:00+00:00,0.0027443772768727115
2021-02-06 00:00:00+00:00,0.0016945063398241533
2021-02-07 00:00:00+00:00,-0.001108756778916975
2021-02-08 00:00:00+00:00,0.015682980789809564
2021-02-09 00:00:00+00:00,-0.00038151795162866264
2021-02-10 00:00:00+00:00,-0.003799970653013074
2021-02-11 00:00:00+00:00,0.006360419622695401
2021-02-12 00:00:00+00:00,-0.0018005300650885125
2021-02-13 00:00:00+00:00,-0.0006386864206446852
2021-02-14 00:00:00+00:00,0.0025910496730336963
2021-02-15 00:00:00+00:00,-0.0016195007836371511
2021-02-16 00:00:00+00:00,0.0021511395665201327
2021-02-17 00:00:00+00:00,0.005835053722034411
2021-02-18 00:00:00+00:00,-0.001622228237201817
2021-02-19 00:00:00+00:00,0.008696592385102786
2021-02-20 00:00:00+00:00,-0.0006275736923313513
2021-02-21 00:00:00+00:00,0.0028308891373478584
2021-02-22 00:00:00+00:00,-0.00718300119337989
2021-02-23 00:00:00+00:00,-0.010719843127749207
2021-02-24 00:00:00+00:00,0.0014983306300220267
2021-02-25 00:00:00+00:00,-0.0054825530573536785
2021-02-26 00:00:00+00:00,-0.0012782780542899275
2021-02-27 00:00:00+00:00,-0.00039356168436899264
2021-02-28 00:00:00+00:00,-0.0018952130027756198
2021-03-01 00:00:00+00:00,0.004824415392850279
2021-03-02 00:00:00+00:00,-0.0012588100515138478
2021-03-03 00:00:00+00:00,0.0020597863279101514
2021-03-04 00:00:00+00:00,-0.002177830524841884
2021-03-05 00:00:00+00:00,0.0004036548160686326
2021-03-06 00:00:00+00:00,0.0001341435575139549
2021-03-07 00:00:00+00:00,0.0022525592022233365
2021-03-08 00:00:00+00:00,0.001533760705154652
2021-03-09 00:00:00+00:00,0.002600763633189951
2021-03-10 00:00:00+00:00,0.001117607275285426
2021-03-11 00:00:00+00:00,0.0014790067928591721
2021-03-12 00:00:00+00:00,-0.0011414229765527306
2021-03-13 00:00:00+00:00,0.006429746868408914
2021-03-14 00:00:00+00:00,-0.0039523746123534265
2021-03-15 00:00:00+00:00,-0.005800024400728243
2021-03-16 00:00:00+00:00,0.0020824922945854585
2021-03-17 00:00:00+00:00,0.003252820903257625
2021-03-18 00:00:00+00:00,-0.002172026845337127
2021-03-19 00:00:00+00:00,0.0005694150472008719
2021-03-20 00:00:00+00:00,-4.494712885561025e-05
2021-03-21 00:00:00+00:00,-0.001289747359163207
2021-03-22 00:00:00+00:00,-0.005589369977963665
2021-03-23 00:00:00+00:00,0.00025958534088665886
2021-03-24 00:00:00+00:00,-0.0028308340763070206
2021-03-25 00:00:00+00:00,-0.0009400864966430111
2021-03-26 00:00:00+00:00,0.0033291423723891267
2021-03-27 00:00:00+00:00,0.0007035203765666243
2021-03-28 00:00:00+00:00,-3.577033221768833e-05
2021-03-29 00:00:00+00:00,0.001665091723225487
2021-03-30 00:00:00+00:00,0.0009279817084444364
2021-03-31 00:00:00+00:00,-9.895588408459499e-05
2021-04-01 00:00:00+00:00,-0.00014737870691960975
2021-04-02 00:00:00+00:00,6.426647613788639e-05
2021-04-03 00:00:00+00:00,-0.0018467020111416765
2021-04-04 00:00:00+00:00,0.000923272575972911
2021-04-05 00:00:00+00:00,0.0008434254581415335
2021-04-06 00:00:00+00:00,-0.0011876890339447277
2021-04-07 00:00:00+00:00,-0.0019200227288423966
2021-04-08 00:00:00+00:00,0.0018473190016456975
2021-04-09 00:00:00+00:00,1.2932972547119448e-05
2021-04-10 00:00:00+00:00,0.0010191515518591654
2021-04-11 00:00:00+00:00,0.00010270623456332117
2021-04-12 00:00:00+00:00,-0.0004404162129628686
2021-04-13 00:00:00+00:00,0.005680535852871316
2021-04-14 00:00:00+00:00,-0.001461353324985537
2021-04-15 00:00:00+00:00,7.886718128014003e-05
2021-04-16 00:00:00+00:00,-0.003590139979542495
2021-04-17 00:00:00+00:00,-0.002591893430369696
2021-04-18 00:00:00+00:00,-0.005738916542305961
2021-04-19 00:00:00+00:00,-0.000518918904822474
2021-04-20 00:00:00+00:00,0.0007548681504543353
2021-04-21 00:00:00+00:00,-0.002608895126707367
2021-04-22 00:00:00+00:00,-0.0011540236698996953
2021-04-23 00:00:00+00:00,-0.0003316865764896315
2021-04-24 00:00:00+00:00,-0.0005613985564811852
2021-04-25 00:00:00+00:00,-0.0005648825186888029
2021-04-26 00:00:00+00:00,0.0026066689535515497
2021-04-27 00:00:00+00:00,0.0005330171462731847
2021-04-28 00:00:00+00:00,-8.521317544807339e-05
2021-04-29 00:00:00+00:00,-0.0006989892767859107
2021-04-30 00:00:00+00:00,0.002178511991533627
2021-05-01 00:00:00+00:00,6.41668281651242e-05
2021-05-02 00:00:00+00:00,-0.0006699842056451244
2021-05-03 00:00:00+00:00,0.00026551119586559757
2021-05-04 00:00:00+00:00,-0.0021292121745462023
2021-05-05 00:00:00+00:00,0.0022171998967019935
2021-05-06 00:00:00+00:00,-0.0006317126026397224
2021-05-07 00:00:00+00:00,0.00045045795727371996
2021-05-08 00:00:00+00:00,0.0007866284154263159
2021-05-09 00:00:00+00:00,-0.0007855351027892254
2021-05-10 00:00:00+00:00,-0.0026735142273067725
2021-05-11 00:00:00+00:00,0.0008147911666906982
2021-05-12 00:00:00+00:00,-0.007518499851064342
2021-05-13 00:00:00+00:00,-7.847271236360864e-05
2021-05-14 00:00:00+00:00,0.0
2021-05-15 00:00:00+00:00,0.0
2021-05-16 00:00:00+00:00,0.0
2021-05-17 00:00:00+00:00,0.0
2021-05-18 00:00:00+00:00,0.0
2021-05-19 00:00:00+00:00,0.0
2021-05-20 00:00:00+00:00,0.0
2021-05-21 00:00:00+00:00,0.0
2021-05-22 00:00:00+00:00,0.0
2021-05-23 00:00:00+00:00,0.0
2021-05-24 00:00:00+00:00,0.0
2021-05-25 00:00:00+00:00,0.0
2021-05-26 00:00:00+00:00,0.0
2021-05-27 00:00:00+00:00,0.0
2021-05-28 00:00:00+00:00,0.0
2021-05-29 00:00:00+00:00,0.0
2021-05-30 00:00:00+00:00,0.0
2021-05-31 00:00:00+00:00,0.0
2021-06-01 00:00:00+00:00,0.0
2021-06-02 00:00:00+00:00,0.0
2021-06-03 00:00:00+00:00,0.0
2021-06-04 00:00:00+00:00,0.0
2021-06-05 00:00:00+00:00,0.0
2021-06-06 00:00:00+00:00,0.0
2021-06-07 00:00:00+00:00,0.0
2021-06-08 00:00:00+00:00,0.0
2021-06-09 00:00:00+00:00,0.0
2021-06-10 00:00:00+00:00,0.0
2021-06-11 00:00:00+00:00,0.0
2021-06-12 00:00:00+00:00,0.0
2021-06-13 00:00:00+00:00,0.0
2021-06-14 00:00:00+00:00,-0.00016461194470318574
2021-06-15 00:00:00+00:00,-0.0002479688659057233
2021-06-16 00:00:00+00:00,-0.001214630070666911
2021-06-17 00:00:00+00:00,-0.0001999485276897861
2021-06-18 00:00:00+00:00,-0.0015240573999115714
2021-06-19 00:00:00+00:00,-3.2673667024085695e-05
2021-06-20 00:00:00+00:00,0.0
2021-06-21 00:00:00+00:00,0.0
2021-06-22 00:00:00+00:00,0.0
2021-06-23 00:00:00+00:00,0.0
2021-06-24 00:00:00+00:00,0.0
2021-06-25 00:00:00+00:00,0.0
2021-06-26 00:00:00+00:00,0.0
2021-06-27 00:00:00+00:00,0.0
2021-06-28 00:00:00+00:00,0.0
2021-06-29 00:00:00+00:00,0.0
2021-06-30 00:00:00+00:00,0.0
2021-07-01 00:00:00+00:00,0.0
2021-07-02 00:00:00+00:00,0.0
2021-07-03 00:00:00+00:00,0.0
2021-07-04 00:00:00+00:00,0.0
2021-07-05 00:00:00+00:00,0.0
2021-07-06 00:00:00+00:00,0.0
2021-07-07 00:00:00+00:00,0.0
2021-07-08 00:00:00+00:00,0.0
2021-07-09 00:00:00+00:00,0.0
2021-07-10 00:00:00+00:00,0.0
2021-07-11 00:00:00+00:00,0.0
2021-07-12 00:00:00+00:00,0.0
2021-07-13 00:00:00+00:00,0.0
2021-07-14 00:00:00+00:00,0.0
2021-07-15 00:00:00+00:00,0.0
2021-07-16 00:00:00+00:00,0.0
2021-07-17 00:00:00+00:00,0.0
2021-07-18 00:00:00+00:00,0.0
2021-07-19 00:00:00+00:00,0.0
2021-07-20 00:00:00+00:00,0.0
2021-07-21 00:00:00+00:00,0.0
2021-07-22 00:00:00+00:00,0.0
2021-07-23 00:00:00+00:00,0.0
2021-07-24 00:00:00+00:00,0.0
2021-07-25 00:00:00+00:00,0.0
2021-07-26 00:00:00+00:00,0.0007631995314887341
2021-07-27 00:00:00+00:00,0.003214488044775088
2021-07-28 00:00:00+00:00,0.0007998643527271643
2021-07-29 00:00:00+00:00,2.78096210570844e-06
2021-07-30 00:00:00+00:00,0.0031520106389522073
2021-07-31 00:00:00+00:00,-0.0015091160932885206
2021-08-01 00:00:00+00:00,-0.00312107461318889
2021-08-02 00:00:00+00:00,-0.0013799066948634309
2021-08-03 00:00:00+00:00,-0.001856904252539704
2021-08-04 00:00:00+00:00,0.002958379672166833
2021-08-05 00:00:00+00:00,0.002211058522762599
2021-08-06 00:00:00+00:00,0.0037384118934808974
2021-08-07 00:00:00+00:00,0.0034005655229976117
2021-08-08 00:00:00+00:00,-0.0015894771511909545
2021-08-09 00:00:00+00:00,0.004734507370151242
2021-08-10 00:00:00+00:00,-0.0013098924402764611
2021-08-11 00:00:00+00:00,-0.00015680304793574962
2021-08-12 00:00:00+00:00,-0.0022083220780052537
2021-08-13 00:00:00+00:00,0.006528367542878888
2021-08-14 00:00:00+00:00,-0.0013818096234301525
2021-08-15 00:00:00+00:00,-0.00017534972500876655
2021-08-16 00:00:00+00:00,-0.002097292894647662
2021-08-17 00:00:00+00:00,-0.0023692365982062036
2021-08-18 00:00:00+00:00,-8.266827518310649e-06
2021-08-19 00:00:00+00:00,0.003930850514514361
2021-08-20 00:00:00+00:00,0.005195668665451514
2021-08-21 00:00:00+00:00,-0.0012851403964934116
2021-08-22 00:00:00+00:00,0.0010347012272104994
2021-08-23 00:00:00+00:00,0.0005425483714356361
2021-08-24 00:00:00+00:00,-0.004669239808732573
2021-08-25 00:00:00+00:00,0.003190756159958452
2021-08-26 00:00:00+00:00,-0.005476000275326243
2021-08-27 00:00:00+00:00,0.005652103437225664
2021-08-28 00:00:00+00:00,-0.0004664992496162812
2021-08-29 00:00:00+00:00,-0.00038347151125883716
2021-08-30 00:00:00+00:00,-0.0045454785916151375
2021-08-31 00:00:00+00:00,0.00021478932055130073
2021-09-01 00:00:00+00:00,0.004186385369169265
2021-09-02 00:00:00+00:00,0.0009737039005004444
2021-09-03 00:00:00+00:00,0.0017129364637848976
2021-09-04 00:00:00+00:00,-0.0003134501680404078
2021-09-05 00:00:00+00:00,0.004668651285437475
2021-09-06 00:00:00+00:00,0.0021678998976435437
2021-09-07 00:00:00+00:00,-0.014994829880611849
2021-09-08 00:00:00+00:00,-0.0012059070859771204
2021-09-09 00:00:00+00:00,0.0004996594490995765
2021-09-10 00:00:00+00:00,-0.0023181950172246335
2021-09-11 00:00:00+00:00,0.0004735097213777184
2021-09-12 00:00:00+00:00,0.0012436639706256969
2021-09-13 00:00:00+00:00,-0.0016046421690889545
2021-09-14 00:00:00+00:00,0.003109133584771495
2021-09-15 00:00:00+00:00,0.001484651137946491
2021-09-16 00:00:00+00:00,-0.0005533483130479855
2021-09-17 00:00:00+00:00,-0.0006743107089444145
2021-09-18 00:00:00+00:00,0.001429494259468811
2021-09-19 00:00:00+00:00,-0.001538159875872469
2021-09-20 00:00:00+00:00,-0.00627042471520145
2021-09-21 00:00:00+00:00,-0.0020410101395383906
2021-09-22 00:00:00+00:00,-5.193587024243662e-05
2021-09-23 00:00:00+00:00,0.0
2021-09-24 00:00:00+00:00,0.0
2021-09-25 00:00:00+00:00,0.0
2021-09-26 00:00:00+00:00,0.0
2021-09-27 00:00:00+00:00,0.0
2021-09-28 00:00:00+00:00,0.0
2021-09-29 00:00:00+00:00,0.0
2021-09-30 00:00:00+00:00,0.0
2021-10-01 00:00:00+00:00,0.0
2021-10-02 00:00:00+00:00,0.0
2021-10-03 00:00:00+00:00,0.0
2021-10-04 00:00:00+00:00,0.0
2021-10-05 00:00:00+00:00,0.0016491753134348919
2021-10-06 00:00:00+00:00,0.003339536085120054
2021-10-07 00:00:00+00:00,-0.004108920246699288
2021-10-08 00:00:00+00:00,0.00032550126923647227
2021-10-09 00:00:00+00:00,0.0025781947600145294
2021-10-10 00:00:00+00:00,-0.0007543787542630964
2021-10-11 00:00:00+00:00,0.007412648293817048
2021-10-12 00:00:00+00:00,-0.003979751182201174
2021-10-13 00:00:00+00:00,0.003623608858267069
2021-10-14 00:00:00+00:00,-0.00011690758708027271
2021-10-15 00:00:00+00:00,0.011349343481063201
2021-10-16 00:00:00+00:00,-0.0022233129308552035
2021-10-17 00:00:00+00:00,0.0015090478329049528
2021-10-18 00:00:00+00:00,0.0011067385861178725
2021-10-19 00:00:00+00:00,0.005900783584922076
2021-10-20 00:00:00+00:00,0.004398690266954608
2021-10-21 00:00:00+00:00,-0.010159050856190288
2021-10-22 00:00:00+00:00,-0.004137428466640558
2021-10-23 00:00:00+00:00,0.001457462321924119
2021-10-24 00:00:00+00:00,-0.0012666277863048192
2021-10-25 00:00:00+00:00,0.0056970153987578875
2021-10-26 00:00:00+00:00,-0.007482451835734594
2021-10-27 00:00:00+00:00,-0.003723586353884256
2021-10-28 00:00:00+00:00,0.004007214777110413
2021-10-29 00:00:00+00:00,0.003056894196260984
2021-10-30 00:00:00+00:00,-0.0008545278936873402
2021-10-31 00:00:00+00:00,-0.0011395523245670836
2021-11-01 00:00:00+00:00,-0.0008909608542748693
2021-11-02 00:00:00+00:00,0.00420234532934205
2021-11-03 00:00:00+00:00,-0.0007757957838108176
2021-11-04 00:00:00+00:00,-0.0029666936253101017
2021-11-05 00:00:00+00:00,-0.0008792046761025851
2021-11-06 00:00:00+00:00,0.0007846801125512837
2021-11-07 00:00:00+00:00,0.0032460416164787897
2021-11-08 00:00:00+00:00,0.007787428604374647
2021-11-09 00:00:00+00:00,-0.0016427985217143393
2021-11-10 00:00:00+00:00,-0.005103061391158459
2021-11-11 00:00:00+00:00,-0.0002904579342997149
2021-11-12 00:00:00+00:00,-0.0022110452803220104
2021-11-13 00:00:00+00:00,0.00041905191702773514
2021-11-14 00:00:00+00:00,0.00206635624827034
2021-11-15 00:00:00+00:00,-0.0036247955118290376
2021-11-16 00:00:00+00:00,-0.006254869079590497
2021-11-17 00:00:00+00:00,0.0003081011626673291
2021-11-18 00:00:00+00:00,-0.004425898966959885
2021-11-19 00:00:00+00:00,0.001451777172412294
2021-11-20 00:00:00+00:00,0.002087771960317175
2021-11-21 00:00:00+00:00,-0.0013716148102745906
2021-11-22 00:00:00+00:00,-0.0030864480729039245
2021-11-23 00:00:00+00:00,0.0016534825093077465
2021-11-24 00:00:00+00:00,-0.000548012873397119
2021-11-25 00:00:00+00:00,0.002306928137463027
2021-11-26 00:00:00+00:00,-0.006059685962033767
2021-11-27 00:00:00+00:00,0.0
2021-11-28 00:00:00+00:00,0.0
2021-11-29 00:00:00+00:00,0.0
2021-11-30 00:00:00+00:00,0.0
2021-12-01 00:00:00+00:00,0.0
2021-12-02 00:00:00+00:00,0.0
2021-12-03 00:00:00+00:00,0.0
2021-12-04 00:00:00+00:00,0.0
2021-12-05 00:00:00+00:00,0.0
2021-12-06 00:00:00+00:00,0.0
2021-12-07 00:00:00+00:00,0.0
2021-12-08 00:00:00+00:00,0.0
2021-12-09 00:00:00+00:00,0.0
2021-12-10 00:00:00+00:00,0.0
2021-12-11 00:00:00+00:00,0.0
2021-12-12 00:00:00+00:00,0.0
2021-12-13 00:00:00+00:00,0.0
2021-12-14 00:00:00+00:00,0.0
2021-12-15 00:00:00+00:00,0.0
2021-12-16 00:00:00+00:00,0.0
2021-12-17 00:00:00+00:00,0.0
2021-12-18 00:00:00+00:00,0.0
2021-12-19 00:00:00+00:00,0.0
2021-12-20 00:00:00+00:00,0.0
2021-12-21 00:00:00+00:00,0.0
2021-12-22 00:00:00+00:00,0.0
2021-12-23 00:00:00+00:00,0.0
2021-12-24 00:00:00+00:00,0.0
2021-12-25 00:00:00+00:00,0.0
2021-12-26 00:00:00+00:00,0.0
2021-12-27 00:00:00+00:00,-0.0006106081656372941
2021-12-28 00:00:00+00:00,-0.0024035073940977814
2021-12-29 00:00:00+00:00,-5.366728468647608e-05
2021-12-30 00:00:00+00:00,0.0
2021-12-31 00:00:00+00:00,0.0
2022-01-01 00:00:00+00:00,0.0
2022-01-02 00:00:00+00:00,0.0
2022-01-03 00:00:00+00:00,0.0
2022-01-04 00:00:00+00:00,0.0
2022-01-05 00:00:00+00:00,0.0
2022-01-06 00:00:00+00:00,0.0
2022-01-07 00:00:00+00:00,0.0
2022-01-08 00:00:00+00:00,0.0
2022-01-09 00:00:00+00:00,0.0
2022-01-10 00:00:00+00:00,0.0
2022-01-11 00:00:00+00:00,0.0
2022-01-12 00:00:00+00:00,0.0
2022-01-13 00:00:00+00:00,0.0
2022-01-14 00:00:00+00:00,0.0
2022-01-15 00:00:00+00:00,0.0
2022-01-16 00:00:00+00:00,0.0
2022-01-17 00:00:00+00:00,0.0
2022-01-18 00:00:00+00:00,0.0
2022-01-19 00:00:00+00:00,0.0
2022-01-20 00:00:00+00:00,0.0
2022-01-21 00:00:00+00:00,0.0
2022-01-22 00:00:00+00:00,0.0
2022-01-23 00:00:00+00:00,0.0
2022-01-24 00:00:00+00:00,0.0
2022-01-25 00:00:00+00:00,0.0
2022-01-26 00:00:00+00:00,0.0
2022-01-27 00:00:00+00:00,0.0
2022-01-28 00:00:00+00:00,0.0
2022-01-29 00:00:00+00:00,0.0
2022-01-30 00:00:00+00:00,0.0
2022-01-31 00:00:00+00:00,0.0
2022-02-01 00:00:00+00:00,0.0
2022-02-02 00:00:00+00:00,0.0
2022-02-03 00:00:00+00:00,0.0
2022-02-04 00:00:00+00:00,0.0
2022-02-05 00:00:00+00:00,0.0
2022-02-06 00:00:00+00:00,0.0
2022-02-07 00:00:00+00:00,-3.160738872021174e-05
2022-02-08 00:00:00+00:00,-0.0005747004546026169
2022-02-09 00:00:00+00:00,0.0005529989582808703
2022-02-10 00:00:00+00:00,-0.0015075532891887233
2022-02-11 00:00:00+00:00,-0.0018581307444880402
2022-02-12 00:00:00+00:00,-0.00030219385377683317
2022-02-13 00:00:00+00:00,-0.00028472057245632065
2022-02-14 00:00:00+00:00,0.0008049734487889371
2022-02-15 00:00:00+00:00,0.003381738655425126
2022-02-16 00:00:00+00:00,-0.0011488247094114667
2022-02-17 00:00:00+00:00,-0.005702374685713885
2022-02-18 00:00:00+00:00,-0.0005340244398341909
2022-02-19 00:00:00+00:00,7.361049524856611e-05
2022-02-20 00:00:00+00:00,-0.0012594015233062805
2022-02-21 00:00:00+00:00,0.0
2022-02-22 00:00:00+00:00,0.0
2022-02-23 00:00:00+00:00,0.0
2022-02-24 00:00:00+00:00,0.0
2022-02-25 00:00:00+00:00,0.0
2022-02-26 00:00:00+00:00,0.0
2022-02-27 00:00:00+00:00,0.0
2022-02-28 00:00:00+00:00,0.0
2022-03-01 00:00:00+00:00,0.0
2022-03-02 00:00:00+00:00,0.0
2022-03-03 00:00:00+00:00,0.0
2022-03-04 00:00:00+00:00,0.0
2022-03-05 00:00:00+00:00,0.0
2022-03-06 00:00:00+00:00,0.0
2022-03-07 00:00:00+00:00,0.0
2022-03-08 00:00:00+00:00,0.0
2022-03-09 00:00:00+00:00,0.0
2022-03-10 00:00:00+00:00,0.0
2022-03-11 00:00:00+00:00,0.0
2022-03-12 00:00:00+00:00,0.0
2022-03-13 00:00:00+00:00,0.0
2022-03-14 00:00:00+00:00,0.0
2022-03-15 00:00:00+00:00,0.0
2022-03-16 00:00:00+00:00,0.0
2022-03-17 00:00:00+00:00,0.0
2022-03-18 00:00:00+00:00,0.0
2022-03-19 00:00:00+00:00,0.0
2022-03-20 00:00:00+00:00,0.0
2022-03-21 00:00:00+00:00,0.0
2022-03-22 00:00:00+00:00,0.0
2022-03-23 00:00:00+00:00,0.00019435016700852792
2022-03-24 00:00:00+00:00,0.0009777228590501785
2022-03-25 00:00:00+00:00,0.0002744210491294474
2022-03-26 00:00:00+00:00,0.00012108393403509332
2022-03-27 00:00:00+00:00,0.003972964233429188
2022-03-28 00:00:00+00:00,0.0006489894416015218
2022-03-29 00:00:00+00:00,0.0006815934443551441
2022-03-30 00:00:00+00:00,-0.0009146564836337578
2022-03-31 00:00:00+00:00,-0.0037663817390171106
2022-04-01 00:00:00+00:00,0.0018111499898747496
2022-04-02 00:00:00+00:00,-0.001173551843315468
2022-04-03 00:00:00+00:00,0.0014131342244605438
2022-04-04 00:00:00+00:00,0.00042212955966247634
2022-04-05 00:00:00+00:00,-0.0026991330637005095
2022-04-06 00:00:00+00:00,-0.005646205586789854
2022-04-07 00:00:00+00:00,0.0004044161286613779
2022-04-08 00:00:00+00:00,-0.002155175852937563
2022-04-09 00:00:00+00:00,0.00039123146870068126
2022-04-10 00:00:00+00:00,-0.0005475146734732483
2022-04-11 00:00:00+00:00,-0.0014997464937712701
2022-04-12 00:00:00+00:00,0.0
2022-04-13 00:00:00+00:00,0.0
2022-04-14 00:00:00+00:00,0.0
2022-04-15 00:00:00+00:00,0.0
2022-04-16 00:00:00+00:00,0.0
2022-04-17 00:00:00+00:00,0.0
2022-04-18 00:00:00+00:00,0.0
2022-04-19 00:00:00+00:00,0.0
2022-04-20 00:00:00+00:00,0.0
2022-04-21 00:00:00+00:00,0.0
2022-04-22 00:00:00+00:00,0.0
2022-04-23 00:00:00+00:00,0.0
2022-04-24 00:00:00+00:00,0.0
2022-04-25 00:00:00+00:00,0.0
2022-04-26 00:00:00+00:00,0.0
2022-04-27 00:00:00+00:00,0.0
2022-04-28 00:00:00+00:00,0.0
2022-04-29 00:00:00+00:00,0.0
2022-04-30 00:00:00+00:00,0.0
2022-05-01 00:00:00+00:00,0.0
2022-05-02 00:00:00+00:00,0.0
2022-05-03 00:00:00+00:00,0.0
2022-05-04 00:00:00+00:00,0.0
2022-05-05 00:00:00+00:00,0.0
2022-05-06 00:00:00+00:00,0.0
2022-05-07 00:00:00+00:00,0.0
2022-05-08 00:00:00+00:00,0.0
2022-05-09 00:00:00+00:00,0.0
2022-05-10 00:00:00+00:00,0.0
2022-05-11 00:00:00+00:00,0.0
2022-05-12 00:00:00+00:00,0.0
2022-05-13 00:00:00+00:00,0.0
2022-05-14 00:00:00+00:00,0.0
2022-05-15 00:00:00+00:00,0.0
2022-05-16 00:00:00+00:00,0.0
2022-05-17 00:00:00+00:00,0.0
2022-05-18 00:00:00+00:00,0.0
2022-05-19 00:00:00+00:00,0.0
2022-05-20 00:00:00+00:00,0.0
2022-05-21 00:00:00+00:00,0.0
2022-05-22 00:00:00+00:00,0.0
2022-05-23 00:00:00+00:00,0.0
2022-05-24 00:00:00+00:00,0.0
2022-05-25 00:00:00+00:00,0.0
2022-05-26 00:00:00+00:00,0.0
2022-05-27 00:00:00+00:00,0.0
2022-05-28 00:00:00+00:00,0.0
2022-05-29 00:00:00+00:00,0.0
2022-05-30 00:00:00+00:00,0.0
2022-05-31 00:00:00+00:00,2.6209451511771675e-05
2022-06-01 00:00:00+00:00,-0.002567494666695147
2022-06-02 00:00:00+00:00,-5.2861271417681266e-05
2022-06-03 00:00:00+00:00,0.0
2022-06-04 00:00:00+00:00,0.0
2022-06-05 00:00:00+00:00,0.0
2022-06-06 00:00:00+00:00,0.0
2022-06-07 00:00:00+00:00,0.0
2022-06-08 00:00:00+00:00,0.0
2022-06-09 00:00:00+00:00,0.0
2022-06-10 00:00:00+00:00,0.0
2022-06-11 00:00:00+00:00,0.0
2022-06-12 00:00:00+00:00,0.0
2022-06-13 00:00:00+00:00,0.0
2022-06-14 00:00:00+00:00,0.0
2022-06-15 00:00:00+00:00,0.0
2022-06-16 00:00:00+00:00,0.0
2022-06-17 00:00:00+00:00,0.0
2022-06-18 00:00:00+00:00,0.0
2022-06-19 00:00:00+00:00,0.0
2022-06-20 00:00:00+00:00,0.0
2022-06-21 00:00:00+00:00,0.0
2022-06-22 00:00:00+00:00,0.0
2022-06-23 00:00:00+00:00,0.0
2022-06-24 00:00:00+00:00,0.0
2022-06-25 00:00:00+00:00,0.0
2022-06-26 00:00:00+00:00,0.0
2022-06-27 00:00:00+00:00,0.0
2022-06-28 00:00:00+00:00,0.0
2022-06-29 00:00:00+00:00,0.0
2022-06-30 00:00:00+00:00,0.0
2022-07-01 00:00:00+00:00,0.0
2022-07-02 00:00:00+00:00,0.0
2022-07-03 00:00:00+00:00,0.0
2022-07-04 00:00:00+00:00,0.0
2022-07-05 00:00:00+00:00,0.0
2022-07-06 00:00:00+00:00,0.0
2022-07-07 00:00:00+00:00,0.0
2022-07-08 00:00:00+00:00,-9.572736742169408e-05
2022-07-09 00:00:00+00:00,-2.1181150828830653e-05
2022-07-10 00:00:00+00:00,-0.0011453590650984946
2022-07-11 00:00:00+00:00,-0.0007130218491760987
2022-07-12 00:00:00+00:00,0.0
2022-07-13 00:00:00+00:00,0.0
2022-07-14 00:00:00+00:00,0.0
2022-07-15 00:00:00+00:00,0.0
2022-07-16 00:00:00+00:00,0.0
2022-07-17 00:00:00+00:00,0.0
2022-07-18 00:00:00+00:00,0.0004390244612524352
2022-07-19 00:00:00+00:00,0.002847980545565454
2022-07-20 00:00:00+00:00,-0.0005084771453689463
2022-07-21 00:00:00+00:00,-0.00024948828201898365
2022-07-22 00:00:00+00:00,-0.0014138728222264918
2022-07-23 00:00:00+00:00,-0.0007132683780094462
2022-07-24 00:00:00+00:00,0.0003738490543705453
2022-07-25 00:00:00+00:00,-0.0037958971908060857
2022-07-26 00:00:00+00:00,-9.55836422797951e-05
2022-07-27 00:00:00+00:00,0.0
2022-07-28 00:00:00+00:00,0.0
2022-07-29 00:00:00+00:00,0.0
2022-07-30 00:00:00+00:00,-0.002422675083383896
2022-07-31 00:00:00+00:00,-0.0009062939016869498
2022-08-01 00:00:00+00:00,-0.00010135956562740134
2022-08-02 00:00:00+00:00,-0.0007561355264062986
2022-08-03 00:00:00+00:00,-0.0004559826615078144
2022-08-04 00:00:00+00:00,-0.0005073893390962203
2022-08-05 00:00:00+00:00,0.001803644207742039
2022-08-06 00:00:00+00:00,-0.0009456459939349848
2022-08-07 00:00:00+00:00,0.0005820753716376803
2022-08-08 00:00:00+00:00,0.00165539403765802
2022-08-09 00:00:00+00:00,-0.00175622782394258
2022-08-10 00:00:00+00:00,0.0020945871043311914
2022-08-11 00:00:00+00:00,-7.606843479868175e-05
2022-08-12 00:00:00+00:00,0.0012266068911130912
2022-08-13 00:00:00+00:00,-0.00016442126827176384
2022-08-14 00:00:00+00:00,-0.0005665914934599448
2022-08-15 00:00:00+00:00,-0.0008685833426860246
2022-08-16 00:00:00+00:00,-0.0010189599292835805
2022-08-17 00:00:00+00:00,-0.0021206474229565897
2022-08-18 00:00:00+00:00,-0.0004641941725909149
2022-08-19 00:00:00+00:00,-0.003998184168440444
2022-08-20 00:00:00+00:00,0.0
2022-08-21 00:00:00+00:00,0.0
2022-08-22 00:00:00+00:00,0.0
2022-08-23 00:00:00+00:00,0.0
2022-08-24 00:00:00+00:00,0.0
2022-08-25 00:00:00+00:00,0.0
2022-08-26 00:00:00+00:00,0.0
2022-08-27 00:00:00+00:00,0.0
2022-08-28 00:00:00+00:00,0.0
2022-08-29 00:00:00+00:00,0.0
2022-08-30 00:00:00+00:00,0.0
2022-08-31 00:00:00+00:00,0.0
2022-09-01 00:00:00+00:00,0.0
2022-09-02 00:00:00+00:00,0.0
2022-09-03 00:00:00+00:00,0.0
2022-09-04 00:00:00+00:00,0.0
2022-09-05 00:00:00+00:00,0.0
2022-09-06 00:00:00+00:00,0.0
2022-09-07 00:00:00+00:00,0.0
2022-09-08 00:00:00+00:00,0.0
2022-09-09 00:00:00+00:00,0.0
2022-09-10 00:00:00+00:00,0.0
2022-09-11 00:00:00+00:00,0.0
2022-09-12 00:00:00+00:00,0.0008982413484244223
2022-09-13 00:00:00+00:00,-0.0037681703668049904
2022-09-14 00:00:00+00:00,-4.6356061701002815e-05
2022-09-15 00:00:00+00:00,0.0
2022-09-16 00:00:00+00:00,0.0
2022-09-17 00:00:00+00:00,0.0
2022-09-18 00:00:00+00:00,0.0
2022-09-19 00:00:00+00:00,0.0
2022-09-20 00:00:00+00:00,0.0
2022-09-21 00:00:00+00:00,0.0
2022-09-22 00:00:00+00:00,0.0
2022-09-23 00:00:00+00:00,0.0
2022-09-24 00:00:00+00:00,0.0
2022-09-25 00:00:00+00:00,0.0
2022-09-26 00:00:00+00:00,0.0
2022-09-27 00:00:00+00:00,0.0
2022-09-28 00:00:00+00:00,0.0
2022-09-29 00:00:00+00:00,0.0
2022-09-30 00:00:00+00:00,0.0
2022-10-01 00:00:00+00:00,0.0
2022-10-02 00:00:00+00:00,0.0
2022-10-03 00:00:00+00:00,0.0
2022-10-04 00:00:00+00:00,0.0
2022-10-05 00:00:00+00:00,-0.0004356745213129898
2022-10-06 00:00:00+00:00,-0.0004088494643922358
2022-10-07 00:00:00+00:00,-0.0008878426467555656
2022-10-08 00:00:00+00:00,-0.00023847324556203198
2022-10-09 00:00:00+00:00,4.548946975369006e-05
2022-10-10 00:00:00+00:00,-0.00040448503366374844
2022-10-11 00:00:00+00:00,0.0
2022-10-12 00:00:00+00:00,0.0
2022-10-13 00:00:00+00:00,0.0
2022-10-14 00:00:00+00:00,0.0
2022-10-15 00:00:00+00:00,0.0
2022-10-16 00:00:00+00:00,0.0
2022-10-17 00:00:00+00:00,0.0
2022-10-18 00:00:00+00:00,0.0
2022-10-19 00:00:00+00:00,0.0
2022-10-20 00:00:00+00:00,0.0
2022-10-21 00:00:00+00:00,0.0
2022-10-22 00:00:00+00:00,0.0
2022-10-23 00:00:00+00:00,0.0
2022-10-24 00:00:00+00:00,0.0
2022-10-25 00:00:00+00:00,0.0
2022-10-26 00:00:00+00:00,0.0019066822951758766
2022-10-27 00:00:00+00:00,-0.0022772340288947923
2022-10-28 00:00:00+00:00,0.001436143310223903
2022-10-29 00:00:00+00:00,0.0010200537305320445
2022-10-30 00:00:00+00:00,-0.000878274097396825
2022-10-31 00:00:00+00:00,-0.0006490614494624181
2022-11-01 00:00:00+00:00,-4.868300870319864e-05
2022-11-02 00:00:00+00:00,-0.0016138105954993653
2022-11-03 00:00:00+00:00,0.0002782134685703763
2022-11-04 00:00:00+00:00,0.004519136710482208
2022-11-05 00:00:00+00:00,0.0007131487715823503
2022-11-06 00:00:00+00:00,-0.0018975853575396995
2022-11-07 00:00:00+00:00,-0.001575516127230392
2022-11-08 00:00:00+00:00,-0.00396408445614016
2022-11-09 00:00:00+00:00,0.0
2022-11-10 00:00:00+00:00,0.0
2022-11-11 00:00:00+00:00,0.0
2022-11-12 00:00:00+00:00,0.0
2022-11-13 00:00:00+00:00,0.0
2022-11-14 00:00:00+00:00,0.0
2022-11-15 00:00:00+00:00,0.0
2022-11-16 00:00:00+00:00,0.0
2022-11-17 00:00:00+00:00,0.0
2022-11-18 00:00:00+00:00,0.0
2022-11-19 00:00:00+00:00,0.0
2022-11-20 00:00:00+00:00,0.0
2022-11-21 00:00:00+00:00,0.0
2022-11-22 00:00:00+00:00,0.0
2022-11-23 00:00:00+00:00,0.0
2022-11-24 00:00:00+00:00,0.0
2022-11-25 00:00:00+00:00,0.0
2022-11-26 00:00:00+00:00,0.0
2022-11-27 00:00:00+00:00,0.0
2022-11-28 00:00:00+00:00,0.0
2022-11-29 00:00:00+00:00,0.0
2022-11-30 00:00:00+00:00,0.0
2022-12-01 00:00:00+00:00,0.0
2022-12-02 00:00:00+00:00,0.0
2022-12-03 00:00:00+00:00,0.0
2022-12-04 00:00:00+00:00,0.0
2022-12-05 00:00:00+00:00,-0.0010106064664801018
2022-12-06 00:00:00+00:00,0.0003245495099200024
2022-12-07 00:00:00+00:00,-0.0006874840544648375
2022-12-08 00:00:00+00:00,0.0010584409802898431
2022-12-09 00:00:00+00:00,-0.00026047843599374954
2022-12-10 00:00:00+00:00,-5.1616741276738765e-06
2022-12-11 00:00:00+00:00,-0.00011773523064972924
2022-12-12 00:00:00+00:00,0.00033343583014300293
2022-12-13 00:00:00+00:00,0.0015766260422309664
2022-12-14 00:00:00+00:00,0.00012612630155395266
2022-12-15 00:00:00+00:00,-0.0026859189421298835
2022-12-16 00:00:00+00:00,-0.0034054850528263403
2022-12-17 00:00:00+00:00,-7.213238282888224e-05
2022-12-18 00:00:00+00:00,0.0
2022-12-19 00:00:00+00:00,0.0
2022-12-20 00:00:00+00:00,0.0
2022-12-21 00:00:00+00:00,0.0
2022-12-22 00:00:00+00:00,0.0
2022-12-23 00:00:00+00:00,0.0
2022-12-24 00:00:00+00:00,0.0
2022-12-25 00:00:00+00:00,0.0
2022-12-26 00:00:00+00:00,0.0
2022-12-27 00:00:00+00:00,0.0
2022-12-28 00:00:00+00:00,0.0
2022-12-29 00:00:00+00:00,0.0
2022-12-30 00:00:00+00:00,0.0
2022-12-31 00:00:00+00:00,0.0
2023-01-01 00:00:00+00:00,0.0
2023-01-02 00:00:00+00:00,0.0
2023-01-03 00:00:00+00:00,0.0
2023-01-04 00:00:00+00:00,0.0
2023-01-05 00:00:00+00:00,0.0
2023-01-06 00:00:00+00:00,0.0
2023-01-07 00:00:00+00:00,-0.0001193450512610994
2023-01-08 00:00:00+00:00,0.0006679808164067325
2023-01-09 00:00:00+00:00,0.00015926047662206955
2023-01-10 00:00:00+00:00,0.0009289103765683926
2023-01-11 00:00:00+00:00,0.0018310131713878963
2023-01-12 00:00:00+00:00,0.007651369217154258
2023-01-13 00:00:00+00:00,0.010816835792947899
2023-01-14 00:00:00+00:00,0.010148075448529692
2023-01-15 00:00:00+00:00,-0.0008791663190187426
2023-01-16 00:00:00+00:00,0.0029355068503131854
2023-01-17 00:00:00+00:00,-0.0006234239771826244
2023-01-18 00:00:00+00:00,-0.004474302439393507
2023-01-19 00:00:00+00:00,0.0037554053298731738
2023-01-20 00:00:00+00:00,0.015535654231776164
2023-01-21 00:00:00+00:00,0.001098984465313313
2023-01-22 00:00:00+00:00,-0.0008105123671203751
2023-01-23 00:00:00+00:00,0.0019441312115540121
2023-01-24 00:00:00+00:00,-0.002815063199089529
2023-01-25 00:00:00+00:00,0.004114159859419209
2023-01-26 00:00:00+00:00,-0.0006303117064817565
2023-01-27 00:00:00+00:00,0.000570195709918897
2023-01-28 00:00:00+00:00,-0.0005670123951379002
2023-01-29 00:00:00+00:00,0.0068979674810847325
2023-01-30 00:00:00+00:00,-0.008856302078435463
2023-01-31 00:00:00+00:00,0.0028191016793579493
2023-02-01 00:00:00+00:00,0.0057997368492077594
2023-02-02 00:00:00+00:00,-0.002330999343985063
2023-02-03 00:00:00+00:00,-0.0007224144654744968
2023-02-04 00:00:00+00:00,-0.0010454655912905952
2023-02-05 00:00:00+00:00,-0.0038400895433385873
2023-02-06 00:00:00+00:00,-0.0017175027608195004
2023-02-07 00:00:00+00:00,0.0045285918122217605
2023-02-08 00:00:00+00:00,-0.0027376114803876472
2023-02-09 00:00:00+00:00,-0.01125770526524883
2023-02-10 00:00:00+00:00,-0.001765679988362523
2023-02-11 00:00:00+00:00,0.0022307485658616955
2023-02-12 00:00:00+00:00,-0.0008179775339043349
2023-02-13 00:00:00+00:00,-0.00016322112800093436
2023-02-14 00:00:00+00:00,0.0026057152830298858
2023-02-15 00:00:00+00:00,0.013418029470415371
2023-02-16 00:00:00+00:00,-0.008728528928834911
2023-02-17 00:00:00+00:00,0.011118426823579997
2023-02-18 00:00:00+00:00,0.0005039692822890185
2023-02-19 00:00:00+00:00,-0.003969392988179998
2023-02-20 00:00:00+00:00,0.0060726670067725586
2023-02-21 00:00:00+00:00,-0.004333038489498842
2023-02-22 00:00:00+00:00,-0.0029365984340402607
2023-02-23 00:00:00+00:00,-0.00260065552992661
2023-02-24 00:00:00+00:00,-0.008001148117075196
2023-02-25 00:00:00+00:00,-0.00033426935852209905
2023-02-26 00:00:00+00:00,0.002031186362501991
2023-02-27 00:00:00+00:00,-0.00035443140184465705
2023-02-28 00:00:00+00:00,-0.0018114570130058905
2023-03-01 00:00:00+00:00,0.0024950489248509733
2023-03-02 00:00:00+00:00,-0.0008651167342316191
2023-03-03 00:00:00+00:00,-0.005725177937774606
2023-03-04 00:00:00+00:00,-4.407480392421004e-05
2023-03-05 00:00:00+00:00,0.00042493490887207663
2023-03-06 00:00:00+00:00,-0.0001323428354297329
2023-03-07 00:00:00+00:00,-0.0010930290193289505
2023-03-08 00:00:00+00:00,-0.002559021323082944
2023-03-09 00:00:00+00:00,-0.00701008066706954
2023-03-10 00:00:00+00:00,-0.00013861314953211856
2023-03-11 00:00:00+00:00,0.0
2023-03-12 00:00:00+00:00,0.0
2023-03-13 00:00:00+00:00,0.0
2023-03-14 00:00:00+00:00,-0.00954280472842306
2023-03-15 00:00:00+00:00,-0.0031102745522236797
2023-03-16 00:00:00+00:00,0.0053097611711820925
2023-03-17 00:00:00+00:00,0.01814366060157857
2023-03-18 00:00:00+00:00,-0.0036214691201976734
2023-03-19 00:00:00+00:00,0.007794886109357302
2023-03-20 00:00:00+00:00,-0.0019305349343915479
2023-03-21 00:00:00+00:00,0.002862252372059837
2023-03-22 00:00:00+00:00,-0.006378413257312032
2023-03-23 00:00:00+00:00,0.007830238368836229
2023-03-24 00:00:00+00:00,-0.006330579636571243
2023-03-25 00:00:00+00:00,6.185130218794299e-05
2023-03-26 00:00:00+00:00,0.003782713919068481
2023-03-27 00:00:00+00:00,-0.006272310570843986
2023-03-28 00:00:00+00:00,0.0010156189079073563
2023-03-29 00:00:00+00:00,0.008089004528261556
2023-03-30 00:00:00+00:00,-0.002427422309471239
2023-03-31 00:00:00+00:00,0.0032406695869278135
2023-04-01 00:00:00+00:00,-0.00014295166738120813
2023-04-02 00:00:00+00:00,-0.002127221057905082
2023-04-03 00:00:00+00:00,-0.0027979739561432293
2023-04-04 00:00:00+00:00,0.002766094513279027
2023-04-05 00:00:00+00:00,-4.366470058037031e-05
2023-04-06 00:00:00+00:00,-0.000978475409377455
2023-04-07 00:00:00+00:00,-0.0009830886181420029
2023-04-08 00:00:00+00:00,0.0002462666258862267
2023-04-09 00:00:00+00:00,0.0028616327097501504
2023-04-10 00:00:00+00:00,0.009688619027002465
2023-04-11 00:00:00+00:00,0.0038704658293786665
2023-04-12 00:00:00+00:00,-0.0018438156970356223
2023-04-13 00:00:00+00:00,0.0028139565991374127
2023-04-14 00:00:00+00:00,0.0005032601875858411
2023-04-15 00:00:00+00:00,-0.00103011563908173
2023-04-16 00:00:00+00:00,-1.1834018132650392e-05
2023-04-17 00:00:00+00:00,-0.005102401004438151
2023-04-18 00:00:00+00:00,0.005525868448047255
2023-04-19 00:00:00+00:00,-0.009186582551890199
2023-04-20 00:00:00+00:00,-0.0019153505653740632
2023-04-21 00:00:00+00:00,-0.0031104633384325675
2023-04-22 00:00:00+00:00,0.001741100548469099
2023-04-23 00:00:00+00:00,-0.00073782449205817
2023-04-24 00:00:00+00:00,-0.0002580270693641751
2023-04-25 00:00:00+00:00,0.0024810964490220577
2023-04-26 00:00:00+00:00,0.00033006341108654524
2023-04-27 00:00:00+00:00,0.0033458030624453627
2023-04-28 00:00:00+00:00,-0.000522954238542539
2023-04-29 00:00:00+00:00,-0.0002883188748918908
2023-04-30 00:00:00+00:00,2.0654814552489853e-05
2023-05-01 00:00:00+00:00,-0.003677007885092287
2023-05-02 00:00:00+00:00,0.0018956715753839504
2023-05-03 00:00:00+00:00,0.0011239450973281606
2023-05-04 00:00:00+00:00,-0.0006284983038732372
2023-05-05 00:00:00+00:00,0.0020780428959559227
2023-05-06 00:00:00+00:00,-0.0020844454368764698
2023-05-07 00:00:00+00:00,-0.0013324258514011422
2023-05-08 00:00:00+00:00,-0.002402796292482412
2023-05-09 00:00:00+00:00,-0.00016777329554129583
2023-05-10 00:00:00+00:00,-9.724702615721004e-05
2023-05-11 00:00:00+00:00,-0.001995286738814106
2023-05-12 00:00:00+00:00,-0.0013317868412988654
2023-05-13 00:00:00+00:00,-4.245982135431259e-05
2023-05-14 00:00:00+00:00,0.00023223637239078165
2023-05-15 00:00:00+00:00,0.0004236175245186935
2023-05-16 00:00:00+00:00,-0.0002244818438466023
2023-05-17 00:00:00+00:00,0.0006197136125531966
2023-05-18 00:00:00+00:00,-0.001006501633578627
2023-05-19 00:00:00+00:00,9.807624562174766e-05
2023-05-20 00:00:00+00:00,0.0003688021822256804
2023-05-21 00:00:00+00:00,-0.0006123275121254768
2023-05-22 00:00:00+00:00,0.0001784837656524374
2023-05-23 00:00:00+00:00,0.000612990206302344
2023-05-24 00:00:00+00:00,-0.0015258279753104231
2023-05-25 00:00:00+00:00,0.00023967237437649835
2023-05-26 00:00:00+00:00,0.00037594384214534315
2023-05-27 00:00:00+00:00,0.00024682602616077354
2023-05-28 00:00:00+00:00,0.002044787513442836
2023-05-29 00:00:00+00:00,-0.0005787793090576976
2023-05-30 00:00:00+00:00,-7.989180140755003e-05
2023-05-31 00:00:00+00:00,-0.0008179360599224195
2023-06-01 00:00:00+00:00,-0.0006806038012415749
2023-06-02 00:00:00+00:00,0.0007054518528699649
2023-06-03 00:00:00+00:00,-0.0003035827160020599
2023-06-04 00:00:00+00:00,6.908307889386123e-05
2023-06-05 00:00:00+00:00,-0.00236442332060971
2023-06-06 00:00:00+00:00,0.0025625032165115247
2023-06-07 00:00:00+00:00,-0.0015286091302996185
2023-06-08 00:00:00+00:00,0.0002658850366623611
2023-06-09 00:00:00+00:00,-3.8697169285617505e-05
2023-06-10 00:00:00+00:00,-0.0015067157516915897
2023-06-11 00:00:00+00:00,0.0
2023-06-12 00:00:00+00:00,0.0
2023-06-13 00:00:00+00:00,0.0
2023-06-14 00:00:00+00:00,0.0
2023-06-15 00:00:00+00:00,0.0
2023-06-16 00:00:00+00:00,0.0
2023-06-17 00:00:00+00:00,0.0
2023-06-18 00:00:00+00:00,0.0
2023-06-19 00:00:00+00:00,0.0
2023-06-20 00:00:00+00:00,0.0
2023-06-21 00:00:00+00:00,0.007288939236069991
2023-06-22 00:00:00+00:00,-0.0007429847746760476
2023-06-23 00:00:00+00:00,0.003829906651265702
2023-06-24 00:00:00+00:00,-0.0012131051293433615
2023-06-25 00:00:00+00:00,-0.0005781431148111915
2023-06-26 00:00:00+00:00,-0.0015887209997603735
2023-06-27 00:00:00+00:00,0.003181977849110007
2023-06-28 00:00:00+00:00,-0.004782314571861512
2023-06-29 00:00:00+00:00,0.0028158261339967794
2023-06-30 00:00:00+00:00,8.578952232163317e-05
2023-07-01 00:00:00+00:00,0.000800281923373225
2023-07-02 00:00:00+00:00,0.0002296679930005041
2023-07-03 00:00:00+00:00,0.004041798221725568
2023-07-04 00:00:00+00:00,-0.003071857388056709
2023-07-05 00:00:00+00:00,-0.002121269429603667
2023-07-06 00:00:00+00:00,-0.004759086359804265
2023-07-07 00:00:00+00:00,0.0034885298228894968
2023-07-08 00:00:00+00:00,-0.00046925448662782365
2023-07-09 00:00:00+00:00,-0.0009779612021555417
2023-07-10 00:00:00+00:00,0.001904526220270819
2023-07-11 00:00:00+00:00,0.0013909521989721174
2023-07-12 00:00:00+00:00,-0.0015036662531581202
2023-07-13 00:00:00+00:00,0.006582075603919435
2023-07-14 00:00:00+00:00,-0.009271402179108046
2023-07-15 00:00:00+00:00,-0.00017766044803235737
2023-07-16 00:00:00+00:00,-0.0003903188679745817
2023-07-17 00:00:00+00:00,-0.0005821074382719171
2023-07-18 00:00:00+00:00,-0.00174722606419353
2023-07-19 00:00:00+00:00,0.00026346212952721437
2023-07-20 00:00:00+00:00,-0.0007473652559150112
2023-07-21 00:00:00+00:00,0.00041584891589319106
2023-07-22 00:00:00+00:00,-0.0004609233463483964
2023-07-23 00:00:00+00:00,0.0011884697052448878
2023-07-24 00:00:00+00:00,-0.003866912516983678
2023-07-25 00:00:00+00:00,0.00019311431644597477
2023-07-26 00:00:00+00:00,0.00047687484906866473
2023-07-27 00:00:00+00:00,-0.0005481924720046605
2023-07-28 00:00:00+00:00,0.0003568091713528343
2023-07-29 00:00:00+00:00,0.00013890135343230803
2023-07-30 00:00:00+00:00,-0.0003110462241515677
2023-07-31 00:00:00+00:00,-0.00023586404756548163
2023-08-01 00:00:00+00:00,0.0020113182069383395
2023-08-02 00:00:00+00:00,-0.002288014293221785
2023-08-03 00:00:00+00:00,5.752636320854876e-06
2023-08-04 00:00:00+00:00,-0.0003708317451794896
2023-08-05 00:00:00+00:00,-0.0002142343053724849
2023-08-06 00:00:00+00:00,4.030911708530205e-05
2023-08-07 00:00:00+00:00,0.0005047266837132636
2023-08-08 00:00:00+00:00,0.0023315688025860037
2023-08-09 00:00:00+00:00,-0.0008224498076344622
2023-08-10 00:00:00+00:00,-0.0005828871953567072
2023-08-11 00:00:00+00:00,-0.0001535163779394777
2023-08-12 00:00:00+00:00,-1.4517338381203615e-05
2023-08-13 00:00:00+00:00,-0.0005714228847746305
2023-08-14 00:00:00+00:00,0.0004984098519766889
2023-08-15 00:00:00+00:00,-0.001016579966544362
2023-08-16 00:00:00+00:00,-0.002052738095214668
2023-08-17 00:00:00+00:00,-0.0023263024684107014
2023-08-18 00:00:00+00:00,0.0
2023-08-19 00:00:00+00:00,0.0
2023-08-20 00:00:00+00:00,0.0
2023-08-21 00:00:00+00:00,0.0
2023-08-22 00:00:00+00:00,0.0
2023-08-23 00:00:00+00:00,0.0
2023-08-24 00:00:00+00:00,0.0
2023-08-25 00:00:00+00:00,0.0
2023-08-26 00:00:00+00:00,0.0
2023-08-27 00:00:00+00:00,0.0
2023-08-28 00:00:00+00:00,0.0
2023-08-29 00:00:00+00:00,0.0
2023-08-30 00:00:00+00:00,0.0
2023-08-31 00:00:00+00:00,0.0
2023-09-01 00:00:00+00:00,0.0
2023-09-02 00:00:00+00:00,0.0
2023-09-03 00:00:00+00:00,0.0
2023-09-04 00:00:00+00:00,0.0
2023-09-05 00:00:00+00:00,0.0
2023-09-06 00:00:00+00:00,0.0
2023-09-07 00:00:00+00:00,0.0
2023-09-08 00:00:00+00:00,0.0
2023-09-09 00:00:00+00:00,0.0
2023-09-10 00:00:00+00:00,0.0
2023-09-11 00:00:00+00:00,0.0
2023-09-12 00:00:00+00:00,0.0
2023-09-13 00:00:00+00:00,0.0
2023-09-14 00:00:00+00:00,0.0
2023-09-15 00:00:00+00:00,0.0
2023-09-16 00:00:00+00:00,0.0
2023-09-17 00:00:00+00:00,0.0
2023-09-18 00:00:00+00:00,0.0
2023-09-19 00:00:00+00:00,-0.0007475282704064723
2023-09-20 00:00:00+00:00,-0.000252494614106924
2023-09-21 00:00:00+00:00,-0.0016337227674663168
2023-09-22 00:00:00+00:00,3.89063348749108e-05
2023-09-23 00:00:00+00:00,-1.712662212471905e-05
2023-09-24 00:00:00+00:00,-0.0009742377608209507
2023-09-25 00:00:00+00:00,-0.00010678997772761711
2023-09-26 00:00:00+00:00,0.0
2023-09-27 00:00:00+00:00,0.0
2023-09-28 00:00:00+00:00,0.0
2023-09-29 00:00:00+00:00,0.0
2023-09-30 00:00:00+00:00,0.0
2023-10-01 00:00:00+00:00,0.0
2023-10-02 00:00:00+00:00,-0.00324433785767686
2023-10-03 00:00:00+00:00,-0.0004071204038608167
2023-10-04 00:00:00+00:00,0.002071129542666972
2023-10-05 00:00:00+00:00,-0.0021464953591109337
2023-10-06 00:00:00+00:00,0.0031120066844754213
2023-10-07 00:00:00+00:00,0.00014792073651381799
2023-10-08 00:00:00+00:00,-0.00026073512397095655
2023-10-09 00:00:00+00:00,-0.0019569125026591694
2023-10-10 00:00:00+00:00,-0.00120243471053616
2023-10-11 00:00:00+00:00,-0.002805517419853465
2023-10-12 00:00:00+00:00,-0.00012405847773400147
2023-10-13 00:00:00+00:00,0.0
2023-10-14 00:00:00+00:00,0.0
2023-10-15 00:00:00+00:00,0.0
2023-10-16 00:00:00+00:00,0.0
2023-10-17 00:00:00+00:00,-0.0012735192456075906
2023-10-18 00:00:00+00:00,-0.0006547912736939443
2023-10-19 00:00:00+00:00,0.0034849499506846016
2023-10-20 00:00:00+00:00,0.008451243038865686
2023-10-21 00:00:00+00:00,0.002099287311396969
2023-10-22 00:00:00+00:00,0.000730551014788805
2023-10-23 00:00:00+00:00,0.034665742221328344
2023-10-24 00:00:00+00:00,0.009066334293448053
2023-10-25 00:00:00+00:00,0.006753614587790446
2023-10-26 00:00:00+00:00,-0.002892845063174332
2023-10-27 00:00:00+00:00,-0.0022863777968191723
2023-10-28 00:00:00+00:00,0.001549256038301916
2023-10-29 00:00:00+00:00,0.00364368940837978
2023-10-30 00:00:00+00:00,-0.00046366241602058267
2023-10-31 00:00:00+00:00,0.0013234109914328496
2023-11-01 00:00:00+00:00,0.006516891086519205
2023-11-02 00:00:00+00:00,-0.004239085487367178
2023-11-03 00:00:00+00:00,-0.0020967001513035877
2023-11-04 00:00:00+00:00,0.0030147955944219706
2023-11-05 00:00:00+00:00,-0.00045824302036134856
2023-11-06 00:00:00+00:00,0.0001792879715905027
2023-11-07 00:00:00+00:00,0.002836876407552147
2023-11-08 00:00:00+00:00,0.0017510766944881517
2023-11-09 00:00:00+00:00,0.008990959748036209
2023-11-10 00:00:00+00:00,0.00495285344493257
2023-11-11 00:00:00+00:00,-0.001510072205868851
2023-11-12 00:00:00+00:00,-0.0008333935067219578
2023-11-13 00:00:00+00:00,-0.00513511007370826
2023-11-14 00:00:00+00:00,-0.007828585456419068
2023-11-15 00:00:00+00:00,0.01323162249984633
2023-11-16 00:00:00+00:00,-0.012716185082304543
2023-11-17 00:00:00+00:00,0.003230749170252789
2023-11-18 00:00:00+00:00,-0.0003847067028914797
2023-11-19 00:00:00+00:00,0.005805735145262281
2023-11-20 00:00:00+00:00,0.0005550357266757011
2023-11-21 00:00:00+00:00,-0.012778841484465508
2023-11-22 00:00:00+00:00,0.00926881829043591
2023-11-23 00:00:00+00:00,-0.0007259291019264813
2023-11-24 00:00:00+00:00,0.002234420565189854
2023-11-25 00:00:00+00:00,0.00027246802417968397
2023-11-26 00:00:00+00:00,-0.0023758293205530245
2023-11-27 00:00:00+00:00,-0.0015041771815470506
2023-11-28 00:00:00+00:00,0.0039748220708248905
2023-11-29 00:00:00+00:00,9.521849687299522e-05
2023-11-30 00:00:00+00:00,-0.0009195947013276307
2023-12-01 00:00:00+00:00,0.006515819070780582
2023-12-02 00:00:00+00:00,0.005315997130068251
2023-12-03 00:00:00+00:00,0.003682399729327157
2023-12-04 00:00:00+00:00,0.013779023798313306
2023-12-05 00:00:00+00:00,0.014100419500058692
2023-12-06 00:00:00+00:00,-0.002143615005096078
2023-12-07 00:00:00+00:00,-0.003301856295695904
2023-12-08 00:00:00+00:00,0.00599515658475136
2023-12-09 00:00:00+00:00,-0.003355089445850057
2023-12-10 00:00:00+00:00,0.0003167350650541412
2023-12-11 00:00:00+00:00,-0.017147823124020634
2023-12-12 00:00:00+00:00,0.0015818173217980736
2023-12-13 00:00:00+00:00,0.009178078821862945
2023-12-14 00:00:00+00:00,0.0009771619560754452
2023-12-15 00:00:00+00:00,-0.007273286287504344
2023-12-16 00:00:00+00:00,0.0020862074508369854
2023-12-17 00:00:00+00:00,-0.006132548774348212
2023-12-18 00:00:00+00:00,0.008599006095743267
2023-12-19 00:00:00+00:00,-0.002615202491121904
2023-12-20 00:00:00+00:00,0.009446443749093536
2023-12-21 00:00:00+00:00,0.0010091484314476151
2023-12-22 00:00:00+00:00,0.00046085082832014734
2023-12-23 00:00:00+00:00,-0.0019617375855834895
2023-12-24 00:00:00+00:00,-0.004971708184271173
2023-12-25 00:00:00+00:00,0.003910849900576663
2023-12-26 00:00:00+00:00,-0.007914903370518478
2023-12-27 00:00:00+00:00,0.0038957268351764718
2023-12-28 00:00:00+00:00,-0.003984793912435447
2023-12-29 00:00:00+00:00,-0.002540240777177405
2023-12-30 00:00:00+00:00,0.00013795182591369581
2023-12-31 00:00:00+00:00,0.0001780421443011715
