date,SPOT_LONG_BALANCED_4
2021-01-01 00:00:00+00:00,0.002117835589797057
2021-01-02 00:00:00+00:00,0.01649683142302405
2021-01-03 00:00:00+00:00,0.00468474349814052
2021-01-04 00:00:00+00:00,-0.005738908980078006
2021-01-05 00:00:00+00:00,0.011191013921282966
2021-01-06 00:00:00+00:00,0.015915542004064198
2021-01-07 00:00:00+00:00,0.0111555341464038
2021-01-08 00:00:00+00:00,0.004798189525134111
2021-01-09 00:00:00+00:00,-0.002052796687780245
2021-01-10 00:00:00+00:00,-0.00806105029597659
2021-01-11 00:00:00+00:00,-0.011511646773723516
2021-01-12 00:00:00+00:00,-0.005739950649661707
2021-01-13 00:00:00+00:00,0.014164229306613096
2021-01-14 00:00:00+00:00,0.0074587558607033255
2021-01-15 00:00:00+00:00,-0.010030546915019478
2021-01-16 00:00:00+00:00,-0.003151659607140034
2021-01-17 00:00:00+00:00,-0.0007039229428815741
2021-01-18 00:00:00+00:00,0.0033985020950599854
2021-01-19 00:00:00+00:00,-0.0031216561136592214
2021-01-20 00:00:00+00:00,-0.0017916267535921238
2021-01-21 00:00:00+00:00,-0.019583144824220522
2021-01-22 00:00:00+00:00,0.00421528857275244
2021-01-23 00:00:00+00:00,-0.0017789212822312273
2021-01-24 00:00:00+00:00,0.0003738164843138936
2021-01-25 00:00:00+00:00,-1.1709498335732427e-05
2021-01-26 00:00:00+00:00,0.000438741551402444
2021-01-27 00:00:00+00:00,-0.0043155108260519714
2021-01-28 00:00:00+00:00,0.006184302775074535
2021-01-29 00:00:00+00:00,0.0018187323745260109
2021-01-30 00:00:00+00:00,2.18504730136182e-05
2021-01-31 00:00:00+00:00,-0.0023934747032015036
2021-02-01 00:00:00+00:00,0.0008887911178623309
2021-02-02 00:00:00+00:00,0.003974729889826056
2021-02-03 00:00:00+00:00,0.004393206330452815
2021-02-04 00:00:00+00:00,-0.0013862020182983104
2021-02-05 00:00:00+00:00,0.0027541958022239132
2021-02-06 00:00:00+00:00,0.001819548202427912
2021-02-07 00:00:00+00:00,-0.0007924671057076837
2021-02-08 00:00:00+00:00,0.015363615001650954
2021-02-09 00:00:00+00:00,9.093644639812659e-05
2021-02-10 00:00:00+00:00,-0.003219596095334065
2021-02-11 00:00:00+00:00,0.006332320179751827
2021-02-12 00:00:00+00:00,-0.0013570512611557062
2021-02-13 00:00:00+00:00,-0.000266852922761851
2021-02-14 00:00:00+00:00,0.002838672878963111
2021-02-15 00:00:00+00:00,-0.0013251582037894227
2021-02-16 00:00:00+00:00,0.0024328495692700347
2021-02-17 00:00:00+00:00,0.0059291441105231435
2021-02-18 00:00:00+00:00,-0.0011193458763174569
2021-02-19 00:00:00+00:00,0.00860224820293376
2021-02-20 00:00:00+00:00,-0.00012697127652594453
2021-02-21 00:00:00+00:00,0.0030710926006489725
2021-02-22 00:00:00+00:00,-0.006486982021686294
2021-02-23 00:00:00+00:00,-0.010217354765093556
2021-02-24 00:00:00+00:00,0.0015597456761067274
2021-02-25 00:00:00+00:00,-0.00516157651989424
2021-02-26 00:00:00+00:00,-0.0015886422728768057
2021-02-27 00:00:00+00:00,-0.0003403345973296279
2021-02-28 00:00:00+00:00,-0.0019390935069638626
2021-03-01 00:00:00+00:00,0.005287838267691969
2021-03-02 00:00:00+00:00,-0.0013688461830888565
2021-03-03 00:00:00+00:00,0.0022822497196992586
2021-03-04 00:00:00+00:00,-0.002356457251219135
2021-03-05 00:00:00+00:00,0.00045155482903980193
2021-03-06 00:00:00+00:00,0.00015596841933551708
2021-03-07 00:00:00+00:00,0.00249714911370158
2021-03-08 00:00:00+00:00,0.0016730010895973368
2021-03-09 00:00:00+00:00,0.0029863477142337835
2021-03-10 00:00:00+00:00,0.0011475046799431787
2021-03-11 00:00:00+00:00,0.002277433546049812
2021-03-12 00:00:00+00:00,-0.0010841613792359484
2021-03-13 00:00:00+00:00,0.00738463156195035
2021-03-14 00:00:00+00:00,-0.004102759538604617
2021-03-15 00:00:00+00:00,-0.006240709727501237
2021-03-16 00:00:00+00:00,0.0024191672102540362
2021-03-17 00:00:00+00:00,0.0037483299045606433
2021-03-18 00:00:00+00:00,-0.002347268666562985
2021-03-19 00:00:00+00:00,0.0007103148756348876
2021-03-20 00:00:00+00:00,0.00013434075767104758
2021-03-21 00:00:00+00:00,-0.00139530575404756
2021-03-22 00:00:00+00:00,-0.006083045131429321
2021-03-23 00:00:00+00:00,0.0003500469629251768
2021-03-24 00:00:00+00:00,-0.003017608952394002
2021-03-25 00:00:00+00:00,-0.001065742194259811
2021-03-26 00:00:00+00:00,0.003807066528722869
2021-03-27 00:00:00+00:00,0.0008044499826211915
2021-03-28 00:00:00+00:00,-4.012162323663304e-05
2021-03-29 00:00:00+00:00,0.001886675456386655
2021-03-30 00:00:00+00:00,0.0011262205236794998
2021-03-31 00:00:00+00:00,-6.095059435606842e-06
2021-04-01 00:00:00+00:00,-2.0360862514112732e-05
2021-04-02 00:00:00+00:00,0.00023243850725451765
2021-04-03 00:00:00+00:00,-0.0019213400401416614
2021-04-04 00:00:00+00:00,0.00116641074927748
2021-04-05 00:00:00+00:00,0.0009400686812213177
2021-04-06 00:00:00+00:00,-0.0016213834160040408
2021-04-07 00:00:00+00:00,-0.0028451098169094413
2021-04-08 00:00:00+00:00,0.0029741645330592092
2021-04-09 00:00:00+00:00,9.077230928111746e-05
2021-04-10 00:00:00+00:00,0.002270623335886235
2021-04-11 00:00:00+00:00,0.0003249351818013224
2021-04-12 00:00:00+00:00,-0.00019830897839812067
2021-04-13 00:00:00+00:00,0.005173516685336832
2021-04-14 00:00:00+00:00,-0.0011748489814168428
2021-04-15 00:00:00+00:00,0.0003689882935298261
2021-04-16 00:00:00+00:00,-0.003358551472584459
2021-04-17 00:00:00+00:00,-0.0024521736384961468
2021-04-18 00:00:00+00:00,-0.007138120308499141
2021-04-19 00:00:00+00:00,-0.0006074477778651444
2021-04-20 00:00:00+00:00,0.0008249277710015157
2021-04-21 00:00:00+00:00,-0.0027452409378767584
2021-04-22 00:00:00+00:00,-0.0012345316048564259
2021-04-23 00:00:00+00:00,-0.0003232534984021207
2021-04-24 00:00:00+00:00,-0.0006156615184133019
2021-04-25 00:00:00+00:00,-0.0005610128458629626
2021-04-26 00:00:00+00:00,0.002823385875538653
2021-04-27 00:00:00+00:00,0.000576584242043765
2021-04-28 00:00:00+00:00,-9.45138102733667e-05
2021-04-29 00:00:00+00:00,-0.0007363478580962868
2021-04-30 00:00:00+00:00,0.0023622532166656107
2021-05-01 00:00:00+00:00,6.040784923544429e-05
2021-05-02 00:00:00+00:00,-0.0006957926248516433
2021-05-03 00:00:00+00:00,0.0003368013105169432
2021-05-04 00:00:00+00:00,-0.002260635120321486
2021-05-05 00:00:00+00:00,0.002418003302830485
2021-05-06 00:00:00+00:00,-0.00059359294340533
2021-05-07 00:00:00+00:00,0.0005247981989535688
2021-05-08 00:00:00+00:00,0.0008811429424457895
2021-05-09 00:00:00+00:00,-0.0006837037705947902
2021-05-10 00:00:00+00:00,-0.002502830719789406
2021-05-11 00:00:00+00:00,0.0008836059546202257
2021-05-12 00:00:00+00:00,-0.007277306591804811
2021-05-13 00:00:00+00:00,-0.00017546382837940744
2021-05-14 00:00:00+00:00,0.0
2021-05-15 00:00:00+00:00,0.0
2021-05-16 00:00:00+00:00,0.0
2021-05-17 00:00:00+00:00,0.0
2021-05-18 00:00:00+00:00,0.0
2021-05-19 00:00:00+00:00,0.0
2021-05-20 00:00:00+00:00,0.0
2021-05-21 00:00:00+00:00,0.0
2021-05-22 00:00:00+00:00,0.0
2021-05-23 00:00:00+00:00,0.0
2021-05-24 00:00:00+00:00,0.0
2021-05-25 00:00:00+00:00,0.0
2021-05-26 00:00:00+00:00,0.0
2021-05-27 00:00:00+00:00,0.0
2021-05-28 00:00:00+00:00,0.0
2021-05-29 00:00:00+00:00,0.0
2021-05-30 00:00:00+00:00,0.0
2021-05-31 00:00:00+00:00,0.0
2021-06-01 00:00:00+00:00,0.0
2021-06-02 00:00:00+00:00,0.0
2021-06-03 00:00:00+00:00,0.0
2021-06-04 00:00:00+00:00,0.0
2021-06-05 00:00:00+00:00,0.0
2021-06-06 00:00:00+00:00,0.0
2021-06-07 00:00:00+00:00,0.0
2021-06-08 00:00:00+00:00,0.0
2021-06-09 00:00:00+00:00,0.0
2021-06-10 00:00:00+00:00,0.0
2021-06-11 00:00:00+00:00,0.0
2021-06-12 00:00:00+00:00,0.0
2021-06-13 00:00:00+00:00,0.0
2021-06-14 00:00:00+00:00,0.0
2021-06-15 00:00:00+00:00,-0.00029688915859926723
2021-06-16 00:00:00+00:00,-0.0012310980613230438
2021-06-17 00:00:00+00:00,-0.00017581816503986492
2021-06-18 00:00:00+00:00,-0.0015611928796660512
2021-06-19 00:00:00+00:00,-3.6519889147212936e-05
2021-06-20 00:00:00+00:00,0.0
2021-06-21 00:00:00+00:00,0.0
2021-06-22 00:00:00+00:00,0.0
2021-06-23 00:00:00+00:00,0.0
2021-06-24 00:00:00+00:00,0.0
2021-06-25 00:00:00+00:00,0.0
2021-06-26 00:00:00+00:00,0.0
2021-06-27 00:00:00+00:00,0.0
2021-06-28 00:00:00+00:00,0.0
2021-06-29 00:00:00+00:00,0.0
2021-06-30 00:00:00+00:00,0.0
2021-07-01 00:00:00+00:00,0.0
2021-07-02 00:00:00+00:00,0.0
2021-07-03 00:00:00+00:00,0.0
2021-07-04 00:00:00+00:00,0.0
2021-07-05 00:00:00+00:00,0.0
2021-07-06 00:00:00+00:00,0.0
2021-07-07 00:00:00+00:00,0.0
2021-07-08 00:00:00+00:00,0.0
2021-07-09 00:00:00+00:00,0.0
2021-07-10 00:00:00+00:00,0.0
2021-07-11 00:00:00+00:00,0.0
2021-07-12 00:00:00+00:00,0.0
2021-07-13 00:00:00+00:00,0.0
2021-07-14 00:00:00+00:00,0.0
2021-07-15 00:00:00+00:00,0.0
2021-07-16 00:00:00+00:00,0.0
2021-07-17 00:00:00+00:00,0.0
2021-07-18 00:00:00+00:00,0.0
2021-07-19 00:00:00+00:00,0.0
2021-07-20 00:00:00+00:00,0.0
2021-07-21 00:00:00+00:00,0.0
2021-07-22 00:00:00+00:00,0.0
2021-07-23 00:00:00+00:00,0.0
2021-07-24 00:00:00+00:00,0.0
2021-07-25 00:00:00+00:00,0.0
2021-07-26 00:00:00+00:00,0.0013659490939554875
2021-07-27 00:00:00+00:00,0.0031354564260317463
2021-07-28 00:00:00+00:00,0.000800865341363366
2021-07-29 00:00:00+00:00,-4.38799224744546e-06
2021-07-30 00:00:00+00:00,0.003119890424766014
2021-07-31 00:00:00+00:00,-0.0014371732495875866
2021-08-01 00:00:00+00:00,-0.003059890052113712
2021-08-02 00:00:00+00:00,-0.0013246755493465656
2021-08-03 00:00:00+00:00,-0.0017887503753274414
2021-08-04 00:00:00+00:00,0.002887887423356883
2021-08-05 00:00:00+00:00,0.0021638238605412585
2021-08-06 00:00:00+00:00,0.003741881694639293
2021-08-07 00:00:00+00:00,0.0032771613315940584
2021-08-08 00:00:00+00:00,-0.0014644826221843488
2021-08-09 00:00:00+00:00,0.004634576431800319
2021-08-10 00:00:00+00:00,-0.0012539523658885443
2021-08-11 00:00:00+00:00,-0.00013898119902722161
2021-08-12 00:00:00+00:00,-0.0020890468366568937
2021-08-13 00:00:00+00:00,0.006402627449293652
2021-08-14 00:00:00+00:00,-0.001368321754479651
2021-08-15 00:00:00+00:00,-0.00017736936712409168
2021-08-16 00:00:00+00:00,-0.0025767671597837216
2021-08-17 00:00:00+00:00,-0.0028639159120797952
2021-08-18 00:00:00+00:00,2.2255796255477023e-05
2021-08-19 00:00:00+00:00,0.004897429089212091
2021-08-20 00:00:00+00:00,0.006074612194021611
2021-08-21 00:00:00+00:00,-0.0011798465185119955
2021-08-22 00:00:00+00:00,0.000984799436159367
2021-08-23 00:00:00+00:00,0.0005884596209109194
2021-08-24 00:00:00+00:00,-0.004275655877273299
2021-08-25 00:00:00+00:00,0.0030742420393479186
2021-08-26 00:00:00+00:00,-0.005022959136576022
2021-08-27 00:00:00+00:00,0.005277280169085685
2021-08-28 00:00:00+00:00,-0.0004116357865220355
2021-08-29 00:00:00+00:00,-0.0003008502543506708
2021-08-30 00:00:00+00:00,-0.004212321512593764
2021-08-31 00:00:00+00:00,0.00027960465653364963
2021-09-01 00:00:00+00:00,0.004050575432699599
2021-09-02 00:00:00+00:00,0.0010291176064038954
2021-09-03 00:00:00+00:00,0.001773857787186639
2021-09-04 00:00:00+00:00,-0.00019648485282375283
2021-09-05 00:00:00+00:00,0.0043334954232567835
2021-09-06 00:00:00+00:00,0.002125528132651766
2021-09-07 00:00:00+00:00,-0.013563400670456804
2021-09-08 00:00:00+00:00,-0.0012477440247007365
2021-09-09 00:00:00+00:00,0.0005059024601063999
2021-09-10 00:00:00+00:00,-0.0022513471434401078
2021-09-11 00:00:00+00:00,0.00047164577402303287
2021-09-12 00:00:00+00:00,0.0012436973204561497
2021-09-13 00:00:00+00:00,-0.00158197024609541
2021-09-14 00:00:00+00:00,0.0031715396652458594
2021-09-15 00:00:00+00:00,0.0014707918147789378
2021-09-16 00:00:00+00:00,-0.0005578354652953088
2021-09-17 00:00:00+00:00,-0.0006370838744491625
2021-09-18 00:00:00+00:00,0.001445447152814694
2021-09-19 00:00:00+00:00,-0.0015280206905733396
2021-09-20 00:00:00+00:00,-0.006153718446033851
2021-09-21 00:00:00+00:00,-0.001998530983744029
2021-09-22 00:00:00+00:00,-5.285317274783541e-05
2021-09-23 00:00:00+00:00,0.0
2021-09-24 00:00:00+00:00,0.0
2021-09-25 00:00:00+00:00,0.0
2021-09-26 00:00:00+00:00,0.0
2021-09-27 00:00:00+00:00,0.0
2021-09-28 00:00:00+00:00,0.0
2021-09-29 00:00:00+00:00,0.0
2021-09-30 00:00:00+00:00,0.0
2021-10-01 00:00:00+00:00,0.0
2021-10-02 00:00:00+00:00,0.0
2021-10-03 00:00:00+00:00,0.0
2021-10-04 00:00:00+00:00,0.0
2021-10-05 00:00:00+00:00,0.0016231832294268944
2021-10-06 00:00:00+00:00,0.0028656983904127298
2021-10-07 00:00:00+00:00,-0.004135034423709993
2021-10-08 00:00:00+00:00,0.0004343101179891118
2021-10-09 00:00:00+00:00,0.0026074196901766378
2021-10-10 00:00:00+00:00,-0.0007573527658432111
2021-10-11 00:00:00+00:00,0.0073319874463035895
2021-10-12 00:00:00+00:00,-0.0038159346876770472
2021-10-13 00:00:00+00:00,0.0035594499101228028
2021-10-14 00:00:00+00:00,-4.9342360330828505e-05
2021-10-15 00:00:00+00:00,0.011195728205579902
2021-10-16 00:00:00+00:00,-0.002040139218295711
2021-10-17 00:00:00+00:00,0.0016746485877103812
2021-10-18 00:00:00+00:00,0.0012332433503550178
2021-10-19 00:00:00+00:00,0.005808681091958201
2021-10-20 00:00:00+00:00,0.004376513534829929
2021-10-21 00:00:00+00:00,-0.009643237734954901
2021-10-22 00:00:00+00:00,-0.0038478746052599266
2021-10-23 00:00:00+00:00,0.0015362605151847397
2021-10-24 00:00:00+00:00,-0.0011136072077524428
2021-10-25 00:00:00+00:00,0.005712557353142023
2021-10-26 00:00:00+00:00,-0.007015364712085526
2021-10-27 00:00:00+00:00,-0.004920763018454122
2021-10-28 00:00:00+00:00,0.003910947267162568
2021-10-29 00:00:00+00:00,0.003072960171351946
2021-10-30 00:00:00+00:00,-0.0007203574724428119
2021-10-31 00:00:00+00:00,-0.0010221313281000288
2021-11-01 00:00:00+00:00,-0.0007109507253373337
2021-11-02 00:00:00+00:00,0.004226164209414129
2021-11-03 00:00:00+00:00,-0.0005896593417064055
2021-11-04 00:00:00+00:00,-0.002738333214229449
2021-11-05 00:00:00+00:00,-0.0008373782340977964
2021-11-06 00:00:00+00:00,0.000976451357400876
2021-11-07 00:00:00+00:00,0.003296790719513165
2021-11-08 00:00:00+00:00,0.007749770028610881
2021-11-09 00:00:00+00:00,-0.0010456200257711323
2021-11-10 00:00:00+00:00,-0.003738876401548352
2021-11-11 00:00:00+00:00,-0.00019656506294774
2021-11-12 00:00:00+00:00,-0.0015592671854108842
2021-11-13 00:00:00+00:00,0.000598182656247559
2021-11-14 00:00:00+00:00,0.0026418222128399282
2021-11-15 00:00:00+00:00,-0.004423495306754899
2021-11-16 00:00:00+00:00,-0.008243069831119887
2021-11-17 00:00:00+00:00,0.00025244929820833484
2021-11-18 00:00:00+00:00,-0.004254781259961149
2021-11-19 00:00:00+00:00,0.0014361210159659077
2021-11-20 00:00:00+00:00,0.002045250839094459
2021-11-21 00:00:00+00:00,-0.001338493382431638
2021-11-22 00:00:00+00:00,-0.002932286806830886
2021-11-23 00:00:00+00:00,0.0016025512198769576
2021-11-24 00:00:00+00:00,-0.0004982364635645053
2021-11-25 00:00:00+00:00,0.002253894110170185
2021-11-26 00:00:00+00:00,-0.006459669685466074
2021-11-27 00:00:00+00:00,-0.00010359725098307848
2021-11-28 00:00:00+00:00,0.0
2021-11-29 00:00:00+00:00,0.0
2021-11-30 00:00:00+00:00,0.0
2021-12-01 00:00:00+00:00,0.0
2021-12-02 00:00:00+00:00,0.0
2021-12-03 00:00:00+00:00,0.0
2021-12-04 00:00:00+00:00,0.0
2021-12-05 00:00:00+00:00,0.0
2021-12-06 00:00:00+00:00,0.0
2021-12-07 00:00:00+00:00,0.0
2021-12-08 00:00:00+00:00,0.0
2021-12-09 00:00:00+00:00,0.0
2021-12-10 00:00:00+00:00,0.0
2021-12-11 00:00:00+00:00,0.0
2021-12-12 00:00:00+00:00,0.0
2021-12-13 00:00:00+00:00,0.0
2021-12-14 00:00:00+00:00,0.0
2021-12-15 00:00:00+00:00,0.0
2021-12-16 00:00:00+00:00,0.0
2021-12-17 00:00:00+00:00,0.0
2021-12-18 00:00:00+00:00,0.0
2021-12-19 00:00:00+00:00,0.0
2021-12-20 00:00:00+00:00,0.0
2021-12-21 00:00:00+00:00,0.0
2021-12-22 00:00:00+00:00,0.0
2021-12-23 00:00:00+00:00,0.0
2021-12-24 00:00:00+00:00,-7.113466458752438e-05
2021-12-25 00:00:00+00:00,-0.00031450808501043426
2021-12-26 00:00:00+00:00,0.00028129314515767945
2021-12-27 00:00:00+00:00,-5.540776355972277e-05
2021-12-28 00:00:00+00:00,-0.00236287359531151
2021-12-29 00:00:00+00:00,-5.34911112962666e-05
2021-12-30 00:00:00+00:00,0.0
2021-12-31 00:00:00+00:00,0.0
2022-01-01 00:00:00+00:00,0.0
2022-01-02 00:00:00+00:00,0.0
2022-01-03 00:00:00+00:00,0.0
2022-01-04 00:00:00+00:00,0.0
2022-01-05 00:00:00+00:00,0.0
2022-01-06 00:00:00+00:00,0.0
2022-01-07 00:00:00+00:00,0.0
2022-01-08 00:00:00+00:00,0.0
2022-01-09 00:00:00+00:00,0.0
2022-01-10 00:00:00+00:00,0.0
2022-01-11 00:00:00+00:00,0.0
2022-01-12 00:00:00+00:00,0.0
2022-01-13 00:00:00+00:00,0.0
2022-01-14 00:00:00+00:00,0.0
2022-01-15 00:00:00+00:00,0.0
2022-01-16 00:00:00+00:00,0.0
2022-01-17 00:00:00+00:00,0.0
2022-01-18 00:00:00+00:00,0.0
2022-01-19 00:00:00+00:00,0.0
2022-01-20 00:00:00+00:00,0.0
2022-01-21 00:00:00+00:00,0.0
2022-01-22 00:00:00+00:00,0.0
2022-01-23 00:00:00+00:00,0.0
2022-01-24 00:00:00+00:00,0.0
2022-01-25 00:00:00+00:00,0.0
2022-01-26 00:00:00+00:00,0.0
2022-01-27 00:00:00+00:00,0.0
2022-01-28 00:00:00+00:00,0.0
2022-01-29 00:00:00+00:00,0.0
2022-01-30 00:00:00+00:00,0.0
2022-01-31 00:00:00+00:00,0.0
2022-02-01 00:00:00+00:00,0.0
2022-02-02 00:00:00+00:00,0.0
2022-02-03 00:00:00+00:00,0.0
2022-02-04 00:00:00+00:00,0.0
2022-02-05 00:00:00+00:00,0.0
2022-02-06 00:00:00+00:00,0.0
2022-02-07 00:00:00+00:00,0.0013215271065976086
2022-02-08 00:00:00+00:00,0.0001919789294464458
2022-02-09 00:00:00+00:00,0.0005408545593024172
2022-02-10 00:00:00+00:00,-0.0015908855908607356
2022-02-11 00:00:00+00:00,-0.002037383451851338
2022-02-12 00:00:00+00:00,-0.00028366945981384006
2022-02-13 00:00:00+00:00,-0.0002989514914357727
2022-02-14 00:00:00+00:00,0.0008782744077975302
2022-02-15 00:00:00+00:00,0.003655210190446345
2022-02-16 00:00:00+00:00,-0.0012169754494320006
2022-02-17 00:00:00+00:00,-0.006094759915074688
2022-02-18 00:00:00+00:00,-0.0005807060566188627
2022-02-19 00:00:00+00:00,0.00010244487682609105
2022-02-20 00:00:00+00:00,-0.001655186265405728
2022-02-21 00:00:00+00:00,-5.641158121982848e-05
2022-02-22 00:00:00+00:00,0.0
2022-02-23 00:00:00+00:00,0.0
2022-02-24 00:00:00+00:00,0.0
2022-02-25 00:00:00+00:00,0.0
2022-02-26 00:00:00+00:00,0.0
2022-02-27 00:00:00+00:00,0.0
2022-02-28 00:00:00+00:00,0.0
2022-03-01 00:00:00+00:00,0.0
2022-03-02 00:00:00+00:00,0.0
2022-03-03 00:00:00+00:00,0.0
2022-03-04 00:00:00+00:00,0.0
2022-03-05 00:00:00+00:00,0.0
2022-03-06 00:00:00+00:00,0.0
2022-03-07 00:00:00+00:00,0.0
2022-03-08 00:00:00+00:00,0.0
2022-03-09 00:00:00+00:00,0.0
2022-03-10 00:00:00+00:00,0.0
2022-03-11 00:00:00+00:00,0.0
2022-03-12 00:00:00+00:00,0.0
2022-03-13 00:00:00+00:00,0.0
2022-03-14 00:00:00+00:00,0.0
2022-03-15 00:00:00+00:00,0.0
2022-03-16 00:00:00+00:00,0.0
2022-03-17 00:00:00+00:00,0.0
2022-03-18 00:00:00+00:00,0.0
2022-03-19 00:00:00+00:00,0.0
2022-03-20 00:00:00+00:00,0.0
2022-03-21 00:00:00+00:00,0.0
2022-03-22 00:00:00+00:00,0.0
2022-03-23 00:00:00+00:00,0.0
2022-03-24 00:00:00+00:00,0.0008987709726324677
2022-03-25 00:00:00+00:00,0.00027660059994172315
2022-03-26 00:00:00+00:00,0.00017028968625210084
2022-03-27 00:00:00+00:00,0.0037762482976149148
2022-03-28 00:00:00+00:00,0.0006377408450151112
2022-03-29 00:00:00+00:00,0.0007273973614698725
2022-03-30 00:00:00+00:00,-0.0008529469449528593
2022-03-31 00:00:00+00:00,-0.003625111080352239
2022-04-01 00:00:00+00:00,0.0018058947098880118
2022-04-02 00:00:00+00:00,-0.0011016349459664898
2022-04-03 00:00:00+00:00,0.0013919543869431728
2022-04-04 00:00:00+00:00,0.00040361496451835066
2022-04-05 00:00:00+00:00,-0.0025232300387505457
2022-04-06 00:00:00+00:00,-0.0054356683842160525
2022-04-07 00:00:00+00:00,0.0004291156857700873
2022-04-08 00:00:00+00:00,-0.00204622899410134
2022-04-09 00:00:00+00:00,0.0003879732020350968
2022-04-10 00:00:00+00:00,-0.0005229457333433274
2022-04-11 00:00:00+00:00,-5.559801226051597e-05
2022-04-12 00:00:00+00:00,0.0
2022-04-13 00:00:00+00:00,0.0
2022-04-14 00:00:00+00:00,0.0
2022-04-15 00:00:00+00:00,0.0
2022-04-16 00:00:00+00:00,0.0
2022-04-17 00:00:00+00:00,0.0
2022-04-18 00:00:00+00:00,0.0
2022-04-19 00:00:00+00:00,0.0
2022-04-20 00:00:00+00:00,0.0
2022-04-21 00:00:00+00:00,0.0
2022-04-22 00:00:00+00:00,0.0
2022-04-23 00:00:00+00:00,0.0
2022-04-24 00:00:00+00:00,0.0
2022-04-25 00:00:00+00:00,0.0
2022-04-26 00:00:00+00:00,0.0
2022-04-27 00:00:00+00:00,0.0
2022-04-28 00:00:00+00:00,0.0
2022-04-29 00:00:00+00:00,0.0
2022-04-30 00:00:00+00:00,0.0
2022-05-01 00:00:00+00:00,0.0
2022-05-02 00:00:00+00:00,0.0
2022-05-03 00:00:00+00:00,0.0
2022-05-04 00:00:00+00:00,0.0
2022-05-05 00:00:00+00:00,0.0
2022-05-06 00:00:00+00:00,0.0
2022-05-07 00:00:00+00:00,0.0
2022-05-08 00:00:00+00:00,0.0
2022-05-09 00:00:00+00:00,0.0
2022-05-10 00:00:00+00:00,0.0
2022-05-11 00:00:00+00:00,0.0
2022-05-12 00:00:00+00:00,0.0
2022-05-13 00:00:00+00:00,0.0
2022-05-14 00:00:00+00:00,0.0
2022-05-15 00:00:00+00:00,0.0
2022-05-16 00:00:00+00:00,0.0
2022-05-17 00:00:00+00:00,0.0
2022-05-18 00:00:00+00:00,0.0
2022-05-19 00:00:00+00:00,0.0
2022-05-20 00:00:00+00:00,0.0
2022-05-21 00:00:00+00:00,0.0
2022-05-22 00:00:00+00:00,0.0
2022-05-23 00:00:00+00:00,0.0
2022-05-24 00:00:00+00:00,0.0
2022-05-25 00:00:00+00:00,0.0
2022-05-26 00:00:00+00:00,0.0
2022-05-27 00:00:00+00:00,0.0
2022-05-28 00:00:00+00:00,0.0
2022-05-29 00:00:00+00:00,0.0
2022-05-30 00:00:00+00:00,0.0
2022-05-31 00:00:00+00:00,2.3284922199273694e-05
2022-06-01 00:00:00+00:00,-0.0024185570446297877
2022-06-02 00:00:00+00:00,-5.431438120118148e-05
2022-06-03 00:00:00+00:00,0.0
2022-06-04 00:00:00+00:00,0.0
2022-06-05 00:00:00+00:00,0.0
2022-06-06 00:00:00+00:00,0.0
2022-06-07 00:00:00+00:00,0.0
2022-06-08 00:00:00+00:00,0.0
2022-06-09 00:00:00+00:00,0.0
2022-06-10 00:00:00+00:00,0.0
2022-06-11 00:00:00+00:00,0.0
2022-06-12 00:00:00+00:00,0.0
2022-06-13 00:00:00+00:00,0.0
2022-06-14 00:00:00+00:00,0.0
2022-06-15 00:00:00+00:00,0.0
2022-06-16 00:00:00+00:00,0.0
2022-06-17 00:00:00+00:00,0.0
2022-06-18 00:00:00+00:00,0.0
2022-06-19 00:00:00+00:00,0.0
2022-06-20 00:00:00+00:00,0.0
2022-06-21 00:00:00+00:00,0.0
2022-06-22 00:00:00+00:00,0.0
2022-06-23 00:00:00+00:00,0.0
2022-06-24 00:00:00+00:00,0.0
2022-06-25 00:00:00+00:00,0.0
2022-06-26 00:00:00+00:00,0.0
2022-06-27 00:00:00+00:00,0.0
2022-06-28 00:00:00+00:00,0.0
2022-06-29 00:00:00+00:00,0.0
2022-06-30 00:00:00+00:00,0.0
2022-07-01 00:00:00+00:00,0.0
2022-07-02 00:00:00+00:00,0.0
2022-07-03 00:00:00+00:00,0.0
2022-07-04 00:00:00+00:00,0.0
2022-07-05 00:00:00+00:00,0.0
2022-07-06 00:00:00+00:00,0.0
2022-07-07 00:00:00+00:00,0.0
2022-07-08 00:00:00+00:00,-9.688127645157696e-05
2022-07-09 00:00:00+00:00,-4.51391336075968e-06
2022-07-10 00:00:00+00:00,-0.0011274940787301402
2022-07-11 00:00:00+00:00,-0.0013910870993825153
2022-07-12 00:00:00+00:00,-4.640846103520779e-05
2022-07-13 00:00:00+00:00,0.0
2022-07-14 00:00:00+00:00,0.0
2022-07-15 00:00:00+00:00,0.0
2022-07-16 00:00:00+00:00,0.0
2022-07-17 00:00:00+00:00,0.0
2022-07-18 00:00:00+00:00,0.0
2022-07-19 00:00:00+00:00,0.0027079434580890016
2022-07-20 00:00:00+00:00,-0.0005030929779781257
2022-07-21 00:00:00+00:00,-0.0002065136674662682
2022-07-22 00:00:00+00:00,-0.0013575610134192173
2022-07-23 00:00:00+00:00,-0.0006799359407301253
2022-07-24 00:00:00+00:00,0.0003743414606964812
2022-07-25 00:00:00+00:00,-0.0036916198503416098
2022-07-26 00:00:00+00:00,-9.335335173954462e-05
2022-07-27 00:00:00+00:00,0.0
2022-07-28 00:00:00+00:00,0.0
2022-07-29 00:00:00+00:00,-0.0002855262938797898
2022-07-30 00:00:00+00:00,-0.0003467726511585667
2022-07-31 00:00:00+00:00,-0.000932727580696735
2022-08-01 00:00:00+00:00,-6.747586977662312e-05
2022-08-02 00:00:00+00:00,-0.0007471103972571669
2022-08-03 00:00:00+00:00,-0.00045203797029902404
2022-08-04 00:00:00+00:00,-0.0005215655928367813
2022-08-05 00:00:00+00:00,0.0018413216081629713
2022-08-06 00:00:00+00:00,-0.0009549308813961987
2022-08-07 00:00:00+00:00,0.000587525903740449
2022-08-08 00:00:00+00:00,0.001695058880896827
2022-08-09 00:00:00+00:00,-0.0017572573616275733
2022-08-10 00:00:00+00:00,0.00214453153372296
2022-08-11 00:00:00+00:00,-5.232093868268173e-05
2022-08-12 00:00:00+00:00,0.0012489815897185341
2022-08-13 00:00:00+00:00,0.00010518685766847113
2022-08-14 00:00:00+00:00,-0.000581949499741885
2022-08-15 00:00:00+00:00,-0.0008999935152510519
2022-08-16 00:00:00+00:00,-0.0010277781594493218
2022-08-17 00:00:00+00:00,-0.002194460683218935
2022-08-18 00:00:00+00:00,-0.000512160163892772
2022-08-19 00:00:00+00:00,-0.0073260355965591994
2022-08-20 00:00:00+00:00,-9.786104958753317e-05
2022-08-21 00:00:00+00:00,0.0
2022-08-22 00:00:00+00:00,0.0
2022-08-23 00:00:00+00:00,0.0
2022-08-24 00:00:00+00:00,0.0
2022-08-25 00:00:00+00:00,0.0
2022-08-26 00:00:00+00:00,0.0
2022-08-27 00:00:00+00:00,0.0
2022-08-28 00:00:00+00:00,0.0
2022-08-29 00:00:00+00:00,0.0
2022-08-30 00:00:00+00:00,0.0
2022-08-31 00:00:00+00:00,0.0
2022-09-01 00:00:00+00:00,0.0
2022-09-02 00:00:00+00:00,0.0
2022-09-03 00:00:00+00:00,0.0
2022-09-04 00:00:00+00:00,0.0
2022-09-05 00:00:00+00:00,0.0
2022-09-06 00:00:00+00:00,0.0
2022-09-07 00:00:00+00:00,0.0
2022-09-08 00:00:00+00:00,0.0
2022-09-09 00:00:00+00:00,0.0
2022-09-10 00:00:00+00:00,0.0
2022-09-11 00:00:00+00:00,0.00023894599604368238
2022-09-12 00:00:00+00:00,0.000923279361782825
2022-09-13 00:00:00+00:00,-0.0036032681798833233
2022-09-14 00:00:00+00:00,-4.916362742046765e-05
2022-09-15 00:00:00+00:00,0.0
2022-09-16 00:00:00+00:00,0.0
2022-09-17 00:00:00+00:00,0.0
2022-09-18 00:00:00+00:00,0.0
2022-09-19 00:00:00+00:00,0.0
2022-09-20 00:00:00+00:00,0.0
2022-09-21 00:00:00+00:00,0.0
2022-09-22 00:00:00+00:00,0.0
2022-09-23 00:00:00+00:00,0.0
2022-09-24 00:00:00+00:00,0.0
2022-09-25 00:00:00+00:00,0.0
2022-09-26 00:00:00+00:00,0.0
2022-09-27 00:00:00+00:00,0.0
2022-09-28 00:00:00+00:00,0.0
2022-09-29 00:00:00+00:00,0.0
2022-09-30 00:00:00+00:00,0.0
2022-10-01 00:00:00+00:00,0.0
2022-10-02 00:00:00+00:00,0.0
2022-10-03 00:00:00+00:00,0.0
2022-10-04 00:00:00+00:00,0.0
2022-10-05 00:00:00+00:00,-0.0004282581080317094
2022-10-06 00:00:00+00:00,-0.00040299467739424166
2022-10-07 00:00:00+00:00,-0.0008785434718585616
2022-10-08 00:00:00+00:00,-0.00022898811339766567
2022-10-09 00:00:00+00:00,4.301787402027912e-05
2022-10-10 00:00:00+00:00,-0.000627368073940815
2022-10-11 00:00:00+00:00,-5.865339062038899e-05
2022-10-12 00:00:00+00:00,0.0
2022-10-13 00:00:00+00:00,0.0
2022-10-14 00:00:00+00:00,0.0
2022-10-15 00:00:00+00:00,0.0
2022-10-16 00:00:00+00:00,0.0
2022-10-17 00:00:00+00:00,0.0
2022-10-18 00:00:00+00:00,0.0
2022-10-19 00:00:00+00:00,0.0
2022-10-20 00:00:00+00:00,0.0
2022-10-21 00:00:00+00:00,0.0
2022-10-22 00:00:00+00:00,0.0
2022-10-23 00:00:00+00:00,0.0
2022-10-24 00:00:00+00:00,0.0
2022-10-25 00:00:00+00:00,0.0
2022-10-26 00:00:00+00:00,0.001606459753182854
2022-10-27 00:00:00+00:00,-0.0023107048459201085
2022-10-28 00:00:00+00:00,0.0013979780214816717
2022-10-29 00:00:00+00:00,0.0010248253708442512
2022-10-30 00:00:00+00:00,-0.0008562722400937695
2022-10-31 00:00:00+00:00,-0.0006432131845550693
2022-11-01 00:00:00+00:00,-3.3513423132736087e-05
2022-11-02 00:00:00+00:00,-0.0015617213733136737
2022-11-03 00:00:00+00:00,0.00026391557593608006
2022-11-04 00:00:00+00:00,0.004433724159865315
2022-11-05 00:00:00+00:00,0.0007078505193087725
2022-11-06 00:00:00+00:00,-0.0018465183039939603
2022-11-07 00:00:00+00:00,-0.0014772132919023129
2022-11-08 00:00:00+00:00,-0.009615973797462263
2022-11-09 00:00:00+00:00,-0.0001409351414118909
2022-11-10 00:00:00+00:00,0.0
2022-11-11 00:00:00+00:00,0.0
2022-11-12 00:00:00+00:00,0.0
2022-11-13 00:00:00+00:00,0.0
2022-11-14 00:00:00+00:00,0.0
2022-11-15 00:00:00+00:00,0.0
2022-11-16 00:00:00+00:00,0.0
2022-11-17 00:00:00+00:00,0.0
2022-11-18 00:00:00+00:00,0.0
2022-11-19 00:00:00+00:00,0.0
2022-11-20 00:00:00+00:00,0.0
2022-11-21 00:00:00+00:00,0.0
2022-11-22 00:00:00+00:00,0.0
2022-11-23 00:00:00+00:00,0.0
2022-11-24 00:00:00+00:00,0.0
2022-11-25 00:00:00+00:00,0.0
2022-11-26 00:00:00+00:00,0.0
2022-11-27 00:00:00+00:00,0.0
2022-11-28 00:00:00+00:00,0.0
2022-11-29 00:00:00+00:00,0.0
2022-11-30 00:00:00+00:00,0.0
2022-12-01 00:00:00+00:00,-0.0005023814322451248
2022-12-02 00:00:00+00:00,0.00027109223779220315
2022-12-03 00:00:00+00:00,-0.0004875377900896982
2022-12-04 00:00:00+00:00,0.0005182351335049074
2022-12-05 00:00:00+00:00,-0.00032734086320296285
2022-12-06 00:00:00+00:00,0.00028811198744893574
2022-12-07 00:00:00+00:00,-0.0005927369545446481
2022-12-08 00:00:00+00:00,0.0009107406080219871
2022-12-09 00:00:00+00:00,-0.00022436634566513902
2022-12-10 00:00:00+00:00,-2.5133542603805736e-06
2022-12-11 00:00:00+00:00,-9.968880644617428e-05
2022-12-12 00:00:00+00:00,0.00029312934585079553
2022-12-13 00:00:00+00:00,0.0013265864037881325
2022-12-14 00:00:00+00:00,6.864109110393812e-05
2022-12-15 00:00:00+00:00,-0.0023322196851266463
2022-12-16 00:00:00+00:00,-0.0037890570077043773
2022-12-17 00:00:00+00:00,-0.00013427443555547036
2022-12-18 00:00:00+00:00,0.0
2022-12-19 00:00:00+00:00,0.0
2022-12-20 00:00:00+00:00,0.0
2022-12-21 00:00:00+00:00,0.0
2022-12-22 00:00:00+00:00,0.0
2022-12-23 00:00:00+00:00,0.0
2022-12-24 00:00:00+00:00,0.0
2022-12-25 00:00:00+00:00,0.0
2022-12-26 00:00:00+00:00,0.0
2022-12-27 00:00:00+00:00,0.0
2022-12-28 00:00:00+00:00,0.0
2022-12-29 00:00:00+00:00,0.0
2022-12-30 00:00:00+00:00,0.0
2022-12-31 00:00:00+00:00,0.0
2023-01-01 00:00:00+00:00,0.0
2023-01-02 00:00:00+00:00,0.0
2023-01-03 00:00:00+00:00,0.0
2023-01-04 00:00:00+00:00,0.0
2023-01-05 00:00:00+00:00,0.0
2023-01-06 00:00:00+00:00,0.0
2023-01-07 00:00:00+00:00,-9.265915832668004e-05
2023-01-08 00:00:00+00:00,0.0005308475616494501
2023-01-09 00:00:00+00:00,0.00014521024065783372
2023-01-10 00:00:00+00:00,0.000755455779930081
2023-01-11 00:00:00+00:00,0.0014459049197868001
2023-01-12 00:00:00+00:00,0.0071840246425340926
2023-01-13 00:00:00+00:00,0.008722071473295179
2023-01-14 00:00:00+00:00,0.008179919421541282
2023-01-15 00:00:00+00:00,-0.0006603823197127712
2023-01-16 00:00:00+00:00,0.002488566274238657
2023-01-17 00:00:00+00:00,-0.0004017336965450591
2023-01-18 00:00:00+00:00,-0.0036153172409021384
2023-01-19 00:00:00+00:00,0.0031268615804105337
2023-01-20 00:00:00+00:00,0.012619838393063798
2023-01-21 00:00:00+00:00,0.0009086715907107301
2023-01-22 00:00:00+00:00,-0.0005904826927806139
2023-01-23 00:00:00+00:00,0.0016285151349559879
2023-01-24 00:00:00+00:00,-0.0022104375307038238
2023-01-25 00:00:00+00:00,0.003344173667664929
2023-01-26 00:00:00+00:00,-0.00039937151654378944
2023-01-27 00:00:00+00:00,0.0005025102326732256
2023-01-28 00:00:00+00:00,-0.000401432559035908
2023-01-29 00:00:00+00:00,0.005605644639283591
2023-01-30 00:00:00+00:00,-0.007095989165136207
2023-01-31 00:00:00+00:00,0.002332282911732264
2023-02-01 00:00:00+00:00,0.004728191989369135
2023-02-02 00:00:00+00:00,-0.0018878607423180593
2023-02-03 00:00:00+00:00,-0.00044266885299137915
2023-02-04 00:00:00+00:00,-0.0008156975091135887
2023-02-05 00:00:00+00:00,-0.0030610131349672054
2023-02-06 00:00:00+00:00,-0.0013280721206936352
2023-02-07 00:00:00+00:00,0.0037301654397554618
2023-02-08 00:00:00+00:00,-0.0028499308523868283
2023-02-09 00:00:00+00:00,-0.011675359135202679
2023-02-10 00:00:00+00:00,-0.0017331346996857233
2023-02-11 00:00:00+00:00,0.0024076364900429414
2023-02-12 00:00:00+00:00,-0.0007995048061685273
2023-02-13 00:00:00+00:00,-0.00019717397479968035
2023-02-14 00:00:00+00:00,0.0025543686780682417
2023-02-15 00:00:00+00:00,0.012708551339808416
2023-02-16 00:00:00+00:00,-0.007942929414991973
2023-02-17 00:00:00+00:00,0.010272971733739755
2023-02-18 00:00:00+00:00,0.0005989492098978921
2023-02-19 00:00:00+00:00,-0.0034786443795259414
2023-02-20 00:00:00+00:00,0.005528429084049824
2023-02-21 00:00:00+00:00,-0.003759296373814003
2023-02-22 00:00:00+00:00,-0.0026116589808333757
2023-02-23 00:00:00+00:00,-0.0023474814041530845
2023-02-24 00:00:00+00:00,-0.007339808415110727
2023-02-25 00:00:00+00:00,-0.0003143578555959703
2023-02-26 00:00:00+00:00,0.001962739052969509
2023-02-27 00:00:00+00:00,-0.00030906582388723347
2023-02-28 00:00:00+00:00,-0.0017266928808304938
2023-03-01 00:00:00+00:00,0.0024051289264030995
2023-03-02 00:00:00+00:00,-0.000805611331547551
2023-03-03 00:00:00+00:00,-0.0054735086781009246
2023-03-04 00:00:00+00:00,-3.849144658296666e-05
2023-03-05 00:00:00+00:00,0.0004145049298742709
2023-03-06 00:00:00+00:00,-0.00010022832197109643
2023-03-07 00:00:00+00:00,-0.0010501256767797562
2023-03-08 00:00:00+00:00,-0.0024417638303132483
2023-03-09 00:00:00+00:00,-0.00667557495240545
2023-03-10 00:00:00+00:00,-0.00015286524259194856
2023-03-11 00:00:00+00:00,0.0
2023-03-12 00:00:00+00:00,0.0
2023-03-13 00:00:00+00:00,0.0
2023-03-14 00:00:00+00:00,0.0
2023-03-15 00:00:00+00:00,-0.0008256510580582077
2023-03-16 00:00:00+00:00,0.0013971949558970742
2023-03-17 00:00:00+00:00,0.01858197503187098
2023-03-18 00:00:00+00:00,-0.0037564398839994295
2023-03-19 00:00:00+00:00,0.00823789274054798
2023-03-20 00:00:00+00:00,-0.001962234798875584
2023-03-21 00:00:00+00:00,0.002985024558849192
2023-03-22 00:00:00+00:00,-0.006546651477796983
2023-03-23 00:00:00+00:00,0.008054585060275343
2023-03-24 00:00:00+00:00,-0.006433401224110957
2023-03-25 00:00:00+00:00,6.529418357059669e-05
2023-03-26 00:00:00+00:00,0.0038889078837229807
2023-03-27 00:00:00+00:00,-0.006466426200266384
2023-03-28 00:00:00+00:00,0.0010510699678802915
2023-03-29 00:00:00+00:00,0.008386236317355023
2023-03-30 00:00:00+00:00,-0.002447619535854262
2023-03-31 00:00:00+00:00,0.003348695729616935
2023-04-01 00:00:00+00:00,-9.649719554416514e-05
2023-04-02 00:00:00+00:00,-0.0021460663404142544
2023-04-03 00:00:00+00:00,-0.0028475897535998884
2023-04-04 00:00:00+00:00,0.002806573806531487
2023-04-05 00:00:00+00:00,3.476669559132617e-05
2023-04-06 00:00:00+00:00,-0.001042888031346667
2023-04-07 00:00:00+00:00,-0.0009772861441186276
2023-04-08 00:00:00+00:00,0.00024592251502553175
2023-04-09 00:00:00+00:00,0.0029563281623758986
2023-04-10 00:00:00+00:00,0.010047036330664394
2023-04-11 00:00:00+00:00,0.0032311962513407178
2023-04-12 00:00:00+00:00,-0.001828402220209413
2023-04-13 00:00:00+00:00,0.002848759010295021
2023-04-14 00:00:00+00:00,0.0005443680283057084
2023-04-15 00:00:00+00:00,-0.0010043324440510704
2023-04-16 00:00:00+00:00,5.5930347273136505e-05
2023-04-17 00:00:00+00:00,-0.005115234514952549
2023-04-18 00:00:00+00:00,0.0055846670074990445
2023-04-19 00:00:00+00:00,-0.00925614466218172
2023-04-20 00:00:00+00:00,-0.002608915624752073
2023-04-21 00:00:00+00:00,-0.0032324948100118656
2023-04-22 00:00:00+00:00,0.0017984313060801504
2023-04-23 00:00:00+00:00,-0.0007331359069796539
2023-04-24 00:00:00+00:00,-0.0002583504566441297
2023-04-25 00:00:00+00:00,0.0025619859982597415
2023-04-26 00:00:00+00:00,0.00037044256630602845
2023-04-27 00:00:00+00:00,0.003420004744207006
2023-04-28 00:00:00+00:00,-0.000519142339252654
2023-04-29 00:00:00+00:00,-0.000262011696936737
2023-04-30 00:00:00+00:00,8.902668400700975e-06
2023-05-01 00:00:00+00:00,-0.0037576345011693935
2023-05-02 00:00:00+00:00,0.0019478256040077468
2023-05-03 00:00:00+00:00,0.0011513648266654464
2023-05-04 00:00:00+00:00,-0.0006068135097547778
2023-05-05 00:00:00+00:00,0.0021556574282506347
2023-05-06 00:00:00+00:00,-0.0021186642137985823
2023-05-07 00:00:00+00:00,-0.0013502901291357894
2023-05-08 00:00:00+00:00,-0.0024620409925205644
2023-05-09 00:00:00+00:00,-0.00013136320962636727
2023-05-10 00:00:00+00:00,-9.57144970596957e-05
2023-05-11 00:00:00+00:00,-0.0020433045180447973
2023-05-12 00:00:00+00:00,-0.0003555427501232833
2023-05-13 00:00:00+00:00,-3.321437960701612e-05
2023-05-14 00:00:00+00:00,0.00023962959083956292
2023-05-15 00:00:00+00:00,0.00041155114518143243
2023-05-16 00:00:00+00:00,-0.00021585265065415804
2023-05-17 00:00:00+00:00,0.0006256030032547599
2023-05-18 00:00:00+00:00,-0.0009826775998995618
2023-05-19 00:00:00+00:00,9.928522446656096e-05
2023-05-20 00:00:00+00:00,0.00037395741749635114
2023-05-21 00:00:00+00:00,-0.0005967251245757588
2023-05-22 00:00:00+00:00,0.0001708664686841388
2023-05-23 00:00:00+00:00,0.0006233902616383791
2023-05-24 00:00:00+00:00,-0.0014982056535752797
2023-05-25 00:00:00+00:00,0.00024392059088929052
2023-05-26 00:00:00+00:00,0.00039098963277628407
2023-05-27 00:00:00+00:00,0.00024977660014813274
2023-05-28 00:00:00+00:00,0.0020379946512485425
2023-05-29 00:00:00+00:00,-0.0012241049236567658
2023-05-30 00:00:00+00:00,-0.00014688104532023516
2023-05-31 00:00:00+00:00,-0.0016930527246689087
2023-06-01 00:00:00+00:00,-0.001374887927599322
2023-06-02 00:00:00+00:00,0.0007244863663617984
2023-06-03 00:00:00+00:00,-0.00032258141862073764
2023-06-04 00:00:00+00:00,8.559904625671244e-05
2023-06-05 00:00:00+00:00,-0.0025813561888098357
2023-06-06 00:00:00+00:00,0.00280237399860761
2023-06-07 00:00:00+00:00,-0.00165739667321807
2023-06-08 00:00:00+00:00,0.00029684509889160715
2023-06-09 00:00:00+00:00,-3.875523178864526e-05
2023-06-10 00:00:00+00:00,-0.0011861796512775413
2023-06-11 00:00:00+00:00,-7.229221117244222e-05
2023-06-12 00:00:00+00:00,0.0
2023-06-13 00:00:00+00:00,0.0
2023-06-14 00:00:00+00:00,0.0
2023-06-15 00:00:00+00:00,0.0
2023-06-16 00:00:00+00:00,0.0
2023-06-17 00:00:00+00:00,0.0
2023-06-18 00:00:00+00:00,0.0
2023-06-19 00:00:00+00:00,0.0
2023-06-20 00:00:00+00:00,0.0
2023-06-21 00:00:00+00:00,0.007029404140401541
2023-06-22 00:00:00+00:00,-0.0007191574254107325
2023-06-23 00:00:00+00:00,0.004754372776504701
2023-06-24 00:00:00+00:00,-0.0013295658060777926
2023-06-25 00:00:00+00:00,-0.0005012468046117213
2023-06-26 00:00:00+00:00,-0.0015072819283673544
2023-06-27 00:00:00+00:00,0.0032913729779802114
2023-06-28 00:00:00+00:00,-0.004753568798363861
2023-06-29 00:00:00+00:00,0.0028726134253322932
2023-06-30 00:00:00+00:00,0.00019119132050371412
2023-07-01 00:00:00+00:00,0.0008818359127931163
2023-07-02 00:00:00+00:00,0.00024080215565680518
2023-07-03 00:00:00+00:00,0.004169676892198382
2023-07-04 00:00:00+00:00,-0.0030011578740642975
2023-07-05 00:00:00+00:00,-0.0020215228244664374
2023-07-06 00:00:00+00:00,-0.00471674011347567
2023-07-07 00:00:00+00:00,0.003493932185098858
2023-07-08 00:00:00+00:00,-0.0004655324221766177
2023-07-09 00:00:00+00:00,-0.0009608064967657759
2023-07-10 00:00:00+00:00,0.0019468989806865622
2023-07-11 00:00:00+00:00,0.0012222105198023137
2023-07-12 00:00:00+00:00,-0.0014873315868896286
2023-07-13 00:00:00+00:00,0.006609318933594732
2023-07-14 00:00:00+00:00,-0.009029604032953609
2023-07-15 00:00:00+00:00,-0.00022160627878764494
2023-07-16 00:00:00+00:00,-0.00034524412615999367
2023-07-17 00:00:00+00:00,-0.0005642395669140932
2023-07-18 00:00:00+00:00,-0.0016750539520735686
2023-07-19 00:00:00+00:00,0.0003013140618786103
2023-07-20 00:00:00+00:00,-0.0006568809203407744
2023-07-21 00:00:00+00:00,0.00037666631313126864
2023-07-22 00:00:00+00:00,-0.00047486213340530714
2023-07-23 00:00:00+00:00,0.001277911911388152
2023-07-24 00:00:00+00:00,-0.003996223916792663
2023-07-25 00:00:00+00:00,0.00023178002883428306
2023-07-26 00:00:00+00:00,0.000544055019843892
2023-07-27 00:00:00+00:00,-0.0005708477164501069
2023-07-28 00:00:00+00:00,0.00040395135159543294
2023-07-29 00:00:00+00:00,0.0001713094594244513
2023-07-30 00:00:00+00:00,-0.00031732779254678434
2023-07-31 00:00:00+00:00,-0.0002158920622068461
2023-08-01 00:00:00+00:00,0.0020945698412533353
2023-08-02 00:00:00+00:00,-0.0022942076375671583
2023-08-03 00:00:00+00:00,3.374179060111615e-05
2023-08-04 00:00:00+00:00,-0.0003522205691006697
2023-08-05 00:00:00+00:00,-0.0001851744880835282
2023-08-06 00:00:00+00:00,7.207479913451387e-05
2023-08-07 00:00:00+00:00,0.000542579270986332
2023-08-08 00:00:00+00:00,0.0024733574613506892
2023-08-09 00:00:00+00:00,-0.0008311371397883294
2023-08-10 00:00:00+00:00,-0.000557289339611855
2023-08-11 00:00:00+00:00,-0.0001312727701384686
2023-08-12 00:00:00+00:00,1.828871535858312e-05
2023-08-13 00:00:00+00:00,-0.0005580606660683385
2023-08-14 00:00:00+00:00,0.0005617314335990553
2023-08-15 00:00:00+00:00,-0.0010201259950377572
2023-08-16 00:00:00+00:00,-0.002076075132753985
2023-08-17 00:00:00+00:00,-0.005352928815349767
2023-08-18 00:00:00+00:00,-0.00010041308248331937
2023-08-19 00:00:00+00:00,0.0
2023-08-20 00:00:00+00:00,0.0
2023-08-21 00:00:00+00:00,0.0
2023-08-22 00:00:00+00:00,0.0
2023-08-23 00:00:00+00:00,0.0
2023-08-24 00:00:00+00:00,0.0
2023-08-25 00:00:00+00:00,0.0
2023-08-26 00:00:00+00:00,0.0
2023-08-27 00:00:00+00:00,0.0
2023-08-28 00:00:00+00:00,0.0
2023-08-29 00:00:00+00:00,0.0
2023-08-30 00:00:00+00:00,0.0
2023-08-31 00:00:00+00:00,0.0
2023-09-01 00:00:00+00:00,0.0
2023-09-02 00:00:00+00:00,0.0
2023-09-03 00:00:00+00:00,0.0
2023-09-04 00:00:00+00:00,0.0
2023-09-05 00:00:00+00:00,0.0
2023-09-06 00:00:00+00:00,0.0
2023-09-07 00:00:00+00:00,0.0
2023-09-08 00:00:00+00:00,0.0
2023-09-09 00:00:00+00:00,0.0
2023-09-10 00:00:00+00:00,0.0
2023-09-11 00:00:00+00:00,0.0
2023-09-12 00:00:00+00:00,0.0
2023-09-13 00:00:00+00:00,0.0
2023-09-14 00:00:00+00:00,0.0
2023-09-15 00:00:00+00:00,0.0
2023-09-16 00:00:00+00:00,0.0
2023-09-17 00:00:00+00:00,0.0
2023-09-18 00:00:00+00:00,0.0
2023-09-19 00:00:00+00:00,0.0
2023-09-20 00:00:00+00:00,-0.0003737099749745454
2023-09-21 00:00:00+00:00,-0.0016515587036621815
2023-09-22 00:00:00+00:00,3.5823363853548784e-05
2023-09-23 00:00:00+00:00,-1.2415945012445029e-05
2023-09-24 00:00:00+00:00,-0.0009730300875899767
2023-09-25 00:00:00+00:00,0.00016778059436206583
2023-09-26 00:00:00+00:00,-0.00024715467995073404
2023-09-27 00:00:00+00:00,0.000449948182624782
2023-09-28 00:00:00+00:00,0.0019271424126960923
2023-09-29 00:00:00+00:00,-0.00033944902014038103
2023-09-30 00:00:00+00:00,0.0001649897250779464
2023-10-01 00:00:00+00:00,0.003055989798974368
2023-10-02 00:00:00+00:00,-0.00293546295561109
2023-10-03 00:00:00+00:00,-0.00038667087123012145
2023-10-04 00:00:00+00:00,0.0020015186823725273
2023-10-05 00:00:00+00:00,-0.0020886857439174067
2023-10-06 00:00:00+00:00,0.002960114703473904
2023-10-07 00:00:00+00:00,0.00014498992997080684
2023-10-08 00:00:00+00:00,-0.0002245374609612938
2023-10-09 00:00:00+00:00,-0.0018532185428332681
2023-10-10 00:00:00+00:00,-0.0011358146015028048
2023-10-11 00:00:00+00:00,-0.0029257741066182064
2023-10-12 00:00:00+00:00,-0.000229874953903475
2023-10-13 00:00:00+00:00,0.0
2023-10-14 00:00:00+00:00,0.0
2023-10-15 00:00:00+00:00,0.0
2023-10-16 00:00:00+00:00,0.0
2023-10-17 00:00:00+00:00,-0.0012179489868924254
2023-10-18 00:00:00+00:00,-0.0006271019949888323
2023-10-19 00:00:00+00:00,0.003254528425510994
2023-10-20 00:00:00+00:00,0.007871434947666733
2023-10-21 00:00:00+00:00,0.0019682474282833873
2023-10-22 00:00:00+00:00,0.000752638382413684
2023-10-23 00:00:00+00:00,0.03145437809435947
2023-10-24 00:00:00+00:00,0.00844978034178756
2023-10-25 00:00:00+00:00,0.004286626772500801
2023-10-26 00:00:00+00:00,-0.002629628517661464
2023-10-27 00:00:00+00:00,-0.0019877373867289716
2023-10-28 00:00:00+00:00,0.0014496640631807
2023-10-29 00:00:00+00:00,0.0034078074431731498
2023-10-30 00:00:00+00:00,-0.0003905489396454076
2023-10-31 00:00:00+00:00,0.0012603866327931534
2023-11-01 00:00:00+00:00,0.005961910163337691
2023-11-02 00:00:00+00:00,-0.003638165496918311
2023-11-03 00:00:00+00:00,-0.001710742105119456
2023-11-04 00:00:00+00:00,0.002632064464374251
2023-11-05 00:00:00+00:00,-0.0003815822172744676
2023-11-06 00:00:00+00:00,0.0002601894939442406
2023-11-07 00:00:00+00:00,0.0026843263267113393
2023-11-08 00:00:00+00:00,0.0017107973432821666
2023-11-09 00:00:00+00:00,0.008148519359147288
2023-11-10 00:00:00+00:00,0.004509563844353082
2023-11-11 00:00:00+00:00,-0.0012830149789809786
2023-11-12 00:00:00+00:00,-0.000493041813064643
2023-11-13 00:00:00+00:00,-0.004502246181143255
2023-11-14 00:00:00+00:00,-0.006858687104603134
2023-11-15 00:00:00+00:00,0.012201011969720676
2023-11-16 00:00:00+00:00,-0.011748044715605643
2023-11-17 00:00:00+00:00,0.003135004703823663
2023-11-18 00:00:00+00:00,-0.0003179258726155876
2023-11-19 00:00:00+00:00,0.00549543961083554
2023-11-20 00:00:00+00:00,0.0006138019041057596
2023-11-21 00:00:00+00:00,-0.01177684292759451
2023-11-22 00:00:00+00:00,0.008499948411303304
2023-11-23 00:00:00+00:00,-0.000583421304864773
2023-11-24 00:00:00+00:00,0.002145936527582215
2023-11-25 00:00:00+00:00,0.0003426840712814627
2023-11-26 00:00:00+00:00,-0.0017012953823500876
2023-11-27 00:00:00+00:00,-0.0010469925135699887
2023-11-28 00:00:00+00:00,0.002949630890527688
2023-11-29 00:00:00+00:00,0.0001825815326705893
2023-11-30 00:00:00+00:00,-0.0006669107949133224
2023-12-01 00:00:00+00:00,0.004895168616705359
2023-12-02 00:00:00+00:00,0.005053962830883663
2023-12-03 00:00:00+00:00,0.0034816807226891733
2023-12-04 00:00:00+00:00,0.013421027837354771
2023-12-05 00:00:00+00:00,0.013659052629886537
2023-12-06 00:00:00+00:00,-0.0020102286495685684
2023-12-07 00:00:00+00:00,-0.0031744831509017413
2023-12-08 00:00:00+00:00,0.005840642332158419
2023-12-09 00:00:00+00:00,-0.0029581099365293406
2023-12-10 00:00:00+00:00,0.0004923945428958465
2023-12-11 00:00:00+00:00,-0.01644252589751638
2023-12-12 00:00:00+00:00,0.0015753622499405928
2023-12-13 00:00:00+00:00,0.00906019315815998
2023-12-14 00:00:00+00:00,0.000999410251789623
2023-12-15 00:00:00+00:00,-0.007049809507187477
2023-12-16 00:00:00+00:00,0.0022161969528451397
2023-12-17 00:00:00+00:00,-0.005914904917311836
2023-12-18 00:00:00+00:00,0.008451448751815027
2023-12-19 00:00:00+00:00,-0.002493710527067705
2023-12-20 00:00:00+00:00,0.009120434043681458
2023-12-21 00:00:00+00:00,0.001251424857182215
2023-12-22 00:00:00+00:00,0.0006949503130078138
2023-12-23 00:00:00+00:00,-0.0017282687221720217
2023-12-24 00:00:00+00:00,-0.00461007870370167
2023-12-25 00:00:00+00:00,0.003810082033190776
2023-12-26 00:00:00+00:00,-0.006928631954383979
2023-12-27 00:00:00+00:00,0.0035256649010564356
2023-12-28 00:00:00+00:00,-0.00345503275329484
2023-12-29 00:00:00+00:00,-0.0019910598079573294
2023-12-30 00:00:00+00:00,0.00029447011775984855
2023-12-31 00:00:00+00:00,0.0003206568607692084
