trade_id,stage,strategy_variant,entry_time,decision_time,exit_time,symbol,category,direction,score,selection_rank,eligible_count,entry_price,exit_price,hold_days,notional_fraction,quantity_per_unit_plan_capital,funding_events,actual_funding_return,stress_funding_return,gross_price_return,favorable_price_cost_return,favorable_reconciliation_error,favorable_net_return,favorable_after_hurdle_return,base_price_cost_return,base_reconciliation_error,base_net_return,base_after_hurdle_return,stress_price_cost_return,stress_reconciliation_error,stress_net_return,stress_after_hurdle_return
development-scheduled_short-20240101-1000XECUSDT-SHORT,development,scheduled_short,2024-01-01T00:00:00+0000,2023-12-31T00:00:00+0000,2024-02-01T00:00:00+0000,1000XECUSDT,Payment,SHORT,0.7619382539296028,1,25,0.03728,0.02971,31,0.25,6.706008583690987,92,-0.007416817902408799,-0.01169632468601529,0.050764484978540775,0.05049494366952789,-6.938893903907228e-18,0.04307812576711909,0.0396093356692655,0.050045738613197444,-6.938893903907228e-18,0.042628920710788644,0.03916162445890192,0.04959653355686691,-2.0816681711721685e-17,0.03790020887085162,0.03444863810337573
development-scheduled_short-20240101-AAVEUSDT-SHORT,development,scheduled_short,2024-01-01T00:00:00+0000,2023-12-31T00:00:00+0000,2024-02-01T00:00:00+0000,AAVEUSDT,DeFi,SHORT,0.7861276005416529,2,25,108.77,85.82,31,0.25,0.002298427875333272,92,0.0017587797644677203,0.0005616532166371857,0.052748919738898614,0.052480569090741946,6.938893903907228e-18,0.05423934885520967,0.05073344174840777,0.052033349659832695,-6.938893903907228e-18,0.053792129424300415,0.050287709560203675,0.051586130228923444,1.3877787807814457e-17,0.052147783445560626,0.04864883190728486
development-scheduled_short-20240101-AVAXUSDT-SHORT,development,scheduled_short,2024-01-01T00:00:00+0000,2023-12-31T00:00:00+0000,2024-02-01T00:00:00+0000,AVAXUSDT,Layer-1,SHORT,1.0405423618319418,3,25,38.59,33.173,31,0.25,0.006478362270018139,92,0.0027885330472303504,0.0013942665236151752,0.03509328841668827,0.034814344389738267,-1.3877787807814457e-17,0.037602877436968614,0.034152295454808135,0.034349458734128036,0.0,0.03713799178135838,0.03368895579150566,0.03388457307851775,6.938893903907228e-18,0.035278839602132926,0.03183598628307949
development-scheduled_short-20240101-BCHUSDT-SHORT,development,scheduled_short,2024-01-01T00:00:00+0000,2023-12-31T00:00:00+0000,2024-02-01T00:00:00+0000,BCHUSDT,Payment,SHORT,0.5946170662594015,4,25,259.79,234.16,31,0.25,0.0009623157165402824,92,0.0003717615363571057,-0.0006651028125958234,0.024664151814927454,0.02437895030601639,-2.7755575615628914e-17,0.024750711842373496,0.021342870153244986,0.023903629256322445,-3.469446951953614e-18,0.02427539079267955,0.02086912979909994,0.023428308206628418,-1.3877787807814457e-17,0.022763205394032593,0.01936197322198341
development-scheduled_short-20240101-BNBUSDT-SHORT,development,scheduled_short,2024-01-01T00:00:00+0000,2023-12-31T00:00:00+0000,2024-02-01T00:00:00+0000,BNBUSDT,Layer-1,SHORT,0.5104834111711352,5,25,311.33,300.53,31,0.25,0.0008030064561719076,92,-0.005215927948860005,-0.00795114175397575,0.008672469726656612,0.008377673208492586,-1.9081958235744878e-17,0.0031617452596325816,-0.00017430162174836283,0.007886350881701115,0.0,0.0026704229328411103,-0.0006639900402256593,0.007395028554909561,-1.9081958235744878e-17,-0.0005561131990661893,-0.003879796221702425
development-scheduled_short-20240101-CRVUSDT-SHORT,development,scheduled_short,2024-01-01T00:00:00+0000,2023-12-31T00:00:00+0000,2024-02-01T00:00:00+0000,CRVUSDT,DeFi,SHORT,0.7786531545350854,6,25,0.605,0.455,31,0.25,0.4132231404958678,92,0.0023617228305493807,0.0011470306014894423,0.06198347107438015,0.061720661157024764,-2.0816681711721685e-17,0.06408238398757414,0.060543743548573614,0.06128268181818183,-1.3877787807814457e-17,0.06364440464873121,0.060107220724210375,0.06084470247933879,-1.3877787807814457e-17,0.06199173308082823,0.058460045169144825
development-scheduled_short-20240101-DASHUSDT-SHORT,development,scheduled_short,2024-01-01T00:00:00+0000,2023-12-31T00:00:00+0000,2024-02-01T00:00:00+0000,DASHUSDT,PoW,SHORT,0.5916629471722359,7,25,31.76,26.64,31,0.25,0.007871536523929471,92,0.00235405907644893,0.001147298344899528,0.040302267002518904,0.040026448362720374,-3.469446951953614e-17,0.0423805074391693,0.038914037293664716,0.03956677481108317,6.938893903907228e-18,0.0419208338875321,0.03845589240131475,0.03910710125944583,-6.938893903907228e-18,0.04025439960434536,0.03679499989932111
development-scheduled_short-20240101-ENSUSDT-SHORT,development,scheduled_short,2024-01-01T00:00:00+0000,2023-12-31T00:00:00+0000,2024-02-01T00:00:00+0000,ENSUSDT,Infrastructure,SHORT,0.6699333950662518,8,25,9.684,17.819,31,0.25,0.025815778603882695,92,0.0048122410673503155,0.0023585152182063434,-0.2100113589425857,-0.21043736575795127,0.0,-0.20562512469060096,-0.2082668440722919,-0.2111475031237092,2.7755575615628914e-17,-0.20633526205635888,-0.20897461985323507,-0.21185764048946717,-5.551115123125783e-17,-0.20949912527126083,-0.2121279615385222
development-scheduled_short-20240101-ETCUSDT-SHORT,development,scheduled_short,2024-01-01T00:00:00+0000,2023-12-31T00:00:00+0000,2024-02-01T00:00:00+0000,ETCUSDT,PoW,SHORT,0.5816978139505673,9,25,21.95,24.333,31,0.25,0.011389521640091117,92,0.003180159019337632,0.0015880789079234367,-0.02714123006833713,-0.02745751480637812,6.938893903907228e-18,-0.02427735578704049,-0.02752215304899841,-0.02798467232118454,-4.85722573273506e-17,-0.02480451330184691,-0.02804755748441201,-0.028511829835990904,-6.938893903907228e-18,-0.026923750928067466,-0.0301597475172537
development-scheduled_short-20240101-HBARUSDT-SHORT,development,scheduled_short,2024-01-01T00:00:00+0000,2023-12-31T00:00:00+0000,2024-02-01T00:00:00+0000,HBARUSDT,Layer-1,SHORT,0.6092782620471305,10,25,0.08599,0.06949,31,0.25,2.9073148040469823,92,0.002211666815665194,0.0009945638452139784,0.04797069426677522,0.04769947668333527,-6.938893903907228e-18,0.049911143499000464,0.04641962997932336,0.04724747616001865,0.0,0.049459142975683844,0.04596913259838953,0.046795475636701944,0.0,0.04779003948191592,0.04430557976236105
development-scheduled_short-20240101-KAVAUSDT-SHORT,development,scheduled_short,2024-01-01T00:00:00+0000,2023-12-31T00:00:00+0000,2024-02-01T00:00:00+0000,KAVAUSDT,DeFi,SHORT,0.5882920311043529,11,25,0.8748,0.7065,31,0.25,0.2857796067672611,92,0.0006061171675425815,-0.0012278329277834075,0.04809670781893005,0.04782556584362138,-2.0816681711721685e-17,0.04843168301116396,0.04494508948526632,0.04737369140946504,-1.3877787807814457e-17,0.04797980857700762,0.04449471777417924,0.046921816975308644,6.938893903907228e-18,0.045693984047525234,0.0422164948282191
development-scheduled_short-20240101-LINKUSDT-SHORT,development,scheduled_short,2024-01-01T00:00:00+0000,2023-12-31T00:00:00+0000,2024-02-01T00:00:00+0000,LINKUSDT,Infrastructure,SHORT,0.9074516970344744,12,25,14.951,15.423,31,0.25,0.016721289545849775,92,0.0024554546205207543,0.0012277273102603771,-0.007892448665641094,-0.008197184134840468,1.734723475976807e-18,-0.0057417295143197145,-0.009048167601910961,-0.008705081318975266,1.734723475976807e-17,-0.006249626698454512,-0.009554375757506617,-0.009212978503110175,-2.0816681711721685e-17,-0.007985251192849797,-0.011284228376419958
development-scheduled_short-20240101-LTCUSDT-SHORT,development,scheduled_short,2024-01-01T00:00:00+0000,2023-12-31T00:00:00+0000,2024-02-01T00:00:00+0000,LTCUSDT,Payment,SHORT,0.4316446604077981,13,25,72.89,66.72,31,0.25,0.0034298257648511456,92,0.002745494249216255,0.0013727471246081275,0.021162024969131582,0.020874722184113043,-1.0408340855860843e-17,0.0236202164333293,0.02021613424330604,0.0203958969062972,0.0,0.023141391155513457,0.019738901314463098,0.019917071628481303,6.938893903907228e-18,0.02128981875308943,0.017893486376045376
development-scheduled_short-20240101-NEARUSDT-SHORT,development,scheduled_short,2024-01-01T00:00:00+0000,2023-12-31T00:00:00+0000,2024-02-01T00:00:00+0000,NEARUSDT,Layer-1,SHORT,1.0808138753248584,14,25,3.654,2.821,31,0.25,0.06841817186644773,92,0.002675947684881712,0.001337973842440856,0.05699233716475094,0.05672653256704979,-6.938893903907228e-18,0.059402480251931504,0.05587940298440963,0.05628355909961685,-2.0816681711721685e-17,0.058959506784498565,0.055437902639592807,0.05584058563218389,-6.938893903907228e-18,0.057178559474624746,0.053662877927691977
development-scheduled_short-20240101-RUNEUSDT-SHORT,development,scheduled_short,2024-01-01T00:00:00+0000,2023-12-31T00:00:00+0000,2024-02-01T00:00:00+0000,RUNEUSDT,DeFi,SHORT,1.2644670090763162,15,25,5.163,4.644,31,0.25,0.0484214603912454,92,0.002703655214696582,0.0013112022127950128,0.02513073794305637,0.0248458163858222,0.0,0.027549471600518783,0.02413232254514841,0.024370962202208052,3.469446951953614e-18,0.027074617416904635,0.02365904750450487,0.023896108018593876,2.0816681711721685e-17,0.025207310231388887,0.02179795010952601
development-scheduled_short-20240101-SNXUSDT-SHORT,development,scheduled_short,2024-01-01T00:00:00+0000,2023-12-31T00:00:00+0000,2024-02-01T00:00:00+0000,SNXUSDT,DeFi,SHORT,0.8959204785920605,16,25,3.867,3.056,31,0.25,0.06464959917248513,92,0.0023298115604329906,0.0011649057802164953,0.05243082492888543,0.05216228342384274,-2.7755575615628914e-17,0.054492094984275735,0.05098534736203386,0.05171474570726664,6.938893903907228e-18,0.05404455726769963,0.05053929794663237,0.05126720799069043,-2.0816681711721685e-17,0.052432113770906924,0.04893221668292358
development-scheduled_short-20240101-SOLUSDT-SHORT,development,scheduled_short,2024-01-01T00:00:00+0000,2023-12-31T00:00:00+0000,2024-02-01T00:00:00+0000,SOLUSDT,Layer-1,SHORT,1.1073653324006598,17,25,101.775,96.91,31,0.25,0.0024563989191844753,92,0.0028084167539091016,0.0014042083769545508,0.011950380741832495,0.01165755097027757,-2.42861286636753e-17,0.01446596772418667,0.011092328284798558,0.011169508521247873,-5.204170427930421e-18,0.013977925275156974,0.010605908836743394,0.010681466072218121,-6.938893903907228e-18,0.012085674449172672,0.008719950752180239
development-scheduled_short-20240101-TRXUSDT-SHORT,development,scheduled_short,2024-01-01T00:00:00+0000,2023-12-31T00:00:00+0000,2024-02-01T00:00:00+0000,TRXUSDT,Layer-1,SHORT,0.37781684082960115,18,25,0.10769,0.11217,31,0.25,2.3214783173925158,92,0.0017146861489815677,0.0003155478885807642,-0.010400222861918496,-0.010706462995635685,-3.642919299551295e-17,-0.008991776846654117,-0.012287406796556044,-0.011216869458631207,1.9081958235744878e-17,-0.009502183309649638,-0.012796115886324344,-0.011727275921626895,3.642919299551295e-17,-0.011411728033046131,-0.01469931035688321
development-scheduled_short-20240101-UNIUSDT-SHORT,development,scheduled_short,2024-01-01T00:00:00+0000,2023-12-31T00:00:00+0000,2024-02-01T00:00:00+0000,UNIUSDT,DeFi,SHORT,0.8025521550808298,19,25,7.231,5.998,31,0.25,0.03457336467985064,92,0.002572688475616595,0.0012863442378082976,0.042628958650255844,0.04235453602544598,-6.938893903907228e-18,0.044927224501062575,0.041452285165467506,0.041897190561471453,-1.3877787807814457e-17,0.04446987903708805,0.040996460618649255,0.0414398450974969,2.0816681711721685e-17,0.0427261893353052,0.03925856961345664
development-scheduled_short-20240101-VETUSDT-SHORT,development,scheduled_short,2024-01-01T00:00:00+0000,2023-12-31T00:00:00+0000,2024-02-01T00:00:00+0000,VETUSDT,Layer-1,SHORT,0.6574563553088872,20,25,0.03434,0.0282,31,0.25,7.2801397786837505,92,0.00021949134357673265,-0.0012634194652282327,0.04470005824111825,0.0444268782760629,-2.7755575615628914e-17,0.04464636961963963,0.04117236427605109,0.04397160515433901,0.0,0.04419109649791574,0.04071860517984205,0.04351633203261501,-1.3877787807814457e-17,0.04225291256738678,0.03878686674276177
development-scheduled_short-20240101-XLMUSDT-SHORT,development,scheduled_short,2024-01-01T00:00:00+0000,2023-12-31T00:00:00+0000,2024-02-01T00:00:00+0000,XLMUSDT,Layer-2,SHORT,0.4493692636239499,21,25,0.12911,0.10986,31,0.25,1.9363333591511114,92,0.0021978172097802257,0.0008515599603472813,0.037274417163658896,0.036996781813957075,-2.7755575615628914e-17,0.0391945990237373,0.035738723719876075,0.0365340785957711,0.0,0.03873189580555132,0.03527755923623155,0.03607137537758498,-6.938893903907228e-18,0.03692293533793226,0.033474614525248914
development-scheduled_short-20240101-XMRUSDT-SHORT,development,scheduled_short,2024-01-01T00:00:00+0000,2023-12-31T00:00:00+0000,2024-02-01T00:00:00+0000,XMRUSDT,PoW,SHORT,0.32664284672698857,22,25,165.1,163.69,31,0.25,0.0015142337976983646,92,0.001140927122127252,-0.00011102200358074969,0.0021350696547546844,0.0018363506965475285,-1.3444106938820255e-17,0.0029772778186747803,-0.00035815561025553944,0.0013384870472441246,-1.0842021724855044e-17,0.0024794141693713764,-0.0008543635978647268,0.0008406233979406375,-5.7462715141731735e-18,0.0007296013943598877,-0.002598357313807642
development-scheduled_short-20240101-XRPUSDT-SHORT,development,scheduled_short,2024-01-01T00:00:00+0000,2023-12-31T00:00:00+0000,2024-02-01T00:00:00+0000,XRPUSDT,Payment,SHORT,0.5054653645798881,23,25,0.6157,0.503,31,0.25,0.4060419035244437,92,0.0026817401465844565,0.0013408700732922283,0.04576092252720482,0.04548837908072112,-1.3877787807814457e-17,0.048170119227305574,0.044684395540244504,0.045034167459801905,1.3877787807814457e-17,0.04771590760638636,0.04423169441478492,0.04457995583888261,1.3877787807814457e-17,0.045920825912174834,0.042442582322899325
development-scheduled_short-20240101-ZECUSDT-SHORT,development,scheduled_short,2024-01-01T00:00:00+0000,2023-12-31T00:00:00+0000,2024-02-01T00:00:00+0000,ZECUSDT,PoW,SHORT,0.571132136335402,24,25,26.94,21.69,31,0.25,0.009279881217520415,92,0.002471799330469446,0.001235899665234723,0.04871937639198218,0.04844860801781736,-6.938893903907228e-18,0.05092040734828681,0.04742553748898359,0.047997356625835236,6.938893903907228e-18,0.05046915595630468,0.04697578674812375,0.047546105233853025,1.3877787807814457e-17,0.048782004899087746,0.045294246366403
development-scheduled_short-20240101-ZILUSDT-SHORT,development,scheduled_short,2024-01-01T00:00:00+0000,2023-12-31T00:00:00+0000,2024-02-01T00:00:00+0000,ZILUSDT,PoW,SHORT,0.602107971195423,25,25,0.0248,0.01993,31,0.25,10.080645161290322,92,0.0026881470385383063,0.0013440735192691532,0.04909274193548385,0.04882219758064513,-2.7755575615628914e-17,0.05151034461918343,0.04801351290437483,0.04837131977822584,0.0,0.05105946681676415,0.047564134510693634,0.047920441975806444,-6.938893903907228e-18,0.0492645154950756,0.045775152357772964
development-scheduled_short-20240301-AAVEUSDT-SHORT,development,scheduled_short,2024-03-01T00:00:00+0000,2024-02-29T00:00:00+0000,2024-04-01T00:00:00+0000,AAVEUSDT,DeFi,SHORT,0.67854774469438,1,23,105.88,128.47,31,0.25,0.0023611635814129203,92,0.008735751160596087,0.004367875580298043,-0.053338685304117894,-0.05367068851530035,-6.938893903907228e-18,-0.04493493735470427,-0.04811103715995457,-0.05422405920381565,-2.0816681711721685e-17,-0.045488308043219565,-0.04866256759631882,-0.054777429892331,-2.7755575615628914e-17,-0.05040955431203296,-0.05356744810124103
development-scheduled_short-20240301-AVAXUSDT-SHORT,development,scheduled_short,2024-03-01T00:00:00+0000,2024-02-29T00:00:00+0000,2024-04-01T00:00:00+0000,AVAXUSDT,Layer-1,SHORT,0.9279115478354937,2,23,40.998,54.135,31,0.25,0.006097858432118641,92,0.012427782300069022,0.006213891150034511,-0.08010756622274257,-0.08045563076247628,-5.551115123125783e-17,-0.06802784846240725,-0.07112715204367193,-0.08103578639323869,0.0,-0.06860800409316967,-0.0717053783480901,-0.08161594202400119,-4.163336342344337e-17,-0.07540205087396668,-0.07847683130622374
development-scheduled_short-20240301-BCHUSDT-SHORT,development,scheduled_short,2024-03-01T00:00:00+0000,2024-02-29T00:00:00+0000,2024-04-01T00:00:00+0000,BCHUSDT,Payment,SHORT,0.6990071259797187,3,23,298.0,679.59,31,0.25,0.0008389261744966443,92,0.009231757805794117,0.00401961148394736,-0.3201258389261745,-0.32061791442953025,-5.551115123125783e-17,-0.31138615662373614,-0.3136761642675948,-0.32143823234395974,0.0,-0.31220647453816563,-0.31449375418822556,-0.32225855025838923,5.551115123125783e-17,-0.31823893877444187,-0.3205061572692618
development-scheduled_short-20240301-BNBUSDT-SHORT,development,scheduled_short,2024-03-01T00:00:00+0000,2024-02-29T00:00:00+0000,2024-04-01T00:00:00+0000,BNBUSDT,Layer-1,SHORT,0.494602657886076,4,23,399.62,606.04,31,0.25,0.0006255943145988689,92,0.006309580057394209,0.0026225300048736263,-0.1291351784194985,-0.1295126595265502,2.7755575615628914e-17,-0.12320307946915598,-0.12611889603230086,-0.1301418721860767,0.0,-0.12383229212868249,-0.12674601622474468,-0.13077108484560332,-2.7755575615628914e-17,-0.1281485548407297,-0.13104792506531726
development-scheduled_short-20240301-CRVUSDT-SHORT,development,scheduled_short,2024-03-01T00:00:00+0000,2024-02-29T00:00:00+0000,2024-04-01T00:00:00+0000,CRVUSDT,DeFi,SHORT,0.7673067966512082,5,23,0.599,0.695,31,0.25,0.41736227045075125,92,0.010152089403785392,0.005016152215397829,-0.04006677796327213,-0.04039081803005004,2.7755575615628914e-17,-0.03023872862626465,-0.03346370114972652,-0.040930908848080094,-1.3877787807814457e-17,-0.030778819444294704,-0.03400199587824493,-0.041470999666110175,1.3877787807814457e-17,-0.03645484745071235,-0.03965914806965176
development-scheduled_short-20240301-ENSUSDT-SHORT,development,scheduled_short,2024-03-01T00:00:00+0000,2024-02-29T00:00:00+0000,2024-04-01T00:00:00+0000,ENSUSDT,Infrastructure,SHORT,1.3564286660261982,6,23,20.956,22.436,31,0.25,0.011929757587325826,92,0.01183723712755995,0.005918618563779975,-0.017656041229242248,-0.017966634853979785,-1.0408340855860843e-17,-0.006129397726419836,-0.009434546610813221,-0.018484301488833732,2.7755575615628914e-17,-0.006647064361273783,-0.009950491728503152,-0.01900196812368779,-3.8163916471489756e-17,-0.013083349559907816,-0.016365372852205073
development-scheduled_short-20240301-ETCUSDT-SHORT,development,scheduled_short,2024-03-01T00:00:00+0000,2024-02-29T00:00:00+0000,2024-04-01T00:00:00+0000,ETCUSDT,PoW,SHORT,0.7967009037811008,7,23,28.903,34.313,31,0.25,0.00864962114659378,92,0.01118680480754095,0.005593402403770475,-0.046794450403072396,-0.04712252707331424,-2.0816681711721685e-17,-0.03593572226577329,-0.03914174925233227,-0.04766934960038749,2.0816681711721685e-17,-0.03648254479284654,-0.03968675330337745,-0.04821617212746088,-6.938893903907228e-18,-0.042622769723690404,-0.04580655871730066
development-scheduled_short-20240301-HBARUSDT-SHORT,development,scheduled_short,2024-03-01T00:00:00+0000,2024-02-29T00:00:00+0000,2024-04-01T00:00:00+0000,HBARUSDT,Layer-1,SHORT,0.8462791318473945,8,23,0.11453,0.11592,31,0.25,2.182834191914782,92,0.0077166033059384,0.0038583016529692,-0.0030341395267615145,-0.003335960010477562,1.6479873021779667e-17,0.004380643295460838,0.0010405429291753254,-0.0038389959704880627,-2.168404344971009e-17,0.0038776073354503376,0.0005391798315457219,-0.004342031930498508,2.688821387764051e-17,-0.0004837302775293076,-0.003807654011915962
development-scheduled_short-20240301-KAVAUSDT-SHORT,development,scheduled_short,2024-03-01T00:00:00+0000,2024-02-29T00:00:00+0000,2024-04-01T00:00:00+0000,KAVAUSDT,DeFi,SHORT,0.5915776447275906,9,23,0.8439,1.0675,31,0.25,0.2962436307619386,92,0.011434305157083954,0.005717152578541977,-0.06624007583836944,-0.06657981988387252,-5.551115123125783e-17,-0.05514551472678856,-0.05828765892621546,-0.06714609970375629,-1.3877787807814457e-17,-0.055711794546672334,-0.05885205556421347,-0.06771237952364023,-1.3877787807814457e-17,-0.06199522694509826,-0.0651145922046461
development-scheduled_short-20240301-LINKUSDT-SHORT,development,scheduled_short,2024-03-01T00:00:00+0000,2024-02-29T00:00:00+0000,2024-04-01T00:00:00+0000,LINKUSDT,Infrastructure,SHORT,0.7762493712916069,10,23,19.296,19.193,31,0.25,0.012956053067993367,92,0.009534431266532951,0.004767215633266476,0.0013344734660032942,0.0010352741500828933,6.505213034913027e-19,0.010569705416615845,0.007209023123751157,0.0005366094242329755,-2.0166160408230382e-17,0.010071040690765927,0.006712016723601444,3.794469838303005e-05,-2.2768245622195593e-17,0.004805160331649506,0.001463648220207947
development-scheduled_short-20240301-LTCUSDT-SHORT,development,scheduled_short,2024-03-01T00:00:00+0000,2024-02-29T00:00:00+0000,2024-04-01T00:00:00+0000,LTCUSDT,Payment,SHORT,0.502417711224336,11,23,80.0,105.14,31,0.25,0.003125,92,0.010600209133281566,0.005300104566640783,-0.07856249999999998,-0.07890963750000005,-4.163336342344337e-17,-0.06830942836671848,-0.07140779554488952,-0.07948824713749997,1.3877787807814457e-17,-0.0688880380042184,-0.07198448099729582,-0.08006685677499997,1.3877787807814457e-17,-0.07476675220835918,-0.07784364534690924
development-scheduled_short-20240301-NEARUSDT-SHORT,development,scheduled_short,2024-03-01T00:00:00+0000,2024-02-29T00:00:00+0000,2024-04-01T00:00:00+0000,NEARUSDT,Layer-1,SHORT,1.1073363521550437,12,23,3.882,7.303,31,0.25,0.06439979392065945,92,0.017985607807721217,0.008992803903860608,-0.22031169500257597,-0.22074388201957756,-2.7755575615628914e-17,-0.20275827421185635,-0.20540952739768625,-0.221464325901597,5.551115123125783e-17,-0.2034787180938758,-0.20612757542023719,-0.22218476978361665,-2.7755575615628914e-17,-0.21319196587975603,-0.21580852148594398
development-scheduled_short-20240301-RUNEUSDT-SHORT,development,scheduled_short,2024-03-01T00:00:00+0000,2024-02-29T00:00:00+0000,2024-04-01T00:00:00+0000,RUNEUSDT,DeFi,SHORT,0.8796984290206337,13,23,5.75,8.723,31,0.25,0.043478260869565216,92,0.015935639859535174,0.007967819929767587,-0.12926086956521743,-0.12963842608695655,2.7755575615628914e-17,-0.11370278622742139,-0.11665019632350448,-0.13026776451304348,2.7755575615628914e-17,-0.11433212465350831,-0.11727744186426803,-0.1308971029391304,5.551115123125783e-17,-0.12292928300936282,-0.12584601009150442
development-scheduled_short-20240301-SNXUSDT-SHORT,development,scheduled_short,2024-03-01T00:00:00+0000,2024-02-29T00:00:00+0000,2024-04-01T00:00:00+0000,SNXUSDT,DeFi,SHORT,0.8678866080658133,14,23,4.187,4.671,31,0.25,0.059708621925005964,92,0.009182256150410673,0.004591128075205337,-0.02889897301170291,-0.029216312395509897,1.3877787807814457e-17,-0.020034056245099224,-0.023292964737146038,-0.029745228707905386,-2.0816681711721685e-17,-0.020562972557494712,-0.02382012212121032,-0.03027414502030093,0.0,-0.025683016945095595,-0.02892313963533588
development-scheduled_short-20240301-SOLUSDT-SHORT,development,scheduled_short,2024-03-01T00:00:00+0000,2024-02-29T00:00:00+0000,2024-04-01T00:00:00+0000,SOLUSDT,Layer-1,SHORT,0.9215584927071224,15,23,125.77,202.685,31,0.25,0.0019877554265723147,92,0.012110925656176845,0.006055462828088423,-0.15288820863480956,-0.1532799415599905,0.0,-0.14116901590381364,-0.14402508616333687,-0.15393292150155044,0.0,-0.14182199584537358,-0.1446758945989478,-0.1545859014431105,0.0,-0.14853043861502208,-0.15136202822484524
development-scheduled_short-20240301-TRXUSDT-SHORT,development,scheduled_short,2024-03-01T00:00:00+0000,2024-02-29T00:00:00+0000,2024-04-01T00:00:00+0000,TRXUSDT,Layer-1,SHORT,0.306643621476818,16,23,0.14044,0.12313,31,0.25,1.7801196240387354,92,0.003335182461730988,0.0011361140624020932,0.03081387069211053,0.03053235901452575,-3.469446951953614e-17,0.033867541476256736,0.0304293814748402,0.030063191373540354,0.0,0.03339837383527134,0.029961774066043834,0.029594023732554847,2.7755575615628914e-17,0.03073013779495694,0.027302411331119103
development-scheduled_short-20240301-UNIUSDT-SHORT,development,scheduled_short,2024-03-01T00:00:00+0000,2024-02-29T00:00:00+0000,2024-04-01T00:00:00+0000,UNIUSDT,DeFi,SHORT,1.1219003283825586,17,23,11.141,12.96,31,0.25,0.022439637375460012,92,0.009362415182999401,0.0046812075914997005,-0.040817700385961775,-0.041142191006193346,6.938893903907228e-18,-0.03177977582319395,-0.0349996235442801,-0.04168303319719949,2.7755575615628914e-17,-0.03232061801420009,-0.03553866714705933,-0.04222387538820571,3.469446951953614e-17,-0.03754266779670601,-0.04074335083384484
development-scheduled_short-20240301-VETUSDT-SHORT,development,scheduled_short,2024-03-01T00:00:00+0000,2024-02-29T00:00:00+0000,2024-04-01T00:00:00+0000,VETUSDT,Layer-1,SHORT,0.9096900918795274,18,23,0.0478,0.046177,31,0.25,5.230125523012552,92,0.008550485698930438,0.004275242849465219,0.008488493723849383,0.008193586820083643,-3.469446951953614e-17,0.01674407251901408,0.013362857168331077,0.0077020804069037885,8.673617379884035e-19,0.016252566105834226,0.012872985275650839,0.007210573993723823,-8.673617379884035e-19,0.011485816843189042,0.008122087992097793
development-scheduled_short-20240301-XLMUSDT-SHORT,development,scheduled_short,2024-03-01T00:00:00+0000,2024-02-29T00:00:00+0000,2024-04-01T00:00:00+0000,XLMUSDT,Layer-2,SHORT,0.44104524592226685,19,23,0.12217,0.14135,31,0.25,2.0463288859785544,92,0.010527891424422526,0.005263945712211263,-0.03924858803306869,-0.03957213718588856,-4.163336342344337e-17,-0.029044245761466036,-0.03227319057639022,-0.04011140932307436,2.7755575615628914e-17,-0.029583517898651834,-0.03281066934661403,-0.04065068146026027,1.3877787807814457e-17,-0.03538673574804901,-0.038594588407057207
development-scheduled_short-20240301-XMRUSDT-SHORT,development,scheduled_short,2024-03-01T00:00:00+0000,2024-02-29T00:00:00+0000,2024-04-01T00:00:00+0000,XMRUSDT,PoW,SHORT,1.126936413306249,20,23,138.21,128.45,31,0.25,0.001808841617827943,92,0.014896264615520146,0.007448132307760073,0.017654294190000752,0.017364886766514737,-2.0816681711721685e-17,0.032261151382034885,0.028828333482915802,0.016882551653281286,-3.8163916471489756e-17,0.031778816268801434,0.028347602390726756,0.01640021654004778,-3.469446951953614e-18,0.023848348847807854,0.02044350799604988
development-scheduled_short-20240301-XRPUSDT-SHORT,development,scheduled_short,2024-03-01T00:00:00+0000,2024-02-29T00:00:00+0000,2024-04-01T00:00:00+0000,XRPUSDT,Payment,SHORT,0.4600603386025456,21,23,0.5872,0.6297,31,0.25,0.4257493188010899,92,0.010417985934175748,0.005208992967087874,-0.018094346049046306,-0.01840520265667575,-1.0408340855860843e-17,-0.007987216722500003,-0.011286187369637712,-0.018923307859332467,-6.245004513516506e-17,-0.008505321925156718,-0.01180256959665893,-0.019441413061989127,-1.734723475976807e-17,-0.014232420094901253,-0.017510622115910035
development-scheduled_short-20240301-ZECUSDT-SHORT,development,scheduled_short,2024-03-01T00:00:00+0000,2024-02-29T00:00:00+0000,2024-04-01T00:00:00+0000,ZECUSDT,PoW,SHORT,0.8104741750304353,22,23,27.95,30.5,31,0.25,0.008944543828264758,92,0.00988772152559188,0.00494386076279594,-0.022808586762075145,-0.02312227191413241,-2.42861286636753e-17,-0.013234550388540529,-0.016516070857583887,-0.023645094186046545,-5.551115123125783e-17,-0.013757372660454665,-0.01703715446709586,-0.02416791645796068,-2.0816681711721685e-17,-0.019224055695164742,-0.02248565787028034
development-scheduled_short-20240301-ZILUSDT-SHORT,development,scheduled_short,2024-03-01T00:00:00+0000,2024-02-29T00:00:00+0000,2024-04-01T00:00:00+0000,ZILUSDT,PoW,SHORT,0.6576858606884234,23,23,0.02782,0.03896,31,0.25,8.986340762041696,92,0.01234006162849928,0.00617003081424964,-0.10010783608914448,-0.10046790079079798,-1.3877787807814457e-17,-0.0881278391622987,-0.09116029957334981,-0.1010680686915888,-1.3877787807814457e-17,-0.08872800706308952,-0.09175847159634398,-0.10166823659237958,0.0,-0.09549820577812995,-0.09850615579623634
development-scheduled_short-20240401-1000XECUSDT-SHORT,development,scheduled_short,2024-04-01T00:00:00+0000,2024-03-31T00:00:00+0000,2024-05-01T00:00:00+0000,1000XECUSDT,Payment,SHORT,1.2967289323601265,1,25,0.06787,0.04657,30,0.25,3.683512597613084,89,0.0018956093954015031,0.0007102863499090173,0.07845881832915869,0.07820589362015617,-1.3877787807814457e-17,0.08010150301555768,0.07662527196323232,0.07778439951377636,0.0,0.07968000890917787,0.07620513440611831,0.07736290540739652,0.0,0.07807319175730554,0.07460348868273026
development-scheduled_short-20240401-DASHUSDT-SHORT,development,scheduled_short,2024-04-01T00:00:00+0000,2024-03-31T00:00:00+0000,2024-05-01T00:00:00+0000,DASHUSDT,PoW,SHORT,0.7815547776888189,7,25,40.07,28.03,30,0.25,0.006239081607187422,89,0.0018173175826737059,0.0009046708234370075,0.07511854255053654,0.07486361367606686,-1.3877787807814457e-17,0.07668093125874056,0.07321570907708574,0.07443877728974296,0.0,0.07625609487241666,0.07279223999692164,0.07401394090341903,1.3877787807814457e-17,0.07491861172685604,0.0714590614472066
development-scheduled_short-20240501-AAVEUSDT-SHORT,development,scheduled_short,2024-05-01T00:00:00+0000,2024-04-30T00:00:00+0000,2024-06-01T00:00:00+0000,AAVEUSDT,DeFi,SHORT,0.993396827749198,2,25,83.29,103.82,31,0.25,0.0030015608116220433,92,0.001808429958606185,0.0007460209793680707,-0.06162204346260053,-0.06195901668867812,-5.551115123125783e-17,-0.06015058673007193,-0.06327608640041205,-0.06252067570536671,1.3877787807814457e-17,-0.06071224574676052,-0.06383587760184573,-0.06308233472205543,-1.3877787807814457e-17,-0.06233631374268736,-0.06545454470704026
development-scheduled_short-20240501-AVAXUSDT-SHORT,development,scheduled_short,2024-05-01T00:00:00+0000,2024-04-30T00:00:00+0000,2024-06-01T00:00:00+0000,AVAXUSDT,Layer-1,SHORT,1.0198438916204369,3,25,32.68,36.049,31,0.25,0.007649938800489596,92,0.0021545209651134475,0.0010627940293077129,-0.025772643818849472,-0.026088107405140754,3.469446951953614e-18,-0.023933586440027306,-0.02717952691808523,-0.026613895512545865,1.3877787807814457e-17,-0.024459374547432418,-0.02770356650010619,-0.027139683619950977,2.42861286636753e-17,-0.026076889590643266,-0.029315702444641323
development-scheduled_short-20240501-BCHUSDT-SHORT,development,scheduled_short,2024-05-01T00:00:00+0000,2024-04-30T00:00:00+0000,2024-06-01T00:00:00+0000,BCHUSDT,Payment,SHORT,1.3804164289700507,4,25,433.58,454.57,31,0.25,0.0005765948613865953,92,-0.0026487636637116787,-0.004225370127266331,-0.012102726140504616,-0.01240998777618893,1.5612511283791264e-17,-0.015058751439900608,-0.018334205469252574,-0.012922097763965051,4.683753385137379e-17,-0.01557086142767673,-0.018844612418674522,-0.01343420775174134,-2.2551405187698492e-17,-0.01765957787900767,-0.020926382775782293
development-scheduled_short-20240501-BNBUSDT-SHORT,development,scheduled_short,2024-05-01T00:00:00+0000,2024-04-30T00:00:00+0000,2024-06-01T00:00:00+0000,BNBUSDT,Layer-1,SHORT,0.7212672395077994,5,25,577.72,594.03,31,0.25,0.0004327355812504327,92,-0.002254371733812532,-0.003909325240798863,-0.0070579173301945075,-0.007362152080592682,-3.122502256758253e-17,-0.009616523814405213,-0.012910076148027305,-0.007869214232673255,-2.2551405187698492e-17,-0.010123585966485786,-0.013415452048494703,-0.008376276384753828,-1.3877787807814457e-17,-0.01228560162555269,-0.015570277854448755
development-scheduled_short-20240501-CRVUSDT-SHORT,development,scheduled_short,2024-05-01T00:00:00+0000,2024-04-30T00:00:00+0000,2024-06-01T00:00:00+0000,CRVUSDT,DeFi,SHORT,1.0413038025820094,6,25,0.408,0.462,31,0.25,0.6127450980392157,92,0.0023384449549285545,0.0011636552035427085,-0.033088235294117696,-0.0334080882352942,-5.551115123125783e-17,-0.03106964328036565,-0.03429185257022782,-0.03394119632352946,-2.7755575615628914e-17,-0.031602751368600905,-0.03482318779024551,-0.03447430441176472,0.0,-0.03331064920822201,-0.03652540596027343
development-scheduled_short-20240501-ENSUSDT-SHORT,development,scheduled_short,2024-05-01T00:00:00+0000,2024-04-30T00:00:00+0000,2024-06-01T00:00:00+0000,ENSUSDT,Infrastructure,SHORT,1.1815933252397663,8,25,14.587,25.855,31,0.25,0.01713854802221156,92,0.002688351538351233,0.0013291212733162999,-0.19311715911427985,-0.19353302940974845,-2.7755575615628914e-17,-0.19084467787139722,-0.19353555010779944,-0.1942262624391581,2.7755575615628914e-17,-0.19153791090080688,-0.19422647776831237,-0.1949194954685679,2.7755575615628914e-17,-0.1935903741952516,-0.1962721155295818
development-scheduled_short-20240501-ETCUSDT-SHORT,development,scheduled_short,2024-05-01T00:00:00+0000,2024-04-30T00:00:00+0000,2024-06-01T00:00:00+0000,ETCUSDT,PoW,SHORT,0.8921114888108813,9,25,25.418,29.619,31,0.25,0.009835549610512235,92,0.0025184901845632067,0.0012587345477702776,-0.0413191439137619,-0.04164393540011016,-6.938893903907228e-18,-0.03912544521554695,-0.04232086467510521,-0.04218527933551022,6.938893903907228e-18,-0.03966678915094701,-0.04286040835371119,-0.04272662327091037,2.7755575615628914e-17,-0.04146788872314009,-0.044655518310930176
development-scheduled_short-20240501-HBARUSDT-SHORT,development,scheduled_short,2024-05-01T00:00:00+0000,2024-04-30T00:00:00+0000,2024-06-01T00:00:00+0000,HBARUSDT,Layer-1,SHORT,1.5438697827518286,10,25,0.09368,0.10018,31,0.25,2.66865926558497,92,0.0016604891173422822,0.00037208077181161934,-0.017346285226302327,-0.017656692997438106,-3.469446951953614e-18,-0.015996203880095823,-0.01926854038098902,-0.018174049690435512,0.0,-0.01651356057309323,-0.019784176587544167,-0.018691406383432946,1.3877787807814457e-17,-0.018319325611621327,-0.021583936495938594
development-scheduled_short-20240501-KAVAUSDT-SHORT,development,scheduled_short,2024-05-01T00:00:00+0000,2024-04-30T00:00:00+0000,2024-06-01T00:00:00+0000,KAVAUSDT,DeFi,SHORT,0.9774277204087022,11,25,0.6454,0.6538,31,0.25,0.38735667802912926,92,0.0019330193961559889,0.0007942612023697515,-0.0032537960954447387,-0.003555748373101991,-9.974659986866641e-18,-0.0016227289769460023,-0.004942864934259772,-0.004059004121475113,-5.0306980803327406e-17,-0.002125984725319124,-0.0054444470893385555,-0.004562259869848179,6.938893903907228e-18,-0.0037679986674784274,-0.007081000460940068
development-scheduled_short-20240501-LINKUSDT-SHORT,development,scheduled_short,2024-05-01T00:00:00+0000,2024-04-30T00:00:00+0000,2024-06-01T00:00:00+0000,LINKUSDT,Infrastructure,SHORT,0.8062142498829786,12,25,13.123,18.421,31,0.25,0.01905052198430237,92,0.0023744355866563743,0.001109092047631519,-0.10092966547283394,-0.10129022327211767,-2.7755575615628914e-17,-0.0989157876854613,-0.10191237242422191,-0.10189121349538977,-4.163336342344337e-17,-0.0995167779087334,-0.10251136403503747,-0.10249220371866191,-1.3877787807814457e-17,-0.1013831116710304,-0.10437149124394784
development-scheduled_short-20240501-LTCUSDT-SHORT,development,scheduled_short,2024-05-01T00:00:00+0000,2024-04-30T00:00:00+0000,2024-06-01T00:00:00+0000,LTCUSDT,Payment,SHORT,0.9023028615461147,13,25,79.42,83.25,31,0.25,0.003147821707378494,92,0.0021557567792791,0.0010595962336009035,-0.012056157139259616,-0.01236339083354318,3.469446951953614e-18,-0.010207634054264081,-0.013499220631634334,-0.012875454224376692,6.938893903907228e-18,-0.010719697445097593,-0.014009581139073357,-0.013387517615210287,-2.6020852139652106e-17,-0.012327921381609383,-0.01561245687478574
development-scheduled_short-20240501-NEARUSDT-SHORT,development,scheduled_short,2024-05-01T00:00:00+0000,2024-04-30T00:00:00+0000,2024-06-01T00:00:00+0000,NEARUSDT,Layer-1,SHORT,1.469899704474035,14,25,6.186,7.251,31,0.25,0.0404138376980278,92,0.0025158159175561827,0.0012522777537127665,-0.04304073714839962,-0.04336656159068866,0.0,-0.04085074567313248,-0.04404042759012772,-0.043909628152279306,0.0,-0.041393812234723125,-0.04458168816627517,-0.044452694713870006,4.85722573273506e-17,-0.04320041696015724,-0.04638228496916963
development-scheduled_short-20240501-RUNEUSDT-SHORT,development,scheduled_short,2024-05-01T00:00:00+0000,2024-04-30T00:00:00+0000,2024-06-01T00:00:00+0000,RUNEUSDT,DeFi,SHORT,1.353955408144146,15,25,4.831,6.081,31,0.25,0.05174912026495549,92,0.002661709627629688,0.0013065194379148545,-0.06468640033119438,-0.0650252121713931,-1.3877787807814457e-17,-0.062363502543763404,-0.06548164309087756,-0.06558993738356445,0.0,-0.06292822775593476,-0.06604449029106152,-0.06615466259573588,-4.163336342344337e-17,-0.06484814315782103,-0.06795802095208303
development-scheduled_short-20240501-SNXUSDT-SHORT,development,scheduled_short,2024-05-01T00:00:00+0000,2024-04-30T00:00:00+0000,2024-06-01T00:00:00+0000,SNXUSDT,DeFi,SHORT,1.0309176669020197,16,25,2.646,2.842,31,0.25,0.0944822373393802,92,0.0017647586511950588,0.0007332282479955358,-0.018518518518518545,-0.01882962962962967,-2.0816681711721685e-17,-0.01706487097843461,-0.020333653592272682,-0.019348159259259284,-3.469446951953614e-17,-0.017583400608064226,-0.020850458834821173,-0.019866688888888928,-3.469446951953614e-17,-0.019133460640893392,-0.022395364092796854
development-scheduled_short-20240501-SOLUSDT-SHORT,development,scheduled_short,2024-05-01T00:00:00+0000,2024-04-30T00:00:00+0000,2024-06-01T00:00:00+0000,SOLUSDT,Layer-1,SHORT,0.9090979133570791,17,25,126.685,165.761,31,0.25,0.0019733985870466117,92,0.0021684595988860924,0.0010377144093928106,-0.07711252318743339,-0.07745879070134584,0.0,-0.07529033110245975,-0.07836548306243607,-0.07803594949204712,2.7755575615628914e-17,-0.07586748989316103,-0.07894072249288187,-0.07861310828274862,-5.551115123125783e-17,-0.07757539387335581,-0.08064294678306272
development-scheduled_short-20240501-TRXUSDT-SHORT,development,scheduled_short,2024-05-01T00:00:00+0000,2024-04-30T00:00:00+0000,2024-06-01T00:00:00+0000,TRXUSDT,Layer-1,SHORT,0.390380076259737,18,25,0.11954,0.11211,31,0.25,2.0913501756734147,92,-0.0001403716097726702,-0.0013670246076847709,0.015538731805253447,0.0152480550443366,-8.673617379884035e-18,0.01510768343456393,0.011731909948792474,0.014763603099380962,-1.0408340855860843e-17,0.014623231489608292,0.011249069064473538,0.014279151154425268,-1.3877787807814457e-17,0.012912126546740498,0.009543654456524608
development-scheduled_short-20240501-UNIUSDT-SHORT,development,scheduled_short,2024-05-01T00:00:00+0000,2024-04-30T00:00:00+0000,2024-06-01T00:00:00+0000,UNIUSDT,DeFi,SHORT,1.301149001851241,19,25,7.031,9.967,31,0.25,0.035556819798037265,92,0.0023519839904853437,0.0011087352613175828,-0.10439482292703745,-0.10475745982079368,-1.3877787807814457e-17,-0.10240547583030833,-0.10539045549809456,-0.10536191728061448,-5.551115123125783e-17,-0.10300993329012913,-0.10599290281505125,-0.10596637474043522,0.0,-0.10485763947911764,-0.10783446439725164
development-scheduled_short-20240501-VETUSDT-SHORT,development,scheduled_short,2024-05-01T00:00:00+0000,2024-04-30T00:00:00+0000,2024-06-01T00:00:00+0000,VETUSDT,Layer-1,SHORT,1.007081434671659,20,25,0.036008,0.033973,31,0.25,6.9429015774272385,92,0.002071882433202344,0.000980004666737253,0.014128804710064391,0.013837281992890443,8.673617379884035e-18,0.015909164426092786,0.012530725589319891,0.013351419274883314,-3.2959746043559335e-17,0.015423301708085658,0.01204647862352104,0.012865556556876212,-1.734723475976807e-18,0.013845561223613466,0.010473984966141048
development-scheduled_short-20240501-XLMUSDT-SHORT,development,scheduled_short,2024-05-01T00:00:00+0000,2024-04-30T00:00:00+0000,2024-06-01T00:00:00+0000,XLMUSDT,Layer-2,SHORT,0.7279504164501238,21,25,0.10767,0.10631,31,0.25,2.3219095384043835,92,0.0008918956266727035,-6.612984065524274e-05,0.0031577969722299537,0.0028596916504132763,-2.3852447794681098e-17,0.00375158727708598,0.0004135788569679111,0.0023628513420637376,-1.734723475976807e-18,0.003254746968736441,-8.16091928408369e-05,0.001866011033714171,2.3852447794681098e-17,0.0017998811930589284,-0.001531636765251032
development-scheduled_short-20240501-XMRUSDT-SHORT,development,scheduled_short,2024-05-01T00:00:00+0000,2024-04-30T00:00:00+0000,2024-06-01T00:00:00+0000,XMRUSDT,PoW,SHORT,1.163351681824924,22,25,119.39,148.37,31,0.25,0.002093977720077058,92,0.001982144294308427,0.000698692757788168,-0.060683474327833165,-0.06101988441242989,-3.469446951953614e-17,-0.05903774011812146,-0.06216694059592043,-0.06158060429684217,4.163336342344337e-17,-0.05959846000253374,-0.0627257957881926,-0.062141324181254676,4.85722573273506e-17,-0.06144263142346651,-0.06456383435732294
development-scheduled_short-20240501-XRPUSDT-SHORT,development,scheduled_short,2024-05-01T00:00:00+0000,2024-04-30T00:00:00+0000,2024-06-01T00:00:00+0000,XRPUSDT,Payment,SHORT,0.7516893425052181,23,25,0.5003,0.5179,31,0.25,0.4997001798920648,92,0.002069598313698131,0.0010086389952825554,-0.00879472316610036,-0.009100000000000025,6.938893903907228e-18,-0.007030401686301894,-0.010332554252838522,-0.0096088,1.3877787807814457e-17,-0.00753920168630187,-0.01083966222195587,-0.01011760000000006,-5.204170427930421e-18,-0.009108961004717505,-0.0124042012549056
development-scheduled_short-20240501-ZECUSDT-SHORT,development,scheduled_short,2024-05-01T00:00:00+0000,2024-04-30T00:00:00+0000,2024-06-01T00:00:00+0000,ZECUSDT,PoW,SHORT,0.9091565460897696,24,25,21.34,26.99,31,0.25,0.011715089034676664,92,0.002476608006189344,0.0012205073631392175,-0.06619025304592313,-0.0665299671977507,-1.3877787807814457e-17,-0.06405335919156135,-0.06716588006565016,-0.06709619716494841,-1.3877787807814457e-17,-0.06461958915875907,-0.06773022701674891,-0.06766242713214618,1.3877787807814457e-17,-0.06644191976900696,-0.06954649740751784
development-scheduled_short-20240501-ZILUSDT-SHORT,development,scheduled_short,2024-05-01T00:00:00+0000,2024-04-30T00:00:00+0000,2024-06-01T00:00:00+0000,ZILUSDT,PoW,SHORT,1.015697387406426,25,25,0.02276,0.02367,31,0.25,10.984182776801406,92,0.0023427437975318544,0.0011712773579047673,-0.009995606326889284,-0.010301603690685418,6.938893903907228e-18,-0.007958859893153564,-0.011257924841845957,-0.010811605294376053,1.9081958235744878e-17,-0.008468861496844199,-0.011766230418681967,-0.0113216068980668,-1.734723475976807e-18,-0.010150329540162033,-0.013442106685550348
development-scheduled_short-20240701-AAVEUSDT-SHORT,development,scheduled_short,2024-07-01T00:00:00+0000,2024-06-30T00:00:00+0000,2024-08-01T00:00:00+0000,AAVEUSDT,DeFi,SHORT,0.8904044242261766,1,20,97.42,107.44,31,0.25,0.0025662081708068157,92,0.0013926456587061852,0.0004629271695984568,-0.025713405871484296,-0.026028833915007182,-1.0408340855860843e-17,-0.024636188256300998,-0.02787979220925807,-0.026554562748922123,1.3877787807814457e-17,-0.025161917090215938,-0.028403772714904796,-0.027080291582837174,-3.469446951953614e-18,-0.02661736441323872,-0.029854379900705497
development-scheduled_short-20240701-AVAXUSDT-SHORT,development,scheduled_short,2024-07-01T00:00:00+0000,2024-06-30T00:00:00+0000,2024-08-01T00:00:00+0000,AVAXUSDT,Layer-1,SHORT,0.9019706711852296,2,20,29.357,25.691,31,0.25,0.008515856524849269,92,8.904364797835697e-05,-0.000841217331015712,0.031219130020097435,0.030937861498109454,-2.42861286636753e-17,0.03102690514608781,0.027598191772810088,0.030469099359607593,-3.469446951953614e-18,0.03055814300758595,0.027130988517985122,0.030000337221105733,2.0816681711721685e-17,0.02915911989009002,0.025736617897188063
development-scheduled_short-20240701-BCHUSDT-SHORT,development,scheduled_short,2024-07-01T00:00:00+0000,2024-06-30T00:00:00+0000,2024-08-01T00:00:00+0000,BCHUSDT,Payment,SHORT,0.7849288866289097,3,20,393.76,413.81,31,0.25,0.0006349045103616417,92,-0.0022092191355866106,-0.003602673817681641,-0.012729835432750913,-0.01303747333401059,-1.734723475976807e-17,-0.0152466924695972,-0.018521521494966553,-0.013550210807344532,1.5612511283791264e-17,-0.01575942994293114,-0.019032553843222666,-0.014062948280678639,-1.214306433183765e-17,-0.01766562209836028,-0.020932406894887734
development-scheduled_short-20240701-BNBUSDT-SHORT,development,scheduled_short,2024-07-01T00:00:00+0000,2024-06-30T00:00:00+0000,2024-08-01T00:00:00+0000,BNBUSDT,Layer-1,SHORT,0.4820485152708986,4,20,582.64,576.79,31,0.25,0.00042908142249073185,92,7.241746817073943e-05,3.620873408536972e-05,0.002510126321570799,0.002211632397363744,1.0842021724855044e-17,0.0022840498655344837,-0.0010490782113803387,0.001714144029761111,-1.6479873021779667e-17,0.0017865614979318504,-0.001544912165300505,0.0012166556621584224,-1.5178830414797062e-18,0.0012528643962437921,-0.0020768344399876293
development-scheduled_short-20240701-CRVUSDT-SHORT,development,scheduled_short,2024-07-01T00:00:00+0000,2024-06-30T00:00:00+0000,2024-08-01T00:00:00+0000,CRVUSDT,DeFi,SHORT,1.030946207082576,5,20,0.286,0.261,31,0.25,0.8741258741258742,92,0.0015753281804768355,0.0005466808977735578,0.02185314685314682,0.021566258741258698,-1.3877787807814457e-17,0.023141586921735534,0.01973909642965843,0.021088124999999958,-4.5102810375396984e-17,0.022663453180476793,0.019262552737645322,0.02060999125874119,-6.938893903907228e-18,0.021156672156514747,0.01776078256279101
development-scheduled_short-20240701-ENSUSDT-SHORT,development,scheduled_short,2024-07-01T00:00:00+0000,2024-06-30T00:00:00+0000,2024-08-01T00:00:00+0000,ENSUSDT,Infrastructure,SHORT,1.4032303123506253,6,20,30.685,25.393,31,0.25,0.008147303242626691,92,0.0014943667292338222,0.0006881577761248025,0.043115528759980426,0.042841398077236414,-6.938893903907228e-18,0.04433576480647024,0.04086279238924995,0.042384539475313676,-2.0816681711721685e-17,0.0438789062045475,0.04040745308540794,0.04192768087339091,6.938893903907228e-18,0.042615838649515715,0.03914858590244763
development-scheduled_short-20240701-ETCUSDT-SHORT,development,scheduled_short,2024-07-01T00:00:00+0000,2024-06-30T00:00:00+0000,2024-08-01T00:00:00+0000,ETCUSDT,PoW,SHORT,0.8046761942868763,7,20,23.673,21.757,31,0.25,0.010560554217885355,92,0.0012971444926495694,0.0004016302382184177,0.020234021881468306,0.01994616229459717,-1.734723475976807e-17,0.02124330678724674,0.017847129087251945,0.01946640845689182,-6.938893903907228e-18,0.02076355294954139,0.01736897068647525,0.01898665461918639,-3.469446951953614e-18,0.019388284857404806,0.01599827609293114
development-scheduled_short-20240701-HBARUSDT-SHORT,development,scheduled_short,2024-07-01T00:00:00+0000,2024-06-30T00:00:00+0000,2024-08-01T00:00:00+0000,HBARUSDT,Layer-1,SHORT,1.404164162227141,8,20,0.07665,0.06287,31,0.25,3.2615786040443577,92,0.0013276479780887152,0.0004832162813020222,0.04494455316373125,0.04467151989562948,-6.938893903907228e-18,0.045999167873718196,0.04252066375571162,0.044216491415525166,2.0816681711721685e-17,0.04554413939361388,0.04206714848755855,0.04376146293542077,6.938893903907228e-18,0.044244679216722795,0.0407720097075821
development-scheduled_short-20240701-LINKUSDT-SHORT,development,scheduled_short,2024-07-01T00:00:00+0000,2024-06-30T00:00:00+0000,2024-08-01T00:00:00+0000,LINKUSDT,Infrastructure,SHORT,0.7707096210219826,9,20,14.276,12.822,31,0.25,0.017511908097506305,92,0.0014034597043534832,0.0006231450038078357,0.025462314373774164,0.02517759176239842,-2.0816681711721685e-17,0.026581051466751906,0.023167122923908545,0.02470306935416086,-3.469446951953614e-18,0.026106529058514346,0.02269417855531164,0.024228546945923246,-6.938893903907228e-18,0.02485169194973108,0.021443514447984313
development-scheduled_short-20240701-LTCUSDT-SHORT,development,scheduled_short,2024-07-01T00:00:00+0000,2024-06-30T00:00:00+0000,2024-08-01T00:00:00+0000,LTCUSDT,Payment,SHORT,0.6042275322974863,10,20,75.27,70.1,31,0.25,0.0033213763783711972,92,0.0011501551273154385,0.0004503678193887113,0.0171715158761791,0.0168818187857048,-3.469446951953614e-18,0.01803197391302024,0.014646475604529918,0.01639900060449051,3.469446951953614e-18,0.01754915573180595,0.014165263050818222,0.015916182423276137,-3.122502256758253e-17,0.016366550242664847,0.01298659035454186
development-scheduled_short-20240701-NEARUSDT-SHORT,development,scheduled_short,2024-07-01T00:00:00+0000,2024-06-30T00:00:00+0000,2024-08-01T00:00:00+0000,NEARUSDT,Layer-1,SHORT,1.0280004715331663,11,20,5.303,4.988,31,0.25,0.047143126532151615,92,0.0015092656655112534,0.0005683462017694726,0.014850084857627732,0.014558994908542289,-2.2551405187698492e-17,0.01606826057405354,0.012689292657886764,0.014073853903450895,-2.0816681711721685e-17,0.015583119568962148,0.012205765004923874,0.013588712898359362,-3.122502256758253e-17,0.014157059100128835,0.010784446946376924
development-scheduled_short-20240701-RUNEUSDT-SHORT,development,scheduled_short,2024-07-01T00:00:00+0000,2024-06-30T00:00:00+0000,2024-08-01T00:00:00+0000,RUNEUSDT,DeFi,SHORT,0.9923760625471855,12,20,4.154,4.239,31,0.25,0.0601829561868079,92,0.0018653755273618142,0.0008704502358047938,-0.005115551275878649,-0.005418620606644192,4.336808689942018e-18,-0.003553245079282378,-0.006866961042758524,-0.005923739227250757,2.2551405187698492e-17,-0.0040583636998889425,-0.007370399875028966,-0.0064288578478575165,6.071532165918825e-18,-0.005558407612052722,-0.008865455342568773
development-scheduled_short-20240701-SNXUSDT-SHORT,development,scheduled_short,2024-07-01T00:00:00+0000,2024-06-30T00:00:00+0000,2024-08-01T00:00:00+0000,SNXUSDT,DeFi,SHORT,0.9130498533452459,13,20,1.994,1.646,31,0.25,0.12537612838515547,92,0.0013433338753312063,0.0004460550245571527,0.043630892678034106,0.04335707121364091,-2.7755575615628914e-17,0.04470040508897211,0.04122622004867993,0.04290072828485458,-6.938893903907228e-18,0.04424406216018579,0.04077139470308655,0.042444385356068204,1.3877787807814457e-17,0.04289044038062536,0.03942227443660462
development-scheduled_short-20240701-SOLUSDT-SHORT,development,scheduled_short,2024-07-01T00:00:00+0000,2024-06-30T00:00:00+0000,2024-08-01T00:00:00+0000,SOLUSDT,Layer-1,SHORT,0.8297953864075537,14,20,146.582,171.632,31,0.25,0.001705530010506065,92,0.0016082973566896531,0.0007130002848086064,-0.04272352676317692,-0.04304916087923491,-5.551115123125783e-17,-0.04144086352254526,-0.04462858298351535,-0.043591910040114035,2.7755575615628914e-17,-0.04198361268342438,-0.045169527214477645,-0.044134659200993354,-3.469446951953614e-17,-0.04342165891618475,-0.04660279117790522
development-scheduled_short-20240701-TRXUSDT-SHORT,development,scheduled_short,2024-07-01T00:00:00+0000,2024-06-30T00:00:00+0000,2024-08-01T00:00:00+0000,TRXUSDT,Layer-1,SHORT,0.2958346358609719,15,20,0.12461,0.12854,31,0.25,2.006259529732766,92,-0.0016411509182358958,-0.003457345593252648,-0.007884599951849758,-0.00818933071182093,-7.28583859910259e-17,-0.009830481630056826,-0.01312332244003167,-0.008697220042532622,1.734723475976807e-17,-0.010338370960768518,-0.013629522768320967,-0.009205109373244452,2.0816681711721685e-17,-0.012662454966497101,-0.015945877957399546
development-scheduled_short-20240701-UNIUSDT-SHORT,development,scheduled_short,2024-07-01T00:00:00+0000,2024-06-30T00:00:00+0000,2024-08-01T00:00:00+0000,UNIUSDT,DeFi,SHORT,1.170858384373115,16,20,9.291,7.166,31,0.25,0.026907760198041114,92,0.0014740001728295983,0.0006922124270446804,0.05717899042083738,0.05691329781508986,-1.3877787807814457e-17,0.05838729798791946,0.054867596741903446,0.05647051111290499,-1.3877787807814457e-17,0.05794451128573459,0.05442628254124093,0.056027724410720015,-1.3877787807814457e-17,0.056719936837764696,0.053205780455267915
development-scheduled_short-20240701-VETUSDT-SHORT,development,scheduled_short,2024-07-01T00:00:00+0000,2024-06-30T00:00:00+0000,2024-08-01T00:00:00+0000,VETUSDT,Layer-1,SHORT,0.736420408256755,17,20,0.026765,0.026218,31,0.25,9.340556697179151,92,0.002066626621599103,0.0009418329318634411,0.0051092845133569875,0.004812350084064998,-8.673617379884035e-19,0.006878976705664101,0.0035305680506891868,0.004317462434149072,2.6020852139652106e-18,0.006384089055748175,0.0030373261656850836,0.003822574784233146,7.37257477290143e-18,0.0047644077160965866,0.00142303112879838
development-scheduled_short-20240701-XLMUSDT-SHORT,development,scheduled_short,2024-07-01T00:00:00+0000,2024-06-30T00:00:00+0000,2024-08-01T00:00:00+0000,XLMUSDT,Layer-2,SHORT,0.511676849286452,18,20,0.09117,0.10045,31,0.25,2.7421300866513105,92,0.0012266922980289567,0.00016092200306433034,-0.02544696720412415,-0.025762235384446663,-3.469446951953614e-17,-0.024535543086417706,-0.027779481738147593,-0.02628769761983102,2.7755575615628914e-17,-0.02506100532180206,-0.028303196531845876,-0.026813159855215596,-5.898059818321144e-17,-0.026652237852151265,-0.02988913736686727
development-scheduled_short-20240701-XMRUSDT-SHORT,development,scheduled_short,2024-07-01T00:00:00+0000,2024-06-30T00:00:00+0000,2024-08-01T00:00:00+0000,XMRUSDT,PoW,SHORT,0.576624765103471,19,20,168.24,157.62,31,0.25,0.0014859724203518782,92,0.0008141022018046394,-0.0005131850583515656,0.015781027104136952,0.015490495720399428,-5.204170427930421e-18,0.016304597922204067,0.012924844058529672,0.015006286216119852,-1.734723475976807e-17,0.01582038841792449,0.012442244808642533,0.014522076711840248,-1.214306433183765e-17,0.014008891653488682,0.01063677223538062
development-scheduled_short-20240701-XRPUSDT-SHORT,development,scheduled_short,2024-07-01T00:00:00+0000,2024-06-30T00:00:00+0000,2024-08-01T00:00:00+0000,XRPUSDT,Payment,SHORT,0.5215376926310475,20,20,0.476,0.6229,31,0.25,0.5252100840336135,92,0.0018430173803562504,0.0007985435072482931,-0.07715336134453782,-0.07749965336134454,1.3877787807814457e-17,-0.07565663598098829,-0.07873056978222459,-0.07807685301470588,1.3877787807814457e-17,-0.07623383563434963,-0.07930584993944023,-0.07865405266806721,2.7755575615628914e-17,-0.07785550916081892,-0.08092213053806308
development-scheduled_short-20240801-ZECUSDT-SHORT,development,scheduled_short,2024-08-01T00:00:00+0000,2024-07-31T00:00:00+0000,2024-09-01T00:00:00+0000,ZECUSDT,PoW,SHORT,0.7960918407041768,20,20,33.48,32.16,31,0.25,0.007467144563918758,92,0.001756217598019108,0.0004916780859553812,0.00985663082437277,0.00956254480286739,3.469446951953614e-18,0.011318762400886497,0.007955589094755133,0.009072407347670314,2.0816681711721685e-17,0.010828624945689421,0.00746708160754328,0.008582269892473099,5.204170427930421e-18,0.00907394797842848,0.0057182398753798935
development-scheduled_short-20240901-AAVEUSDT-SHORT,development,scheduled_short,2024-09-01T00:00:00+0000,2024-08-31T00:00:00+0000,2024-10-01T00:00:00+0000,AAVEUSDT,DeFi,SHORT,0.8261664184095037,1,20,129.59,156.62,30,0.25,0.0019291612007099313,89,6.872118859183316e-05,-0.0009776513398652594,-0.05214522725518944,-0.05247651439154258,-2.0816681711721685e-17,-0.05240779320295075,-0.055457552364485796,-0.05302869090593407,6.938893903907228e-18,-0.05295996971734224,-0.05600795173743234,-0.05358086742032564,-6.938893903907228e-18,-0.0545585187601909,-0.057601355962126566
development-scheduled_short-20240901-AVAXUSDT-SHORT,development,scheduled_short,2024-09-01T00:00:00+0000,2024-08-31T00:00:00+0000,2024-10-01T00:00:00+0000,AVAXUSDT,Layer-1,SHORT,0.8637322679779217,2,20,22.787,27.697,30,0.25,0.010971167771097556,89,2.2957073468769423e-05,-0.0009345150032890693,-0.05386843375608902,-0.054200754816342706,-4.85722573273506e-17,-0.054177797742873936,-0.05722186026874343,-0.05475465557115897,0.0,-0.0547316984976902,-0.05777397833276776,-0.05530855632597531,1.3877787807814457e-17,-0.05624307132926438,-0.059280486916718944
development-scheduled_short-20240901-BCHUSDT-SHORT,development,scheduled_short,2024-09-01T00:00:00+0000,2024-08-31T00:00:00+0000,2024-10-01T00:00:00+0000,BCHUSDT,Payment,SHORT,0.7799827715766088,3,20,322.06,336.92,30,0.25,0.0007762528721356269,89,-0.002144049619454949,-0.003439899562099228,-0.011535117679935425,-0.011842038750543377,1.214306433183765e-17,-0.013986088369998326,-0.017159505098022,-0.012353580789293911,8.673617379884035e-18,-0.01449763040874886,-0.017669400774542043,-0.012865122828044417,3.469446951953614e-17,-0.016305022390143645,-0.019470975791408995
development-scheduled_short-20240901-BNBUSDT-SHORT,development,scheduled_short,2024-09-01T00:00:00+0000,2024-08-31T00:00:00+0000,2024-10-01T00:00:00+0000,BNBUSDT,Layer-1,SHORT,0.605624225560262,4,20,532.84,567.65,30,0.25,0.00046918399519555587,89,-0.00028770846718529166,-0.00046634387430094623,-0.01633229487275728,-0.016642094249680967,-3.8163916471489756e-17,-0.016929802716866258,-0.020093745306400956,-0.01715843634393055,2.42861286636753e-17,-0.01744614481111584,-0.02060842558977749,-0.017674778438180383,-5.898059818321144e-17,-0.018141122312481328,-0.021301166354721235
development-scheduled_short-20240901-CRVUSDT-SHORT,development,scheduled_short,2024-09-01T00:00:00+0000,2024-08-31T00:00:00+0000,2024-10-01T00:00:00+0000,CRVUSDT,DeFi,SHORT,1.2116319269548435,5,20,0.284,0.278,30,0.25,0.8802816901408451,89,0.0016957178862681342,0.0006097266834792255,0.005281690140845036,0.004984859154929522,-1.214306433183765e-17,0.0066805770411976564,0.0034406460977509656,0.004490144014084485,-2.168404344971009e-17,0.00618586190035262,0.002947523162943666,0.003995428873239365,-1.5612511283791264e-17,0.00460515555671859,0.0013719042119861857
development-scheduled_short-20240901-ENSUSDT-SHORT,development,scheduled_short,2024-09-01T00:00:00+0000,2024-08-31T00:00:00+0000,2024-10-01T00:00:00+0000,ENSUSDT,Infrastructure,SHORT,1.308260271528258,6,20,17.708,18.472,30,0.25,0.0141179128077705,89,0.0013204448401986462,0.0005027518332686972,-0.010786085385136701,-0.0110925570363678,-1.734723475976807e-17,-0.009772112196169155,-0.01295909131142059,-0.011603349593404116,8.673617379884035e-18,-0.010282904753205471,-0.013468239918380864,-0.012114142150440543,-2.7755575615628914e-17,-0.011611390317171847,-0.014792449844588051
development-scheduled_short-20240901-ETCUSDT-SHORT,development,scheduled_short,2024-09-01T00:00:00+0000,2024-08-31T00:00:00+0000,2024-10-01T00:00:00+0000,ETCUSDT,PoW,SHORT,0.6041769737250157,7,20,18.397,19.455,30,0.25,0.013589172147632767,89,0.0011408832272197873,0.00028359674866647213,-0.014377344132195491,-0.014685970538674736,4.683753385137379e-17,-0.01354508731145495,-0.016719923370503986,-0.015200356509213447,-2.6020852139652106e-17,-0.01405947328199366,-0.017232653825816846,-0.015714742479752103,5.204170427930421e-17,-0.015431145731085632,-0.018599911643184086
development-scheduled_short-20240901-HBARUSDT-SHORT,development,scheduled_short,2024-09-01T00:00:00+0000,2024-08-31T00:00:00+0000,2024-10-01T00:00:00+0000,HBARUSDT,Layer-1,SHORT,0.7291121584395162,8,20,0.04993,0.05741,30,0.25,5.007009813739235,89,0.0009353199309703585,-0.00016147208307230117,-0.03745243340676946,-0.03777490486681359,-5.551115123125783e-17,-0.03683958493584323,-0.03993944928550752,-0.03831237977168034,-3.469446951953614e-17,-0.03737705984070998,-0.04047519436503,-0.03884985467654717,1.3877787807814457e-17,-0.03901132675961947,-0.04210420151030214
development-scheduled_short-20240901-LINKUSDT-SHORT,development,scheduled_short,2024-09-01T00:00:00+0000,2024-08-31T00:00:00+0000,2024-10-01T00:00:00+0000,LINKUSDT,Infrastructure,SHORT,0.799406732682748,9,20,11.009,11.843,30,0.25,0.022708692887637386,89,0.001279769785105282,0.0005147101872701608,-0.018939049868289592,-0.01925041329821056,-1.3877787807814457e-17,-0.01797064351310528,-0.021131236229423145,-0.019769363711508753,-3.122502256758253e-17,-0.01848959392640347,-0.02164851643715604,-0.020288314124806944,-3.469446951953614e-18,-0.019773603937536785,-0.02292839395198254
development-scheduled_short-20240901-LTCUSDT-SHORT,development,scheduled_short,2024-09-01T00:00:00+0000,2024-08-31T00:00:00+0000,2024-10-01T00:00:00+0000,LTCUSDT,Payment,SHORT,0.6084177436451131,10,20,64.93,66.78,30,0.25,0.0038503003234252268,89,0.0010336081455812145,0.00041422185878198253,-0.007123055598336647,-0.007427329431695634,1.5612511283791264e-17,-0.006393721286114419,-0.00959157351593476,-0.007934456761127334,5.204170427930421e-18,-0.0069008486155461195,-0.010097068691568789,-0.008441584090559007,1.9081958235744878e-17,-0.008027362231777024,-0.011219956702611111
development-scheduled_short-20240901-NEARUSDT-SHORT,development,scheduled_short,2024-09-01T00:00:00+0000,2024-08-31T00:00:00+0000,2024-10-01T00:00:00+0000,NEARUSDT,Layer-1,SHORT,0.9760359714622594,11,20,4.03,5.283,30,0.25,0.06203473945409429,89,0.0017942967304503908,0.0008002650485482104,-0.07772952853598014,-0.07807616625310174,0.0,-0.07628186952265134,-0.07925479164135629,-0.0786539424193548,1.3877787807814457e-17,-0.07685964568890441,-0.07983070827547745,-0.07923171858560801,-5.551115123125783e-17,-0.0784314535370598,-0.08139745737014104
development-scheduled_short-20240901-RUNEUSDT-SHORT,development,scheduled_short,2024-09-01T00:00:00+0000,2024-08-31T00:00:00+0000,2024-10-01T00:00:00+0000,RUNEUSDT,DeFi,SHORT,0.9486853945245453,12,20,3.922,5.061,30,0.25,0.06374298827129016,89,0.0016882818625763962,0.000658036802274793,-0.07260326364099945,-0.07294682559918411,-4.163336342344337e-17,-0.07125854373660771,-0.07424763307759175,-0.07351947242478327,-2.7755575615628914e-17,-0.07183119056220687,-0.07481843687948297,-0.07409211925038242,1.3877787807814457e-17,-0.07343408244810763,-0.07641616997009304
development-scheduled_short-20240901-SNXUSDT-SHORT,development,scheduled_short,2024-09-01T00:00:00+0000,2024-08-31T00:00:00+0000,2024-10-01T00:00:00+0000,SNXUSDT,DeFi,SHORT,0.912264572246746,13,20,1.333,1.578,30,0.25,0.18754688672168043,89,0.001390924780047712,0.0003270174650550263,-0.045948987246811734,-0.04627655663915983,-2.0816681711721685e-17,-0.044885631859112124,-0.04795960057018578,-0.04682253319579896,-6.938893903907228e-18,-0.04543160841575125,-0.04850381993950992,-0.04736850975243814,-6.938893903907228e-18,-0.047041492287383115,-0.050108522512634535
development-scheduled_short-20240901-SOLUSDT-SHORT,development,scheduled_short,2024-09-01T00:00:00+0000,2024-08-31T00:00:00+0000,2024-10-01T00:00:00+0000,SOLUSDT,Layer-1,SHORT,0.8532469300299782,14,20,135.266,152.428,30,0.25,0.001848210193248858,89,0.0008554137428710832,0.0002474093178696261,-0.03171898333653689,-0.03203801472653886,-3.469446951953614e-17,-0.031182600983667777,-0.03430067194004638,-0.03256975274126536,-1.3877787807814457e-17,-0.03171433899839428,-0.034830698593207976,-0.033101490755991975,-5.551115123125783e-17,-0.03285408143812235,-0.03596677285170535
development-scheduled_short-20240901-TRXUSDT-SHORT,development,scheduled_short,2024-09-01T00:00:00+0000,2024-08-31T00:00:00+0000,2024-10-01T00:00:00+0000,TRXUSDT,Layer-1,SHORT,0.4165044470955661,15,20,0.15759,0.15588,30,0.25,1.5863950758296845,89,-0.002260927963075861,-0.0041909609398311275,0.002712735579668779,0.002414363221016569,-2.0383000842727483e-17,0.0001534352579407078,-0.0030654885367460416,0.0019170775842376198,-1.3877787807814457e-17,-0.0003438503788382413,-0.003561173694525799,0.001419791947458643,9.107298248878237e-18,-0.0027711689923724846,-0.005980680153077733
development-scheduled_short-20240901-UNIUSDT-SHORT,development,scheduled_short,2024-09-01T00:00:00+0000,2024-08-31T00:00:00+0000,2024-10-01T00:00:00+0000,UNIUSDT,DeFi,SHORT,1.0289424152020425,16,20,5.938,7.388,30,0.25,0.04210171775008421,89,0.001274190833761692,0.00044307528908252996,-0.06104749073762211,-0.06138411923206469,-1.3877787807814457e-17,-0.060109928398302995,-0.06313489877706113,-0.06194520335129669,2.0816681711721685e-17,-0.060671012517535,-0.06369417708634584,-0.0625062874705288,2.7755575615628914e-17,-0.062063212181446274,-0.06508189605312886
development-scheduled_short-20240901-XLMUSDT-SHORT,development,scheduled_short,2024-09-01T00:00:00+0000,2024-08-31T00:00:00+0000,2024-10-01T00:00:00+0000,XLMUSDT,Layer-2,SHORT,0.5630363940341148,17,20,0.09251,0.09838,30,0.25,2.702410550210788,89,0.0009336814709593558,8.576904589747056e-05,-0.015863149929737308,-0.016172667819695147,2.0816681711721685e-17,-0.015238986348735791,-0.01840837071235024,-0.016688540487514836,2.7755575615628914e-17,-0.01575485901655548,-0.018922583080113076,-0.017204413155334525,2.7755575615628914e-17,-0.017118644109437055,-0.02028197892617356
development-scheduled_short-20240901-XMRUSDT-SHORT,development,scheduled_short,2024-09-01T00:00:00+0000,2024-08-31T00:00:00+0000,2024-10-01T00:00:00+0000,XMRUSDT,PoW,SHORT,0.5339028713800729,18,20,168.81,154.45,30,0.25,0.0014809549197322433,89,-0.0003237609291955313,-0.002344595829095479,0.021266512647355046,0.020979272554943446,-3.469446951953614e-18,0.020655511625747913,0.017370603333948686,0.02050055182749838,-3.469446951953614e-18,0.02017679089830285,0.016893423335642144,0.020021831100053372,1.0408340855860843e-17,0.017677235270957894,0.014401912353050106
development-scheduled_short-20240901-XRPUSDT-SHORT,development,scheduled_short,2024-09-01T00:00:00+0000,2024-08-31T00:00:00+0000,2024-10-01T00:00:00+0000,XRPUSDT,Payment,SHORT,0.7232826779729167,19,20,0.5661,0.6113,30,0.25,0.44161808867691216,89,0.0011673612227580375,0.000498527654528374,-0.0199611376081964,-0.020273114290761313,-3.469446951953614e-18,-0.019105753068003276,-0.02226269251370583,-0.020793087405052063,0.0,-0.019625726182294027,-0.02278099213093987,-0.02131306051934284,-1.734723475976807e-17,-0.020814532864814467,-0.023965972722399864
development-scheduled_short-20241001-VETUSDT-SHORT,development,scheduled_short,2024-10-01T00:00:00+0000,2024-09-30T00:00:00+0000,2024-11-01T00:00:00+0000,VETUSDT,Layer-1,SHORT,0.7207044362225385,17,21,0.024283,0.021146,31,0.25,10.29526829469176,92,0.002081324886175514,0.001036542777467776,0.03229625664044802,0.03201563439443225,-4.85722573273506e-17,0.03409695928060777,0.030658036342850803,0.031547950028826766,-6.938893903907228e-18,0.03362927491500228,0.030191907276753804,0.031080265663221168,0.0,0.03211680844068895,0.028684470558697273
development-scheduled_short-20241001-ZECUSDT-SHORT,development,scheduled_short,2024-10-01T00:00:00+0000,2024-09-30T00:00:00+0000,2024-11-01T00:00:00+0000,ZECUSDT,PoW,SHORT,0.8832904521667244,21,21,27.75,36.79,31,0.25,0.009009009009009009,92,0.002162418809276655,0.0006834826300017735,-0.08144144144144144,-0.08179030630630632,-2.7755575615628914e-17,-0.07962788749702966,-0.08268861477270029,-0.08237179661261254,4.163336342344337e-17,-0.08020937780333588,-0.08326817131415554,-0.08295328691891887,2.7755575615628914e-17,-0.0822698042889171,-0.08532174578471119
development-scheduled_short-20241101-AAVEUSDT-SHORT,development,scheduled_short,2024-11-01T00:00:00+0000,2024-10-31T00:00:00+0000,2024-12-01T00:00:00+0000,AAVEUSDT,DeFi,SHORT,0.9130768231163858,1,21,143.39,212.0,30,0.25,0.001743496757096032,89,0.003289301572430191,0.0015656977740943767,-0.11962131250435876,-0.1199930852918614,-1.3877787807814457e-17,-0.1167037837194312,-0.11954661073787665,-0.12061277837715323,2.7755575615628914e-17,-0.11732347680472303,-0.12016430938436795,-0.12123247146244512,-1.3877787807814457e-17,-0.11966677368835074,-0.12250006453106732
development-scheduled_short-20241101-AVAXUSDT-SHORT,development,scheduled_short,2024-11-01T00:00:00+0000,2024-10-31T00:00:00+0000,2024-12-01T00:00:00+0000,AVAXUSDT,Layer-1,SHORT,0.7899196257946893,2,21,25.0,44.845,30,0.25,0.01,89,0.0038052430650171746,0.0015575141631099976,-0.19845000000000002,-0.19886907,0.0,-0.19506382693498284,-0.19765445764157508,-0.1995676390699999,2.7755575615628914e-17,-0.19576239600498274,-0.1983507784159413,-0.20026620813999998,-2.7755575615628914e-17,-0.19870869397688998,-0.20128759393414308
development-scheduled_short-20241101-BCHUSDT-SHORT,development,scheduled_short,2024-11-01T00:00:00+0000,2024-10-31T00:00:00+0000,2024-12-01T00:00:00+0000,BCHUSDT,Payment,SHORT,0.7020634507913195,3,21,358.57,526.44,30,0.25,0.0006972139331232395,89,0.0016239164404291547,0.000128757992785918,-0.11704130295339826,-0.11741152773517033,-2.7755575615628914e-17,-0.11578761129474117,-0.11863338694997949,-0.11802863926290544,1.3877787807814457e-17,-0.11640472282247628,-0.11924851234747647,-0.1186457507906406,2.7755575615628914e-17,-0.11851699279785469,-0.12135398412985277
development-scheduled_short-20241101-BNBUSDT-SHORT,development,scheduled_short,2024-11-01T00:00:00+0000,2024-10-31T00:00:00+0000,2024-12-01T00:00:00+0000,BNBUSDT,Layer-1,SHORT,0.48382403629664705,4,21,576.7,653.87,30,0.25,0.0004335009537020981,89,0.003435269658751232,0.001717634829375616,-0.03345326859719089,-0.03377334055834921,-6.938893903907228e-18,-0.03033807089959798,-0.03345885991691311,-0.03430681389890755,-2.0816681711721685e-17,-0.03087154424015632,-0.03399061631088196,-0.03484028723946592,-6.938893903907228e-18,-0.0331226524100903,-0.03623447944680691
development-scheduled_short-20241101-CRVUSDT-SHORT,development,scheduled_short,2024-11-01T00:00:00+0000,2024-10-31T00:00:00+0000,2024-12-01T00:00:00+0000,CRVUSDT,DeFi,SHORT,0.9677730061865637,5,21,0.253,0.681,30,0.25,0.9881422924901185,89,0.003209937712650988,0.001604968856325494,-0.42292490118577075,-0.42347865612648217,5.551115123125783e-17,-0.4202687184138312,-0.4221345429473845,-0.4244018347826086,5.551115123125783e-17,-0.42119189706995763,-0.4230547504176527,-0.42532501343873513,5.551115123125783e-17,-0.42372004458240964,-0.42557476126437177
development-scheduled_short-20241101-ENSUSDT-SHORT,development,scheduled_short,2024-11-01T00:00:00+0000,2024-10-31T00:00:00+0000,2024-12-01T00:00:00+0000,ENSUSDT,Infrastructure,SHORT,0.9333415824005014,6,21,16.791,40.234,30,0.25,0.01488892859269847,89,0.0039771376966607494,0.0019465773131512312,-0.34904115299863026,-0.3495505776904294,0.0,-0.34557343999376866,-0.3476796660503094,-0.35039982826811983,0.0,-0.3464226905714591,-0.34852618337448515,-0.35124907884581025,5.551115123125783e-17,-0.349302501532659,-0.35139672586576787
development-scheduled_short-20241101-ETCUSDT-SHORT,development,scheduled_short,2024-11-01T00:00:00+0000,2024-10-31T00:00:00+0000,2024-12-01T00:00:00+0000,ETCUSDT,PoW,SHORT,0.527230550937217,7,21,18.595,32.724,30,0.25,0.013444474321054048,89,0.003736429895309492,0.0018411251604013579,-0.18995697768217262,-0.19037095186878192,0.0,-0.18663452197347244,-0.18925228180781328,-0.19106102282065063,0.0,-0.18732459292534115,-0.1899401318146462,-0.19175109377251948,2.7755575615628914e-17,-0.18990996861211812,-0.19251718665081885
development-scheduled_short-20241101-HBARUSDT-SHORT,development,scheduled_short,2024-11-01T00:00:00+0000,2024-10-31T00:00:00+0000,2024-12-01T00:00:00+0000,HBARUSDT,Layer-1,SHORT,0.7249032322127341,8,21,0.04628,0.17028,30,0.25,5.4019014693172,89,0.004357502165663354,0.0015431443699843344,-0.6698357821953327,-0.6705376836646498,0.0,-0.6661801814989865,-0.6672545572087832,-0.6717079213483145,0.0,-0.6673504191826511,-0.66842102856441,-0.6728781590319792,0.0,-0.6713350146619949,-0.6723927999022286
development-scheduled_short-20241101-KAVAUSDT-SHORT,development,scheduled_short,2024-11-01T00:00:00+0000,2024-10-31T00:00:00+0000,2024-12-01T00:00:00+0000,KAVAUSDT,DeFi,SHORT,0.8570014376852986,9,21,0.3273,0.6117,30,0.25,0.7638252367858235,89,0.003077226684016423,0.0012554737071166747,-0.21723189734188825,-0.2176622364802934,-2.7755575615628914e-17,-0.21458500979627698,-0.21711281294281948,-0.21837959871677354,2.7755575615628914e-17,-0.21530237203275712,-0.2178278663991755,-0.21909696095325396,0.0,-0.21784148724613728,-0.22035880964804533
development-scheduled_short-20241101-LINKUSDT-SHORT,development,scheduled_short,2024-11-01T00:00:00+0000,2024-10-31T00:00:00+0000,2024-12-01T00:00:00+0000,LINKUSDT,Infrastructure,SHORT,0.7695436838524022,10,21,11.419,19.017,30,0.25,0.02189333566862247,89,0.004873040608546267,0.0024166788634360547,-0.1663455644101935,-0.1667453717488396,2.7755575615628914e-17,-0.16187233114029334,-0.16456978635183495,-0.16741181712058842,0.0,-0.16253877651204215,-0.1652340868158233,-0.1680782624923373,0.0,-0.16566158362890124,-0.1683468433966543
development-scheduled_short-20241101-LTCUSDT-SHORT,development,scheduled_short,2024-11-01T00:00:00+0000,2024-10-31T00:00:00+0000,2024-12-01T00:00:00+0000,LTCUSDT,Payment,SHORT,0.545371826688401,11,21,69.31,102.83,30,0.25,0.0036069831193190015,89,0.0043569566379457105,0.0021784783189728553,-0.12090607415957294,-0.1212786178040687,-5.551115123125783e-17,-0.116921661166123,-0.11976378696126322,-0.12189959642187273,-5.551115123125783e-17,-0.11754263978392702,-0.12038276700287043,-0.12252057503967675,4.163336342344337e-17,-0.1203420967207039,-0.12317321408353088
development-scheduled_short-20241101-NEARUSDT-SHORT,development,scheduled_short,2024-11-01T00:00:00+0000,2024-10-31T00:00:00+0000,2024-12-01T00:00:00+0000,NEARUSDT,Layer-1,SHORT,0.9374790304786479,12,21,4.052,7.011,30,0.25,0.0616979269496545,89,0.004051046478868628,0.001937309880198868,-0.18256416584402768,-0.1829737043435342,-5.551115123125783e-17,-0.17892265786466555,-0.18156523779361,-0.1836563780478776,0.0,-0.17960533156900899,-0.1822457143604408,-0.18433905175222118,2.7755575615628914e-17,-0.18240174187202232,-0.18503312461271526
development-scheduled_short-20241101-RUNEUSDT-SHORT,development,scheduled_short,2024-11-01T00:00:00+0000,2024-10-31T00:00:00+0000,2024-12-01T00:00:00+0000,RUNEUSDT,DeFi,SHORT,0.9717907793118509,13,21,5.618,6.184,30,0.25,0.044499822000711994,89,0.002796024949386018,0.0013919714047886838,-0.025186899252402972,-0.025502011391954432,-6.938893903907228e-18,-0.022705986442568413,-0.0258513387892646,-0.026027213403346378,-2.42861286636753e-17,-0.02323118845396036,-0.026374850474760625,-0.026552415414738323,3.469446951953614e-17,-0.02516044400994964,-0.02829789685684092
development-scheduled_short-20241101-SNXUSDT-SHORT,development,scheduled_short,2024-11-01T00:00:00+0000,2024-10-31T00:00:00+0000,2024-12-01T00:00:00+0000,SNXUSDT,DeFi,SHORT,0.9130554493494687,14,21,1.386,2.629,30,0.25,0.18037518037518038,89,0.003068241879222962,0.0015140584294063221,-0.22420634920634924,-0.22464087301587307,0.0,-0.2215726311366501,-0.22407794511322354,-0.22536521388888892,-2.7755575615628914e-17,-0.22229697200966594,-0.22479995474586212,-0.22608955476190476,2.7755575615628914e-17,-0.22457549633249843,-0.22707114579771737
development-scheduled_short-20241101-SOLUSDT-SHORT,development,scheduled_short,2024-11-01T00:00:00+0000,2024-10-31T00:00:00+0000,2024-12-01T00:00:00+0000,SOLUSDT,Layer-1,SHORT,0.7163299344669183,15,21,168.62,237.73,30,0.25,0.0014826236508124777,89,0.004475037780559961,0.002232847236858085,-0.1024641205076503,-0.10282559897995489,0.0,-0.09835056119939492,-0.10125245677931916,-0.10342812457893485,-5.551115123125783e-17,-0.09895308679837489,-0.10185304319185129,-0.10403065017791485,-2.7755575615628914e-17,-0.10179780294105677,-0.10468860381483192
development-scheduled_short-20241101-TRXUSDT-SHORT,development,scheduled_short,2024-11-01T00:00:00+0000,2024-10-31T00:00:00+0000,2024-12-01T00:00:00+0000,TRXUSDT,Layer-1,SHORT,0.38708387510287134,16,21,0.16854,0.20491,30,0.25,1.4833274000237333,89,0.001330154549163552,-0.0010236829042159874,-0.05394861753886321,-0.05428098670938655,-3.469446951953614e-17,-0.052950832160223,-0.05599884358890084,-0.05483496769609583,2.7755575615628914e-17,-0.05350481314693228,-0.05655104162659741,-0.055388948682805306,-2.0816681711721685e-17,-0.05641263158702129,-0.059449501456659726
development-scheduled_short-20241101-UNIUSDT-SHORT,development,scheduled_short,2024-11-01T00:00:00+0000,2024-10-31T00:00:00+0000,2024-12-01T00:00:00+0000,UNIUSDT,DeFi,SHORT,0.8426179024602981,17,21,7.614,12.791,30,0.25,0.03283425269240872,89,0.0041597603413961095,0.0020798801706980547,-0.16998292618859995,-0.17038491594431313,2.7755575615628914e-17,-0.166225155602917,-0.16890860155373633,-0.1710550008602574,0.0,-0.1668952405188613,-0.16957652984830196,-0.1717250857762017,2.7755575615628914e-17,-0.16964520560550367,-0.17231764436488184
development-scheduled_short-20241101-XLMUSDT-SHORT,development,scheduled_short,2024-11-01T00:00:00+0000,2024-10-31T00:00:00+0000,2024-12-01T00:00:00+0000,XLMUSDT,Layer-2,SHORT,0.4279356556554993,18,21,0.0924,0.52515,30,0.25,2.705627705627706,89,0.006568239624547891,0.002588277969096997,-1.1708603896103897,-1.1717598499341952,0.00010305590996084746,-1.1651916103096474,-1.1646599526795647,-1.1732571533503475,0.000277315399652478,-1.1666889137257996,-1.1661524371295222,-1.1747514681369262,0.0004545635189177055,-1.1721631901678293,-1.1716090949961646
development-scheduled_short-20241101-XMRUSDT-SHORT,development,scheduled_short,2024-11-01T00:00:00+0000,2024-10-31T00:00:00+0000,2024-12-01T00:00:00+0000,XMRUSDT,PoW,SHORT,0.49607256049300225,19,21,155.83,162.37,30,0.25,0.0016043123917089135,89,0.0068298668440887516,0.0032222523474128243,-0.010492203041776282,-0.010798498363601333,1.3877787807814457e-17,-0.003968631519512582,-0.007174288730927625,-0.011308996861964932,1.734723475976807e-18,-0.00447913001787618,-0.007683144225622329,-0.011819495360328558,-3.9898639947466563e-17,-0.008597243012915734,-0.011788003362362187
development-scheduled_short-20241101-XRPUSDT-SHORT,development,scheduled_short,2024-11-01T00:00:00+0000,2024-10-31T00:00:00+0000,2024-12-01T00:00:00+0000,XRPUSDT,Payment,SHORT,0.6280000516513989,20,21,0.5095,1.9529,30,0.25,0.4906771344455349,89,0.007056212003347646,0.003528106001673823,-0.7082433758586851,-0.7089683218842003,0.0,-0.7019121098808527,-0.7028714848813145,-0.7101769902060844,1.1102230246251565e-16,-0.7031207782027368,-0.7040762631888428,-0.7113856585279688,1.1102230246251565e-16,-0.7078575525262949,-0.7087977925359377
development-scheduled_short-20241201-1000XECUSDT-SHORT,development,scheduled_short,2024-12-01T00:00:00+0000,2024-11-30T00:00:00+0000,2025-01-01T00:00:00+0000,1000XECUSDT,Payment,SHORT,0.7392722368233142,1,25,0.04994,0.03324,31,0.25,5.006007208650381,92,0.003110112433682419,0.001501830500545154,0.08360032038446136,0.08335048057669203,0.0,0.08646059301037445,0.08284753311232418,0.08293413105726874,0.0,0.08604424349095116,0.08243256817671551,0.08251778153784545,1.3877787807814457e-17,0.0840196120383906,0.0804146697016388
development-scheduled_short-20241201-DASHUSDT-SHORT,development,scheduled_short,2024-12-01T00:00:00+0000,2024-11-30T00:00:00+0000,2025-01-01T00:00:00+0000,DASHUSDT,PoW,SHORT,0.7009463472456002,7,25,39.52,37.9,31,0.25,0.006325910931174089,92,0.0051756431508108314,0.0025862249306088545,0.010247975708502055,0.00995412449392713,-2.42861286636753e-17,0.015129767644737961,0.011753920717210153,0.009464378618421115,1.214306433183765e-17,0.014640021769231947,0.011265803507478411,0.008974632742915017,1.214306433183765e-17,0.011560857673523873,0.008196879271720414
development-scheduled_short-20241201-VETUSDT-SHORT,development,scheduled_short,2024-12-01T00:00:00+0000,2024-11-30T00:00:00+0000,2025-01-01T00:00:00+0000,VETUSDT,Layer-1,SHORT,0.9734454548423764,20,25,0.04594,0.043127,31,0.25,5.44188071397475,92,0.00463279727604484,0.00231639863802242,0.015308010448410986,0.015017195254679983,-5.0306980803327406e-17,0.019649992530724823,0.016259113448905405,0.014532512449934698,-2.42861286636753e-17,0.01916530972597954,0.01577604247252884,0.014047829645189358,-1.734723475976807e-17,0.01636422828321178,0.012984276116840165
development-scheduled_short-20241201-ZECUSDT-SHORT,development,scheduled_short,2024-12-01T00:00:00+0000,2024-11-30T00:00:00+0000,2025-01-01T00:00:00+0000,ZECUSDT,PoW,SHORT,0.9075963418011302,24,25,59.35,56.26,31,0.25,0.004212299915754001,92,0.004448641568491812,0.0022130612105306577,0.01301600673967987,0.012723816343723687,1.734723475976807e-18,0.0171724579122155,0.013789817952029937,0.012236840160067403,-2.2551405187698492e-17,0.016685481728559215,0.013304461223448083,0.011749863976411118,-1.3877787807814457e-17,0.013962925186941776,0.010590958631807368
development-scheduled_short-20241201-ZILUSDT-SHORT,development,scheduled_short,2024-12-01T00:00:00+0000,2024-11-30T00:00:00+0000,2025-01-01T00:00:00+0000,ZILUSDT,PoW,SHORT,0.8286876210893583,25,25,0.02648,0.02011,31,0.25,9.441087613293051,92,0.0036053027306637096,0.0016402208891715452,0.06013972809667675,0.05987581193353475,-6.938893903907228e-18,0.06348111466419847,0.059944473765811024,0.05943598774546832,-6.938893903907228e-18,0.06304129047613204,0.05950611222732993,0.05899616355740181,1.3877787807814457e-17,0.060636384446573356,0.05710920379067974
