trade_id,strategy_variant,entry_time,exit_time,decision_time,symbol,score,selection_rank,eligible_count,entry_price,exit_price,notional_fraction,quantity_per_unit_plan_capital,funding_events,actual_funding_return,stress_funding_return,gross_short_return,gross_long_return,favorable_price_cost_return,favorable_reconciliation_error,favorable_net_return,base_price_cost_return,base_reconciliation_error,base_net_return,stress_price_cost_return,stress_reconciliation_error,stress_net_return
development-hmom28-20230102-KAVAUSDT,hmom28,2023-01-02T00:00:00+0000,2023-01-09T00:00:00+0000,2023-01-01T00:00:00+0000,KAVAUSDT,-0.5668642166602507,1,21,0.5361,0.6819,0.5,0.9326618168252191,20,-0.009915398260352733,-0.015031556483781475,-0.1359820928931169,-0.1359820928931169,-0.13666368214885266,8.326672684688674e-17,-0.1465790804092054,-0.13779974583100152,2.7755575615628914e-17,-0.14771514409135425,-0.1389358095131505,-5.551115123125783e-17,-0.15396736599693195
development-hmom28-20230102-SOLUSDT,hmom28,2023-01-02T00:00:00+0000,2023-01-09T00:00:00+0000,2023-01-01T00:00:00+0000,SOLUSDT,-0.4050975286149611,2,21,9.977,14.464,0.5,0.05011526510975243,20,-0.02419384109233888,-0.03629076163850833,-0.22486719454745918,-0.22486719454745918,-0.22560211486418763,0.0,-0.2497959559565265,-0.22682711697905167,5.551115123125783e-17,-0.2510209580713906,-0.22805211909391604,0.0,-0.26434288073242435
development-hmom28-20230102-NEARUSDT,hmom28,2023-01-02T00:00:00+0000,2023-01-09T00:00:00+0000,2023-01-01T00:00:00+0000,NEARUSDT,-0.36106091588198663,3,21,1.275,1.646,0.5,0.3921568627450981,20,-0.0008699200480322745,-0.001861673625981941,-0.1454901960784314,-0.1454901960784314,-0.14617749019607845,0.0,-0.14704741024411072,-0.14732306768627446,-2.7755575615628914e-17,-0.14819298773430672,-0.14846864517647068,-2.7755575615628914e-17,-0.15033031880245262
development-hmom28-20230102-SNXUSDT,hmom28,2023-01-02T00:00:00+0000,2023-01-09T00:00:00+0000,2023-01-01T00:00:00+0000,SNXUSDT,-0.312275532793794,4,21,1.475,1.765,0.5,0.3389830508474576,20,-0.00032617568698799996,-0.0008874328976540339,-0.0983050847457626,-0.0983050847457626,-0.0989640677966101,0.0,-0.0992902434835981,-0.10006243186440666,-6.938893903907228e-17,-0.10038860755139467,-0.10116079593220334,0.0,-0.10204822882985737
development-hmom28-20230102-LINKUSDT,hmom28,2023-01-02T00:00:00+0000,2023-01-09T00:00:00+0000,2023-01-01T00:00:00+0000,LINKUSDT,-0.2998280601634315,5,21,5.627,5.962,0.5,0.0888572951839346,20,0.000785700722623956,0.00037008951183623603,-0.029767193886618082,-0.029767193886618082,-0.030385054202950068,-6.938893903907228e-18,-0.02959935348032611,-0.03141483925715283,9.020562075079397e-17,-0.03062913853452887,-0.03244462431135592,1.3877787807814457e-17,-0.03207453479951968
development-hmom28-20230109-AVAXUSDT,hmom28,2023-01-09T00:00:00+0000,2023-01-16T00:00:00+0000,2023-01-08T00:00:00+0000,AVAXUSDT,-0.17753877671071466,2,22,12.087,16.817,0.5,0.04136675767353355,21,0.0013826760607071236,0.00039907203634762976,-0.19566476379581366,-0.19566476379581366,-0.1963821626540913,-1.1102230246251565e-16,-0.19499948659338417,-0.1975779448167453,0.0,-0.19619526875603815,-0.19877372697939938,2.7755575615628914e-17,-0.19837465494305176
development-hmom28-20230109-CRVUSDT,hmom28,2023-01-09T00:00:00+0000,2023-01-16T00:00:00+0000,2023-01-08T00:00:00+0000,CRVUSDT,-0.147941793620129,4,22,0.577,0.834,0.5,0.8665511265164645,21,0.0016667215291674181,0.0008333607645837091,-0.22270363951473138,-0.22270363951473138,-0.22343726169844025,-2.7755575615628914e-17,-0.22177054016927283,-0.2246600989601386,-2.7755575615628914e-17,-0.2229933774309712,-0.22588293622183703,5.551115123125783e-17,-0.22504957545725332
development-hmom28-20230109-XRPUSDT,hmom28,2023-01-09T00:00:00+0000,2023-01-16T00:00:00+0000,2023-01-08T00:00:00+0000,XRPUSDT,-0.14537778195073042,5,22,0.345,0.3845,0.5,1.4492753623188408,21,0.0010456395086956523,0.0004922847543478262,-0.05724637681159428,-0.05724637681159428,-0.05788072463768129,-6.938893903907228e-17,-0.05683508512898564,-0.05893800536231886,-4.163336342344337e-17,-0.05789236585362321,-0.059995286086956645,0.0,-0.05950300133260882
development-hmom28-20230116-ZILUSDT,hmom28,2023-01-16T00:00:00+0000,2023-01-23T00:00:00+0000,2023-01-15T00:00:00+0000,ZILUSDT,-0.09695661669210873,2,24,0.02594,0.027,0.5,19.275250578257516,21,0.0011597506535851966,0.0005798753267925983,-0.0204317656129529,-0.0204317656129529,-0.02104402467232075,-3.8163916471489756e-17,-0.01988427401873555,-0.02206446869699291,1.0408340855860843e-17,-0.020904718043407714,-0.023084912721665296,3.469446951953614e-17,-0.0225050373948727
development-hmom28-20230116-SOLUSDT,hmom28,2023-01-16T00:00:00+0000,2023-01-23T00:00:00+0000,2023-01-15T00:00:00+0000,SOLUSDT,-0.09557608817069418,3,24,22.903,24.196,0.5,0.021831201152687423,21,0.00140368976372835,0.000701844881864175,-0.02822774309042486,-0.02822774309042486,-0.0288446797362793,-1.4224732503009818e-16,-0.02744098997255095,-0.0298729244160153,4.163336342344337e-17,-0.02846923465228695,-0.03090116909575169,-1.0408340855860843e-17,-0.030199324213887515
development-hmom28-20230116-ZECUSDT,hmom28,2023-01-16T00:00:00+0000,2023-01-23T00:00:00+0000,2023-01-15T00:00:00+0000,ZECUSDT,-0.08328336790011776,4,24,44.8,47.3,0.5,0.011160714285714286,21,0.0012329854714024464,0.0006089070772190804,-0.0279017857142857,-0.0279017857142857,-0.02851852678571426,2.7755575615628914e-17,-0.027285541314311813,-0.029546445312499947,-3.469446951953614e-18,-0.0283134598410975,-0.030574363839285634,4.5102810375396984e-17,-0.029965456762066554
development-hmom28-20230116-KAVAUSDT,hmom28,2023-01-16T00:00:00+0000,2023-01-23T00:00:00+0000,2023-01-15T00:00:00+0000,KAVAUSDT,-0.07637815872267381,5,24,0.8518,0.9994,0.5,0.5869922517022775,21,-0.0014292143801810286,-0.002981825697008923,-0.08664005635125616,-0.08664005635125616,-0.08729204038506694,-4.163336342344337e-17,-0.08872125476524796,-0.0883787324254518,5.551115123125783e-17,-0.08980794680563282,-0.0894654244658371,-1.3877787807814457e-17,-0.09244725016284602
development-hmom28-20230123-HBARUSDT,hmom28,2023-01-23T00:00:00+0000,2023-01-30T00:00:00+0000,2023-01-22T00:00:00+0000,HBARUSDT,-0.15784929861284588,1,24,0.06901,0.06944,0.5,7.245326764237067,21,0.0010332291508477031,0.0005166145754238516,-0.003115490508621921,-0.003115490508621921,-0.003717359802927145,-3.426078865054194e-17,-0.0026841306520794415,-0.00472047716272983,9.454242944073599e-17,-0.003687248011882127,-0.00572359452253296,-1.9949319973733282e-17,-0.005206979947109109
development-hmom28-20230123-CRVUSDT,hmom28,2023-01-23T00:00:00+0000,2023-01-30T00:00:00+0000,2023-01-22T00:00:00+0000,CRVUSDT,-0.0863910295751947,5,24,1.074,1.089,0.5,0.46554934823091243,21,0.0010378522169459962,0.0005189261084729981,-0.006983240223463638,-0.006983240223463638,-0.00758743016759772,-8.673617379884035e-19,-0.006549577950651723,-0.008594417597765247,3.122502256758253e-17,-0.007556565380819251,-0.009601405027932941,-3.469446951953614e-18,-0.009082478919459944
development-hmom28-20230130-KAVAUSDT,hmom28,2023-01-30T00:00:00+0000,2023-02-06T00:00:00+0000,2023-01-29T00:00:00+0000,KAVAUSDT,-0.10587330393104927,2,24,1.0335,0.9677,0.5,0.4837929366231253,21,0.0012232300400578133,0.0006116150200289066,0.03183357522980168,0.03183357522980168,0.03125267537493953,-2.7755575615628914e-17,0.03247590541499734,0.030284528050314563,-2.7755575615628914e-17,0.03150775809037237,0.029316380725689428,2.0816681711721685e-17,0.029927995745718333
development-hmom28-20230130-SNXUSDT,hmom28,2023-01-30T00:00:00+0000,2023-02-06T00:00:00+0000,2023-01-29T00:00:00+0000,SNXUSDT,-0.09910608187297448,3,24,2.486,2.56,0.5,0.20112630732099757,21,0.0011378147477411104,0.0005689073738705552,-0.014883346741753734,-0.014883346741753734,-0.015492276749798861,-2.0816681711721685e-17,-0.014354462002057752,-0.016507169026548696,-3.469446951953614e-17,-0.015369354278807586,-0.01752206130329842,-2.7755575615628914e-17,-0.016953153929427863
development-hmom28-20230130-ZILUSDT,hmom28,2023-01-30T00:00:00+0000,2023-02-06T00:00:00+0000,2023-01-29T00:00:00+0000,ZILUSDT,-0.06890271642017576,5,24,0.02958,0.02882,0.5,16.903313049357674,21,0.000993674491805274,0.000496837245902637,0.012846517917511846,0.012846517917511846,0.012254225828262355,1.0408340855860843e-17,0.013247900320067629,0.011267080054090661,-1.734723475976807e-18,0.012260754545895935,0.010279934279918856,-8.673617379884035e-18,0.010776771525821493
development-hmom28-20230206-1000XECUSDT,hmom28,2023-02-06T00:00:00+0000,2023-02-13T00:00:00+0000,2023-02-05T00:00:00+0000,1000XECUSDT,-0.1762325662903465,1,25,0.03679,0.03363,0.5,13.59064963305246,21,0.0013468798552595813,0.0006734399276297906,0.04294645284044579,0.04294645284044579,0.04237222071215002,-5.551115123125783e-17,0.0437191005674096,0.04141519293286228,-2.7755575615628914e-17,0.04276207278812186,0.04045816515357442,-1.3877787807814457e-17,0.04113160508120421
development-hmom28-20230206-HBARUSDT,hmom28,2023-02-06T00:00:00+0000,2023-02-13T00:00:00+0000,2023-02-05T00:00:00+0000,HBARUSDT,-0.14546434768099706,3,25,0.0699,0.08677,0.5,7.153075822603719,21,-0.0018057447833733902,-0.003502776989080114,-0.1206723891273247,-0.1206723891273247,-0.12134479256080122,-1.1102230246251565e-16,-0.12315053734417461,-0.1224655373533618,-1.3877787807814457e-17,-0.12427128213673519,-0.12358628214592277,-9.71445146547012e-17,-0.12708905913500287
development-hmom28-20230206-SOLUSDT,hmom28,2023-02-06T00:00:00+0000,2023-02-13T00:00:00+0000,2023-02-05T00:00:00+0000,SOLUSDT,-0.13550587403343445,4,25,23.465,21.484,0.5,0.021308331557639035,21,-0.0006608342297455294,-0.0013961303600931716,0.042211804815682874,0.042211804815682874,0.041637131898572266,-2.7755575615628914e-17,0.04097629766882674,0.04067936903047087,-2.7755575615628914e-17,0.04001853480072534,0.03972160616236947,-1.3877787807814457e-17,0.0383254758022763
development-hmom28-20230206-NEARUSDT,hmom28,2023-02-06T00:00:00+0000,2023-02-13T00:00:00+0000,2023-02-05T00:00:00+0000,NEARUSDT,-0.1310135566321816,5,25,2.386,2.236,0.5,0.20955574182732606,21,0.0007860966900319363,0.00033516620070590943,0.0314333612740989,0.0314333612740989,0.030852221290863346,0.0,0.03163831798089528,0.029883673512154207,-2.42861286636753e-17,0.030669770202186145,0.028915125733445124,3.469446951953614e-18,0.029250291934151032
development-hmom28-20230213-CRVUSDT,hmom28,2023-02-13T00:00:00+0000,2023-02-20T00:00:00+0000,2023-02-12T00:00:00+0000,CRVUSDT,-0.2957401337815432,1,25,0.926,1.205,0.5,0.5399568034557235,21,0.0005801387612139849,-7.438993165656056e-05,-0.15064794816414684,-0.15064794816414684,-0.15133833693304538,-2.7755575615628914e-17,-0.1507581981718314,-0.1524890752699784,-5.551115123125783e-17,-0.15190893650876441,-0.15363981360691142,2.7755575615628914e-17,-0.153714203538568
development-hmom28-20230213-KAVAUSDT,hmom28,2023-02-13T00:00:00+0000,2023-02-20T00:00:00+0000,2023-02-12T00:00:00+0000,KAVAUSDT,-0.28562389190988163,2,25,0.8633,0.9291,0.5,0.5791729410401947,21,0.001094428529479903,0.0005472142647399515,-0.0381095795204448,-0.0381095795204448,-0.03873244526815717,-4.163336342344337e-17,-0.03763801673867726,-0.03977057771342518,4.85722573273506e-17,-0.038676149183945276,-0.04080871015869353,-6.245004513516506e-17,-0.04026149589395358
development-hmom28-20230213-SNXUSDT,hmom28,2023-02-13T00:00:00+0000,2023-02-20T00:00:00+0000,2023-02-12T00:00:00+0000,SNXUSDT,-0.25197558532978365,4,25,2.352,2.614,0.5,0.21258503401360546,21,0.001129613571853742,0.000564806785926871,-0.05569727891156462,-0.05569727891156462,-0.056330697278911546,2.7755575615628914e-17,-0.055201083707057806,-0.05738642797619048,6.938893903907228e-18,-0.05625681440433674,-0.05844215867346925,6.245004513516506e-17,-0.05787735188754237
development-hmom28-20230213-AVAXUSDT,hmom28,2023-02-13T00:00:00+0000,2023-02-20T00:00:00+0000,2023-02-12T00:00:00+0000,AVAXUSDT,-0.2494301570019006,5,25,17.768,19.829,0.5,0.02814047726249437,21,0.0009953546376427454,0.0004700703550356399,-0.057997523638000925,-0.057997523638000925,-0.05863232215218378,-8.326672684688674e-17,-0.05763696751454103,-0.05969035447433585,-2.7755575615628914e-17,-0.0586949998366931,-0.06074838679648814,-9.020562075079397e-17,-0.0602783164414525
development-hmom28-20230227-HBARUSDT,hmom28,2023-02-27T00:00:00+0000,2023-03-06T00:00:00+0000,2023-02-26T00:00:00+0000,HBARUSDT,-0.2745704373124059,1,24,0.07485,0.06389,0.5,6.680026720106881,21,0.0008971280860013361,0.00044856404300066806,0.07321309285237138,0.07321309285237138,0.07265702070808278,-4.163336342344337e-17,0.07355414879408412,0.07173027772879093,1.3877787807814457e-17,0.07262740581479227,0.07080353474949902,1.3877787807814457e-17,0.07125209879249969
development-hmom28-20230227-CRVUSDT,hmom28,2023-02-27T00:00:00+0000,2023-03-06T00:00:00+0000,2023-02-26T00:00:00+0000,CRVUSDT,-0.24158172528496275,2,24,1.021,0.93,0.5,0.4897159647404506,21,0.0002953755145245349,-0.00022687325421814403,0.04456415279138093,0.04456415279138093,0.04399089128305572,-4.163336342344337e-17,0.044286266797580257,0.04303548217433889,-2.0816681711721685e-17,0.043330857688863425,0.04208007306562184,-6.938893903907228e-18,0.041853199811403695
development-hmom28-20230227-KAVAUSDT,hmom28,2023-02-27T00:00:00+0000,2023-03-06T00:00:00+0000,2023-02-26T00:00:00+0000,KAVAUSDT,-0.2225737182598709,3,24,0.8775,0.79,0.5,0.5698005698005698,21,0.0007380724972996011,0.00027825275777561254,0.04985754985754981,0.04985754985754981,0.04928746438746434,0.0,0.050025536884763945,0.04833735185185184,0.0,0.04907542434915144,0.04738723931623928,0.0,0.047665492074014895
development-hmom28-20230227-AVAXUSDT,hmom28,2023-02-27T00:00:00+0000,2023-03-06T00:00:00+0000,2023-02-26T00:00:00+0000,AVAXUSDT,-0.21322535717932967,4,24,18.421,16.137,0.5,0.027142934694099126,21,0.0007612090570192689,0.0003536885662925995,0.06199446284132237,0.06199446284132237,0.061431659519027126,-4.163336342344337e-17,0.062192868576046396,0.060493691178546305,2.7755575615628914e-17,0.061254900235565575,0.059555722838065206,1.3877787807814457e-17,0.05990941140435781
development-hmom28-20230306-NEARUSDT,hmom28,2023-03-06T00:00:00+0000,2023-03-13T00:00:00+0000,2023-03-05T00:00:00+0000,NEARUSDT,-0.3385129818493575,2,24,2.028,1.942,0.5,0.2465483234714004,21,-0.0009341456933581855,-0.0016439647580821994,0.02120315581854043,0.02120315581854043,0.02061587771203155,-2.42861286636753e-17,0.019681732018673365,0.01963709358974358,-2.0816681711721685e-17,0.018702947896385397,0.01865830946745567,-1.0408340855860843e-17,0.01701434470937347
development-hmom28-20230306-ZECUSDT,hmom28,2023-03-06T00:00:00+0000,2023-03-13T00:00:00+0000,2023-03-05T00:00:00+0000,ZECUSDT,-0.29943308898729976,5,24,38.07,34.22,0.5,0.013133701076963489,21,0.0007941725580481271,0.0003533110668200236,0.05056474914630943,0.05056474914630943,0.049995087995797216,-2.0816681711721685e-17,0.05078926055384534,0.04904568308379309,-6.938893903907228e-18,0.049839855641841214,0.0480962781717888,2.7755575615628914e-17,0.04844958923860882
development-hmom28-20230313-ZILUSDT,hmom28,2023-03-13T00:00:00+0000,2023-03-20T00:00:00+0000,2023-03-12T00:00:00+0000,ZILUSDT,-0.41416317871165204,1,24,0.02442,0.02937,0.5,20.475020475020475,21,0.000750723428380426,0.00019984346459971333,-0.10135135135135132,-0.10135135135135132,-0.10201216216216219,-4.163336342344337e-17,-0.10126143873378177,-0.10311357432432428,0.0,-0.10236285089594385,-0.10421498648648647,6.938893903907228e-17,-0.10401514302188676
development-hmom28-20230313-HBARUSDT,hmom28,2023-03-13T00:00:00+0000,2023-03-20T00:00:00+0000,2023-03-12T00:00:00+0000,HBARUSDT,-0.4062192153348521,2,24,0.06185,0.06485,0.5,8.084074373484237,21,0.0003127656295561844,-0.0002682435738435732,-0.02425222312045272,-0.02425222312045272,-0.024866774454325113,-1.0755285551056204e-16,-0.02455400882476893,-0.025891041228779277,0.0,-0.025578275599223092,-0.026915308003233607,0.0,-0.02718355157707718
development-hmom28-20230313-VETUSDT,hmom28,2023-03-13T00:00:00+0000,2023-03-20T00:00:00+0000,2023-03-12T00:00:00+0000,VETUSDT,-0.3952383533282898,4,24,0.02195,0.02441,0.5,22.779043280182233,21,0.001066483873334852,0.0005304994436104784,-0.056036446469248324,-0.056036446469248324,-0.0566700683371299,-4.163336342344337e-17,-0.05560358446379505,-0.05772613840546692,3.469446951953614e-17,-0.05665965453213207,-0.05878220847380411,2.0816681711721685e-17,-0.05825170903019363
development-hmom28-20230313-DASHUSDT,hmom28,2023-03-13T00:00:00+0000,2023-03-20T00:00:00+0000,2023-03-12T00:00:00+0000,DASHUSDT,-0.3836322522779512,5,24,53.24,57.6,0.5,0.009391435011269721,21,0.0010774613925803006,0.0005387306962901503,-0.04094665664913599,-0.04094665664913599,-0.041571224643125515,-5.551115123125783e-17,-0.04049376325054521,-0.04261219586776854,6.938893903907228e-18,-0.04153473447518824,-0.04365316709241168,2.0816681711721685e-17,-0.04311443639612153
development-hmom28-20230320-ZECUSDT,hmom28,2023-03-20T00:00:00+0000,2023-03-27T00:00:00+0000,2023-03-19T00:00:00+0000,ZECUSDT,-0.3382651201353411,1,24,36.63,36.24,0.5,0.01365001365001365,21,0.0010283375576713078,0.0005141687788356539,0.00532350532350534,0.00532350532350534,0.004726699426699399,-3.5561831257524545e-17,0.005755036984370706,0.003732026126126109,-1.3010426069826053e-18,0.004760363683797416,0.0027373528255528745,-7.37257477290143e-18,0.003251521604388528
development-hmom28-20230320-NEARUSDT,hmom28,2023-03-20T00:00:00+0000,2023-03-27T00:00:00+0000,2023-03-19T00:00:00+0000,NEARUSDT,-0.26081088012608644,5,24,2.131,1.958,0.5,0.23463162834350074,21,0.00040792763414192873,-0.00012362286767647818,0.04059127170342558,0.04059127170342558,0.04001562646644763,-1.3877787807814457e-17,0.04042355410058956,0.039056242092914195,6.938893903907228e-18,0.039464169727056124,0.03809685771938043,-5.551115123125783e-17,0.03797323485170395
development-hmom28-20230327-KAVAUSDT,hmom28,2023-03-27T00:00:00+0000,2023-04-03T00:00:00+0000,2023-03-26T00:00:00+0000,KAVAUSDT,-0.34149675194863205,1,24,0.865,0.8456,0.5,0.5780346820809249,22,0.0003443629367933526,-0.00018213542419315027,0.011213872832369909,0.011213872832369909,0.010620601156069331,-1.9081958235744878e-17,0.010964964092862683,0.00963182175722549,1.0408340855860843e-17,0.009976184694018841,0.008643042358381536,5.551115123125783e-17,0.008460906934188385
development-hmom28-20230327-SNXUSDT,hmom28,2023-03-27T00:00:00+0000,2023-04-03T00:00:00+0000,2023-03-26T00:00:00+0000,SNXUSDT,-0.3177167571003601,2,24,2.469,2.559,0.5,0.20251113811259622,22,0.000949733082017011,0.0004563506337586068,-0.018226002430133725,-0.018226002430133725,-0.018836938031591866,-6.245004513516506e-17,-0.017887204949574853,-0.019855174969623357,-3.469446951953614e-18,-0.018905441887606345,-0.02087341190765496,3.8163916471489756e-17,-0.020417061273896354
development-hmom28-20230327-VETUSDT,hmom28,2023-03-27T00:00:00+0000,2023-04-03T00:00:00+0000,2023-03-26T00:00:00+0000,VETUSDT,-0.24863639868280799,3,24,0.02286,0.02328,0.5,21.872265966754156,22,0.0006808986704286965,0.00010495004332458443,-0.009186351706036766,-0.009186351706036766,-0.009791863517060462,-9.020562075079397e-17,-0.009110964846631766,-0.010801055380577351,8.673617379884035e-18,-0.010120156710148655,-0.011810247244094574,-7.632783294297951e-17,-0.011705297200769989
development-hmom28-20230327-DASHUSDT,hmom28,2023-03-27T00:00:00+0000,2023-04-03T00:00:00+0000,2023-03-26T00:00:00+0000,DASHUSDT,-0.23910357089293913,4,24,59.07,57.01,0.5,0.008464533604198408,22,0.0010393000399928254,0.0005196500199964127,0.01743693922464873,0.01743693922464873,0.01684740138818347,-6.245004513516506e-17,0.017886701428176294,0.01586484878957184,3.8163916471489756e-17,0.016904148829564664,0.014882296190959876,-1.734723475976807e-17,0.015401946210956289
development-hmom28-20230327-ENSUSDT,hmom28,2023-03-27T00:00:00+0000,2023-04-03T00:00:00+0000,2023-03-26T00:00:00+0000,ENSUSDT,-0.23887964683239468,5,24,13.253,13.232,0.5,0.03772730702482457,22,0.0010970515721723383,0.0005485257860861692,0.0007922734475213633,0.0007922734475213633,0.00019274881158987123,1.235990476633475e-17,0.0012898003837622095,-0.0008064584395985341,-1.2902005852577503e-17,0.00029059313257380416,-0.0018056656907870505,-8.196568423990414e-17,-0.0012571399047008815
development-hmom28-20230403-CRVUSDT,hmom28,2023-04-03T00:00:00+0000,2023-04-10T00:00:00+0000,2023-04-02T00:00:00+0000,CRVUSDT,-0.1624638011866167,3,24,0.906,1.011,0.5,0.5518763796909492,21,0.0010418916989165011,0.0005010789250135486,-0.057947019867549576,-0.057947019867549576,-0.05858178807947023,-1.1102230246251565e-16,-0.05753989638055373,-0.05963976986754943,6.938893903907228e-17,-0.058597878168632926,-0.06069775165562896,1.0408340855860843e-16,-0.060196672730615415
development-hmom28-20230403-SOLUSDT,hmom28,2023-04-03T00:00:00+0000,2023-04-10T00:00:00+0000,2023-04-02T00:00:00+0000,SOLUSDT,-0.15343296727863767,4,24,20.509,20.277,0.5,0.02437954068945341,21,0.0005721420454728874,0.0002436971546785179,0.005656053439953179,0.005656053439953179,0.005059447072017109,-3.642919299551295e-17,0.005631589117489996,0.004065106519089201,-3.2959746043559335e-17,0.004637248564562088,0.0030707659661611264,-2.2551405187698492e-17,0.0033144631208396444
development-hmom28-20230403-NEARUSDT,hmom28,2023-04-03T00:00:00+0000,2023-04-10T00:00:00+0000,2023-04-02T00:00:00+0000,NEARUSDT,-0.14442079242379105,5,24,1.917,2.005,0.5,0.2608242044861763,21,0.0009673027005132499,0.00048365135025662495,-0.022952529994783477,-0.022952529994783477,-0.02356630151278033,2.0816681711721685e-17,-0.02259899881226708,-0.024589267814292937,6.938893903907228e-17,-0.023621965113779685,-0.02561223411580582,7.979727989493313e-17,-0.025128582765549197
development-hmom28-20230410-KAVAUSDT,hmom28,2023-04-10T00:00:00+0000,2023-04-17T00:00:00+0000,2023-04-09T00:00:00+0000,KAVAUSDT,-0.3434640036390344,1,24,0.8634,0.9535,0.5,0.5791058605513089,20,0.001259891381016215,0.0006061631737140376,-0.052177438035672985,-0.052177438035672985,-0.05280874449849443,-5.551115123125783e-17,-0.05154885311747821,-0.05386095324299289,-9.020562075079397e-17,-0.052601061861976675,-0.054913161987491466,-9.020562075079397e-17,-0.05430699881377743
development-hmom28-20230410-SNXUSDT,hmom28,2023-04-10T00:00:00+0000,2023-04-17T00:00:00+0000,2023-04-09T00:00:00+0000,SNXUSDT,-0.2533808496804308,2,24,2.631,2.843,0.5,0.19004180919802358,20,0.0012060294917435198,0.0006030147458717599,-0.04028886354998107,-0.04028886354998107,-0.04091303686811104,-1.3877787807814457e-17,-0.03970700737636752,-0.041953349904979065,-2.0816681711721685e-17,-0.04074732041323555,-0.042993662941847255,-1.3877787807814457e-17,-0.042390648195975496
development-hmom28-20230410-HBARUSDT,hmom28,2023-04-10T00:00:00+0000,2023-04-17T00:00:00+0000,2023-04-09T00:00:00+0000,HBARUSDT,-0.18714345286097067,3,24,0.06448,0.06921,0.5,7.7543424317617875,20,0.0016473191031947893,0.0008236595515973946,-0.03667803970223327,-0.03667803970223327,-0.03730004652605462,-4.163336342344337e-17,-0.03565272742285983,-0.03833674657258063,-5.551115123125783e-17,-0.03668942746938584,-0.03937344661910669,-2.0816681711721685e-17,-0.03854978706750929
development-hmom28-20230410-ENSUSDT,hmom28,2023-04-10T00:00:00+0000,2023-04-17T00:00:00+0000,2023-04-09T00:00:00+0000,ENSUSDT,-0.16031387409046322,5,24,12.874,14.653,0.5,0.03883796799751437,20,0.0011726795159542724,0.0005863397579771362,-0.06909274506757801,-0.06909274506757801,-0.06973420071461872,-1.1102230246251565e-16,-0.06856152119866445,-0.0708033349153332,0.0,-0.06963065539937892,-0.07187246911604789,-2.7755575615628914e-17,-0.07128612935807076
development-hmom28-20230417-XRPUSDT,hmom28,2023-04-17T00:00:00+0000,2023-04-24T00:00:00+0000,2023-04-16T00:00:00+0000,XRPUSDT,-0.11746290247824834,2,24,0.5208,0.4643,0.5,0.9600614439324116,22,1.58694398957373e-05,-0.0005607151018691436,0.05424347158218129,0.05424347158218129,0.05367601766513064,3.469446951953614e-17,0.05369188710502638,0.05273029368279575,-2.7755575615628914e-17,0.05274616312269149,0.051784569700460914,1.3877787807814457e-17,0.05122385459859177
development-hmom28-20230417-XLMUSDT,hmom28,2023-04-17T00:00:00+0000,2023-04-24T00:00:00+0000,2023-04-16T00:00:00+0000,XLMUSDT,-0.06345041657218616,4,24,0.10748,0.09451,0.5,4.652028284331968,22,0.0004813709049246371,4.802121412681432e-05,0.060336806847785696,0.060336806847785696,0.059773008931894356,1.3877787807814457e-17,0.06025437983681899,0.05883338194082621,-2.7755575615628914e-17,0.05931475284575085,0.057893754949758125,-1.3877787807814457e-17,0.05794177616388494
development-hmom28-20230424-HBARUSDT,hmom28,2023-04-24T00:00:00+0000,2023-05-01T00:00:00+0000,2023-04-23T00:00:00+0000,HBARUSDT,-0.2554940280057557,1,24,0.06023,0.06345,0.5,8.301510874979247,20,0.00032202210360285583,-0.00030312347335215015,-0.02673086501743327,-0.02673086501743327,-0.0273469035364437,0.0,-0.027024881432840844,-0.028373650439980025,6.938893903907228e-17,-0.028051628336377168,-0.02940039734351657,2.7755575615628914e-17,-0.029703520816868723
development-hmom28-20230424-AVAXUSDT,hmom28,2023-04-24T00:00:00+0000,2023-05-01T00:00:00+0000,2023-04-23T00:00:00+0000,AVAXUSDT,-0.24890208915902262,2,24,16.832,17.083,0.5,0.029705323193916347,20,0.0005420968353956392,0.0002139763191600493,-0.007456036121672893,-0.007456036121672893,-0.008060509743345878,5.898059818321144e-17,-0.007518412907950239,-0.009067970253089364,-6.938893903907228e-17,-0.008525873417693725,-0.010075430762832682,-3.122502256758253e-17,-0.009861454443672634
development-hmom28-20230424-ENSUSDT,hmom28,2023-04-24T00:00:00+0000,2023-05-01T00:00:00+0000,2023-04-23T00:00:00+0000,ENSUSDT,-0.24735120325500967,3,24,12.024,11.993,0.5,0.041583499667332005,20,0.0010082948031437126,0.0005041474015718563,0.001289088489687229,0.001289088489687229,0.0006898619427810337,-2.1141942363467336e-17,0.0016981567459247464,-0.0003088481952761013,1.463672932855431e-17,0.0006994466078676113,-0.0013075583333334584,-2.3635607360183997e-17,-0.0008034109317616021
development-hmom28-20230424-NEARUSDT,hmom28,2023-04-24T00:00:00+0000,2023-05-01T00:00:00+0000,2023-04-23T00:00:00+0000,NEARUSDT,-0.23127791674239645,5,24,1.911,1.928,0.5,0.2616431187859759,20,0.0006673493391037938,0.00022599038203206432,-0.004447933019361527,-0.004447933019361527,-0.005050601779173269,-8.673617379884035e-17,-0.0043832524400694755,-0.006055052380952275,2.6020852139652106e-18,-0.005387703041848481,-0.0070595029827315026,4.5102810375396984e-17,-0.006833512600699438
development-hmom28-20230501-ZILUSDT,hmom28,2023-05-01T00:00:00+0000,2023-05-08T00:00:00+0000,2023-04-30T00:00:00+0000,ZILUSDT,-0.25768299473178186,1,24,0.028,0.02608,0.5,17.857142857142858,22,0.0009752502285750001,0.00048762511428750003,0.03428571428571431,0.03428571428571431,0.03370628571428569,-5.551115123125783e-17,0.03468153594286069,0.03274059200000001,-5.551115123125783e-17,0.033715842228575016,0.03177489828571428,-4.163336342344337e-17,0.03226252340000178
development-hmom28-20230501-RUNEUSDT,hmom28,2023-05-01T00:00:00+0000,2023-05-08T00:00:00+0000,2023-04-30T00:00:00+0000,RUNEUSDT,-0.24541421587604656,3,24,1.34,1.28,0.5,0.3731343283582089,22,0.0010379420936490298,0.0005189710468245149,0.022388059701492546,0.022388059701492546,0.021801492537313394,-5.551115123125783e-17,0.022839434630962423,0.020823894029850798,-2.42861286636753e-17,0.021861836123499827,0.019846295522388147,3.469446951953614e-17,0.020365266569212663
development-hmom28-20230501-SNXUSDT,hmom28,2023-05-01T00:00:00+0000,2023-05-08T00:00:00+0000,2023-04-30T00:00:00+0000,SNXUSDT,-0.24225085262812085,4,24,2.426,2.359,0.5,0.2061005770816158,22,0.0011004547706100576,0.0005502273853050288,0.0138087386644683,0.0138087386644683,0.013217023907666936,-3.8163916471489756e-17,0.014317478678276993,0.012230840931574671,-5.551115123125783e-17,0.013331295702184729,0.01124465795548224,-5.204170427930421e-17,0.01179488534078727
development-hmom28-20230508-ENSUSDT,hmom28,2023-05-08T00:00:00+0000,2023-05-15T00:00:00+0000,2023-05-07T00:00:00+0000,ENSUSDT,-0.3370959291610185,1,24,10.99,10.428,0.5,0.04549590536851683,20,0.0008610516635626388,0.0004201728611472884,0.02556869881710644,0.02556869881710644,0.024984040036396704,1.0408340855860843e-17,0.025845091699959345,0.024009624076433145,0.0,0.024870675739995785,0.02303520811646953,1.3877787807814457e-17,0.02345538097761682
development-hmom28-20230508-NEARUSDT,hmom28,2023-05-08T00:00:00+0000,2023-05-15T00:00:00+0000,2023-05-07T00:00:00+0000,NEARUSDT,-0.326221671541967,3,24,1.736,1.656,0.5,0.28801843317972353,20,8.417864761923935e-06,-0.0004000816467947581,0.02304147465437789,0.02304147465437789,0.022455299539170415,-1.1102230246251565e-16,0.02246371740393234,0.021478354838709746,0.0,0.02148677270347167,0.02050141013824891,1.3877787807814457e-17,0.020101328491454153
development-hmom28-20230508-DASHUSDT,hmom28,2023-05-08T00:00:00+0000,2023-05-15T00:00:00+0000,2023-05-07T00:00:00+0000,DASHUSDT,-0.31236931391037454,4,24,45.41,41.2,0.5,0.01101079057476327,20,0.00042325600945470606,7.917381208972696e-05,0.04635542831975331,0.04635542831975331,0.04578324157674507,-7.632783294297951e-17,0.046206497586199775,0.04482962481832198,6.938893903907228e-18,0.04525288082777668,0.04387600805989861,-2.0816681711721685e-17,0.04395518187198833
development-hmom28-20230508-KAVAUSDT,hmom28,2023-05-08T00:00:00+0000,2023-05-15T00:00:00+0000,2023-05-07T00:00:00+0000,KAVAUSDT,-0.29280121509642476,5,24,0.7257,1.0058,0.5,0.688989940746865,20,-0.0165158109953179,-0.024792316931174445,-0.19298608240319692,-0.19298608240319692,-0.19370187405263894,-1.3877787807814457e-16,-0.21021768504795685,-0.19489497592669147,-2.7755575615628914e-17,-0.21141078692200937,-0.19608807780074405,-2.7755575615628914e-17,-0.2208803947319185
development-hmom28-20230515-ZILUSDT,hmom28,2023-05-15T00:00:00+0000,2023-05-22T00:00:00+0000,2023-05-14T00:00:00+0000,ZILUSDT,-0.4197818444082143,1,24,0.02381,0.0235,0.5,20.999580008399832,21,0.0010653285174296514,0.0005326642587148257,0.006509869802603985,0.006509869802603985,0.005913775724485482,-5.551115123125783e-17,0.006979104241915133,0.004920289500210118,-1.214306433183765e-17,0.005985618017639769,0.003926803275934532,2.688821387764051e-17,0.004459467534649358
development-hmom28-20230515-SNXUSDT,hmom28,2023-05-15T00:00:00+0000,2023-05-22T00:00:00+0000,2023-05-14T00:00:00+0000,SNXUSDT,-0.4053033612416573,2,24,2.061,2.326,0.5,0.242600679281902,21,5.865664501683655e-05,-0.0004991871935806648,-0.06428918000970407,-0.06428918000970407,-0.06492775351770991,-2.7755575615628914e-17,-0.06486909687269307,-0.06599208127122752,-5.551115123125783e-17,-0.06593342462621068,-0.06705640902474541,-4.163336342344337e-17,-0.06755559621832607
development-hmom28-20230515-RUNEUSDT,hmom28,2023-05-15T00:00:00+0000,2023-05-22T00:00:00+0000,2023-05-14T00:00:00+0000,RUNEUSDT,-0.3724682829603627,5,24,1.181,1.112,0.5,0.42337002540220153,21,0.00047214361420156646,0.00012586436214650717,0.029212531752751902,0.029212531752751902,0.028630059271803454,-7.979727989493313e-17,0.02910220288600502,0.02765928933107542,3.122502256758253e-17,0.028131432945276987,0.026688519390347165,1.3877787807814457e-17,0.026814383752493672
development-hmom28-20230522-ENSUSDT,hmom28,2023-05-22T00:00:00+0000,2023-05-29T00:00:00+0000,2023-05-21T00:00:00+0000,ENSUSDT,-0.247477957127719,3,24,10.012,10.711,0.5,0.04994007191370355,22,0.001082711596176768,0.000541355798088384,-0.034908110267678816,-0.034908110267678816,-0.03552905513383947,-9.020562075079397e-17,-0.0344463435376627,-0.036563984188973164,-2.0816681711721685e-17,-0.035481272592796397,-0.03759891324410697,3.469446951953614e-17,-0.03705755744601858
development-hmom28-20230522-AVAXUSDT,hmom28,2023-05-22T00:00:00+0000,2023-05-29T00:00:00+0000,2023-05-21T00:00:00+0000,AVAXUSDT,-0.24273369775856996,4,24,14.305,14.901,0.5,0.03495281370150297,22,0.0009518103547380568,0.0004759051773690284,-0.020831876966095786,-0.020831876966095786,-0.021444376092275508,-7.28583859910259e-17,-0.020492565737537452,-0.022465220468367686,-2.7755575615628914e-17,-0.02151341011362963,-0.023486064844459975,2.7755575615628914e-17,-0.023010159667090947
development-hmom28-20230522-NEARUSDT,hmom28,2023-05-22T00:00:00+0000,2023-05-29T00:00:00+0000,2023-05-21T00:00:00+0000,NEARUSDT,-0.23156569671308833,5,24,1.609,1.666,0.5,0.3107520198881293,22,0.000705767761732629,0.00027190200504978245,-0.017712865133623357,-0.017712865133623357,-0.01832349285270357,-4.5102810375396984e-17,-0.017617725090970943,-0.019341216345556245,-1.1449174941446927e-16,-0.018635448583823617,-0.020358939838408863,8.326672684688674e-17,-0.02008703783335908
development-hmom28-20230529-KAVAUSDT,hmom28,2023-05-29T00:00:00+0000,2023-06-05T00:00:00+0000,2023-05-28T00:00:00+0000,KAVAUSDT,-0.2865161937006369,1,23,1.1585,1.0027,0.5,0.4315925766076823,20,-0.0012561968412555889,-0.002028659297874061,0.06724212343547697,0.06724212343547697,0.06668246870953826,-1.3877787807814457e-17,0.06542627186828266,0.06574975117824777,-2.7755575615628914e-17,0.06449355433699218,0.06481703364695734,0.0,0.06278837434908328
development-hmom28-20230529-HBARUSDT,hmom28,2023-05-29T00:00:00+0000,2023-06-05T00:00:00+0000,2023-05-28T00:00:00+0000,HBARUSDT,-0.18541188092775432,2,23,0.05331,0.0501,0.5,9.379103357719002,20,0.0009347404764584505,0.00046737023822922524,0.030106921778278062,0.030106921778278062,0.02952498593134495,-5.204170427930421e-17,0.030459726407803398,0.02855511091727636,-3.469446951953614e-18,0.02948985139373481,0.02758523590320766,-3.469446951953614e-18,0.028052606141436887
development-hmom28-20230529-ZILUSDT,hmom28,2023-05-29T00:00:00+0000,2023-06-05T00:00:00+0000,2023-05-28T00:00:00+0000,ZILUSDT,-0.1732717212740368,3,23,0.02368,0.02394,0.5,21.114864864864867,20,0.0009831334248310813,0.0004915667124155407,-0.005489864864864913,-0.005489864864864913,-0.0060931587837838586,-7.806255641895632e-17,-0.005110025358952777,-0.00709865194256748,4.683753385137379e-17,-0.006115518517736398,-0.008104145101351379,-3.2959746043559335e-17,-0.0076125783889358384
development-hmom28-20230605-SNXUSDT,hmom28,2023-06-05T00:00:00+0000,2023-06-12T00:00:00+0000,2023-06-04T00:00:00+0000,SNXUSDT,-0.1156131211297849,3,23,2.358,1.78,0.5,0.21204410517387615,22,-1.47413090459287e-05,-0.0006216706933507421,0.12256149279050044,0.12256149279050044,0.12203502968617469,-4.163336342344337e-17,0.12202028837712876,0.12115766471586087,-4.163336342344337e-17,0.12114292340681494,0.12028029974554699,-4.163336342344337e-17,0.11965862905219625
development-hmom28-20230605-AVAXUSDT,hmom28,2023-06-05T00:00:00+0000,2023-06-12T00:00:00+0000,2023-06-04T00:00:00+0000,AVAXUSDT,-0.10958645404846865,4,23,14.782,11.566,0.5,0.033824922202678936,22,-0.0003434447293143181,-0.0012240925889839957,0.10878094980381542,0.10878094980381542,0.10824621837369769,-4.163336342344337e-17,0.10790277364438337,0.10735506459207145,-1.3877787807814457e-17,0.10701161986275713,0.10646391081044504,-4.163336342344337e-17,0.10523981822146104
development-hmom28-20230605-ZECUSDT,hmom28,2023-06-05T00:00:00+0000,2023-06-12T00:00:00+0000,2023-06-04T00:00:00+0000,ZECUSDT,-0.10851869279541071,5,23,31.93,24.73,0.5,0.015659254619480114,22,0.0007265215616432947,0.0002469765124774695,0.1127466332602568,0.1127466332602568,0.11221428124021293,-4.163336342344337e-17,0.11294080280185623,0.1113270955214532,-1.3877787807814457e-17,0.1120536170830965,0.11043990980269336,0.0,0.11068688631517083
development-hmom28-20230612-KAVAUSDT,hmom28,2023-06-12T00:00:00+0000,2023-06-19T00:00:00+0000,2023-06-11T00:00:00+0000,KAVAUSDT,-0.6319356394052018,1,23,0.8203,0.789,0.5,0.6095330976472022,21,-0.002911240939305864,-0.0044032501766995,0.019078385956357413,0.019078385956357413,0.01848983298793122,-2.0816681711721685e-17,0.015578592048625356,0.017508922820919204,-1.3877787807814457e-17,0.014597681881613339,0.01652801265390713,3.469446951953614e-18,0.012124762477207632
development-hmom28-20230612-DASHUSDT,hmom28,2023-06-12T00:00:00+0000,2023-06-19T00:00:00+0000,2023-06-11T00:00:00+0000,DASHUSDT,-0.4465621679581693,2,23,29.08,30.2,0.5,0.017193947730398902,21,0.0007005951564180383,0.00034909345166156386,-0.019257221458046758,-0.019257221458046758,-0.019868775790921667,-5.204170427930421e-17,-0.01916818063450363,-0.02088804456671245,4.85722573273506e-17,-0.020187449410294413,-0.0219073133425034,9.71445146547012e-17,-0.021558219890841834
development-hmom28-20230612-ZILUSDT,hmom28,2023-06-12T00:00:00+0000,2023-06-19T00:00:00+0000,2023-06-11T00:00:00+0000,ZILUSDT,-0.3730445262445568,4,23,0.01745,0.01724,0.5,28.653295128939828,21,0.000885408328312321,0.00043647813819340975,0.006017191977077396,0.006017191977077396,0.0054208022922636045,-5.898059818321144e-17,0.006306210620575925,0.004426823094555998,-1.6479873021779667e-17,0.005312231422868319,0.0034328438968482256,5.854691731421724e-17,0.003869322035041635
development-hmom28-20230612-SOLUSDT,hmom28,2023-06-12T00:00:00+0000,2023-06-19T00:00:00+0000,2023-06-11T00:00:00+0000,SOLUSDT,-0.36142097027077796,5,23,15.535,15.429,0.5,0.0321853878339234,21,-0.00013214653927056966,-0.0003871537109913743,0.0034116511103958747,0.0034116511103958747,0.0028136981010620787,-3.469446951953614e-17,0.002681551561791509,0.0018171117991632735,1.1709383462843448e-17,0.0016849652598927038,0.0008205254972642462,7.806255641895632e-18,0.0004333717862728719
development-hmom28-20230619-SNXUSDT,hmom28,2023-06-19T00:00:00+0000,2023-06-26T00:00:00+0000,2023-06-18T00:00:00+0000,SNXUSDT,-0.38286633146012,3,23,1.805,2.184,0.5,0.2770083102493075,21,0.00032890479539540176,-0.00020640062393603872,-0.1049861495844876,-0.1049861495844876,-0.10564914127423836,-6.938893903907228e-17,-0.10532023647884295,-0.10675419041551254,-5.551115123125783e-17,-0.10642528562011713,-0.10785923955678672,6.938893903907228e-17,-0.10806564018072276
development-hmom28-20230619-RUNEUSDT,hmom28,2023-06-19T00:00:00+0000,2023-06-26T00:00:00+0000,2023-06-18T00:00:00+0000,RUNEUSDT,-0.35860079913194665,5,23,0.831,1.004,0.5,0.601684717208183,21,0.0011628961593302047,0.0005814480796651023,-0.10409145607701564,-0.10409145607701564,-0.10475391095066183,4.163336342344337e-17,-0.10359101479133163,-0.10585806486161237,5.551115123125783e-17,-0.10469516870228217,-0.10696221877256323,2.7755575615628914e-17,-0.10638077069289813
development-hmom28-20230626-BNBUSDT,hmom28,2023-06-26T00:00:00+0000,2023-07-03T00:00:00+0000,2023-06-25T00:00:00+0000,BNBUSDT,-0.2848324707246456,1,24,238.96,246.78,0.5,0.002092400401740877,21,0.00044657057839468385,0.00022328528919734192,-0.016362571141613658,-0.016362571141613658,-0.016972388684298678,-6.591949208711867e-17,-0.016525818105903995,-0.017988761072982806,3.122502256758253e-17,-0.017542190494588123,-0.019005133461667323,-8.673617379884035e-17,-0.01878184817246998
development-hmom28-20230626-SOLUSDT,hmom28,2023-06-26T00:00:00+0000,2023-07-03T00:00:00+0000,2023-06-25T00:00:00+0000,SOLUSDT,-0.2743613132569988,2,24,16.949,19.454,0.5,0.02950026550238952,21,0.0007376253152353058,0.0003127891454884152,-0.07389816508348568,-0.07389816508348568,-0.07454250398253587,-5.551115123125783e-17,-0.07380487866730057,-0.07561644648651827,-2.7755575615628914e-17,-0.07487882117128297,-0.0766903889905009,-1.3877787807814457e-17,-0.07637759984501248
development-hmom28-20230626-DASHUSDT,hmom28,2023-06-26T00:00:00+0000,2023-07-03T00:00:00+0000,2023-06-25T00:00:00+0000,DASHUSDT,-0.2256291474419555,3,24,35.36,38.27,0.5,0.01414027149321267,21,0.0005894201027568101,0.00018317933222896353,-0.041148190045248945,-0.041148190045248945,-0.041772878959276116,-4.163336342344337e-17,-0.041183458856519306,-0.04281405183823517,9.71445146547012e-17,-0.04222463173547836,-0.04385522471719466,-6.938893903907228e-18,-0.0436720453849657
development-hmom28-20230626-CRVUSDT,hmom28,2023-06-26T00:00:00+0000,2023-07-03T00:00:00+0000,2023-06-25T00:00:00+0000,CRVUSDT,-0.20968208496987706,4,24,0.702,0.763,0.5,0.7122507122507123,21,0.00026789472089800575,-0.00023124408460954428,-0.04344729344729348,-0.04344729344729348,-0.04407336182336191,-4.163336342344337e-17,-0.043805467102463906,-0.04511683518518528,-9.020562075079397e-17,-0.04484894046428727,-0.0461603085470087,-1.1796119636642288e-16,-0.046391552631618246
development-hmom28-20230626-NEARUSDT,hmom28,2023-06-26T00:00:00+0000,2023-07-03T00:00:00+0000,2023-06-25T00:00:00+0000,NEARUSDT,-0.1826794025662471,5,24,1.398,1.467,0.5,0.357653791130186,21,-0.0005243915285258584,-0.0011783280464545604,-0.024678111587982943,-0.024678111587982943,-0.02529291845493581,-1.214306433183765e-16,-0.025817309983461666,-0.026317611373390615,-3.122502256758253e-17,-0.026842002901916472,-0.02734230429184553,2.7755575615628914e-17,-0.028520632338300093
development-hmom28-20230703-KAVAUSDT,hmom28,2023-07-03T00:00:00+0000,2023-07-10T00:00:00+0000,2023-07-02T00:00:00+0000,KAVAUSDT,-0.2701303425385466,1,24,0.9542,0.9299,0.5,0.5239991616013414,21,5.360082269765249e-05,-0.0003754984573995494,0.012733179626912672,0.012733179626912672,0.012140819534688818,2.2551405187698492e-17,0.01219442035738647,0.01115356035422349,-2.42861286636753e-17,0.011207161176921143,0.010166301173758163,-1.0408340855860843e-17,0.009790802716358614
development-hmom28-20230703-HBARUSDT,hmom28,2023-07-03T00:00:00+0000,2023-07-10T00:00:00+0000,2023-07-02T00:00:00+0000,HBARUSDT,-0.15771219082173735,3,24,0.05005,0.04698,0.5,9.990009990009991,21,0.0007941287752677323,0.00037936826644605396,0.03066933066933064,0.03066933066933064,0.030087732267732148,-8.326672684688674e-17,0.03088186104299988,0.029118419999999978,-6.938893903907228e-18,0.029912548775267712,0.028149107732267753,1.0408340855860843e-17,0.028528475998713807
development-hmom28-20230703-XRPUSDT,hmom28,2023-07-03T00:00:00+0000,2023-07-10T00:00:00+0000,2023-07-02T00:00:00+0000,XRPUSDT,-0.15588952879399937,4,24,0.4843,0.4678,0.5,1.0324179227751393,21,0.0005696054571283296,0.00017892101518588685,0.01703489572578981,0.01703489572578981,0.01644511666322529,3.469446951953614e-18,0.01701472212035362,0.015462161779888572,1.214306433183765e-17,0.0160317672370169,0.014479206896551744,-2.949029909160572e-17,0.014658127911737632
development-hmom28-20230703-ETCUSDT,hmom28,2023-07-03T00:00:00+0000,2023-07-10T00:00:00+0000,2023-07-02T00:00:00+0000,ETCUSDT,-0.1350027023553652,5,24,20.375,18.616,0.5,0.024539877300613498,21,0.0004137115377915338,0.00011565609202413497,0.04316564417177915,0.04316564417177915,0.04259154355828221,-6.938893903907228e-18,0.04300525509607374,0.04163473510184057,5.551115123125783e-17,0.0420484466396321,0.04067792664539882,6.938893903907228e-18,0.04079358273742296
development-hmom28-20230710-BCHUSDT,hmom28,2023-07-10T00:00:00+0000,2023-07-17T00:00:00+0000,2023-07-09T00:00:00+0000,BCHUSDT,-0.21579180053211827,4,24,265.4,249.63,0.5,0.0018839487565938209,21,-0.001964693669276247,-0.003002460023319042,0.029709871891484496,0.029709871891484496,0.02912769781461938,-3.122502256758253e-17,0.027163004145343134,0.028157425512434053,-3.8163916471489756e-17,0.026192731843157808,0.027187153210248616,-5.204170427930421e-17,0.024184693186929573
development-hmom28-20230710-NEARUSDT,hmom28,2023-07-10T00:00:00+0000,2023-07-17T00:00:00+0000,2023-07-09T00:00:00+0000,NEARUSDT,-0.21023034491103124,5,24,1.326,1.445,0.5,0.3770739064856712,21,0.0008122656206112368,0.0003263093848388009,-0.04487179487179482,-0.04487179487179482,-0.045498717948718015,-6.245004513516506e-17,-0.04468645232810678,-0.04654361666666662,-6.938893903907228e-18,-0.045731351046055385,-0.04758851538461545,-6.938893903907228e-18,-0.047262205999776645
development-hmom28-20230717-XLMUSDT,hmom28,2023-07-17T00:00:00+0000,2023-07-24T00:00:00+0000,2023-07-16T00:00:00+0000,XLMUSDT,-0.42954692573147213,1,25,0.13115,0.15585,0.5,3.812428516965307,21,-0.0021918519384422418,-0.0034115898779504385,-0.09416698436904314,-0.09416698436904314,-0.09482348455966444,6.938893903907228e-17,-0.09701533649810667,-0.09591770804422411,0.0,-0.09810955998266635,-0.09701193152878379,1.3877787807814457e-17,-0.10042352140673423
development-hmom28-20230717-1000XECUSDT,hmom28,2023-07-17T00:00:00+0000,2023-07-24T00:00:00+0000,2023-07-16T00:00:00+0000,1000XECUSDT,-0.428817591764391,2,25,0.03005,0.03095,0.5,16.638935108153078,21,-0.00045639114494509147,-0.001199432086123128,-0.014975041597337757,-0.014975041597337757,-0.015584026622296132,6.938893903907228e-18,-0.016040417767241223,-0.01659901064891839,-3.469446951953614e-17,-0.01705540179386348,-0.017613994675540756,-1.734723475976807e-17,-0.018813426761663886
development-hmom28-20230717-KAVAUSDT,hmom28,2023-07-17T00:00:00+0000,2023-07-24T00:00:00+0000,2023-07-16T00:00:00+0000,KAVAUSDT,-0.31033676301658714,3,25,0.9164,0.9045,0.5,0.5456132693147098,21,0.0008934167710062747,0.00043898129244508406,0.006492797904845082,0.006492797904845082,0.005896693583587909,-5.637851296924623e-17,0.006790110354594183,0.004903190277171621,1.474514954580286e-17,0.005796607048177895,0.003909686970755166,-1.9949319973733282e-17,0.004348668263200251
development-hmom28-20230717-XRPUSDT,hmom28,2023-07-17T00:00:00+0000,2023-07-24T00:00:00+0000,2023-07-16T00:00:00+0000,XRPUSDT,-0.25700043720164417,5,25,0.7463,0.7379,0.5,0.6699718611818304,21,0.0008135860404375585,0.0004002137869293514,0.005627763633927363,0.005627763633927363,0.005031140292107716,8.673617379884035e-18,0.005844726332545275,0.004036771432399833,-2.5153490401663703e-17,0.004850357472837391,0.0030424025726918935,-4.0766001685454967e-17,0.003442616359621245
development-hmom28-20230724-SOLUSDT,hmom28,2023-07-24T00:00:00+0000,2023-07-31T00:00:00+0000,2023-07-23T00:00:00+0000,SOLUSDT,-0.30499457774453,2,25,24.752,24.236,0.5,0.020200387847446672,21,0.0007391671348190207,0.0003581634603677218,0.010423400129282445,0.010423400129282445,0.009829654169359991,-2.42861286636753e-17,0.010568821304179013,0.008840083823529354,-6.591949208711867e-17,0.009579250958348376,0.007850513477698773,2.0816681711721685e-17,0.008208676938066494
development-hmom28-20230724-BCHUSDT,hmom28,2023-07-24T00:00:00+0000,2023-07-31T00:00:00+0000,2023-07-23T00:00:00+0000,BCHUSDT,-0.278413045019714,3,25,249.29,252.9,0.5,0.0020056961771430866,21,-0.00012312932780819485,-0.00046208096649857856,-0.007240563199486516,-0.007240563199486516,-0.007844907537406354,-9.194034422677078e-17,-0.007968036865214549,-0.00885215244494364,-3.469446951953614e-18,-0.008975281772751835,-0.00985939735248098,8.847089727481716e-17,-0.01032147831897956
development-hmom28-20230731-CRVUSDT,hmom28,2023-07-31T00:00:00+0000,2023-08-07T00:00:00+0000,2023-07-30T00:00:00+0000,CRVUSDT,-0.3298955035383196,1,24,0.631,0.612,0.5,0.7923930269413629,21,-0.004586671436317908,-0.007167113513430903,0.015055467511885912,0.015055467511885912,0.014464500792393031,-1.0408340855860843e-17,0.009877829356075124,0.013479565293185447,8.673617379884035e-18,0.00889289385686754,0.012494629793977807,-2.949029909160572e-17,0.005327516280546904
development-hmom28-20230731-XRPUSDT,hmom28,2023-07-31T00:00:00+0000,2023-08-07T00:00:00+0000,2023-07-30T00:00:00+0000,XRPUSDT,-0.314639770000251,3,24,0.7044,0.6239,0.5,0.7098239636570131,21,0.0008240937690804941,0.00039636188781068995,0.057140829074389554,0.057140829074389554,0.056575113571834146,-4.85722573273506e-17,0.05739920734091464,0.05563228868540604,-2.7755575615628914e-17,0.05645638245448653,0.05468946379897782,-4.163336342344337e-17,0.05508582568678851
development-hmom28-20230731-XLMUSDT,hmom28,2023-07-31T00:00:00+0000,2023-08-07T00:00:00+0000,2023-07-30T00:00:00+0000,XLMUSDT,-0.25372759111960075,4,24,0.15637,0.13935,0.5,3.1975442859883607,21,-0.00018527510542527343,-0.0006119436782475859,0.054422203747521936,0.054422203747521936,0.053854857069770445,1.3877787807814457e-17,0.053669581964345174,0.052909311926840286,-1.3877787807814457e-17,0.052724036821415014,0.05196376678390996,-2.0816681711721685e-17,0.05135182310566237
development-hmom28-20230731-1000XECUSDT,hmom28,2023-07-31T00:00:00+0000,2023-08-07T00:00:00+0000,2023-07-30T00:00:00+0000,1000XECUSDT,-0.23704456541085922,5,24,0.03127,0.02905,0.5,15.98976654940838,21,9.111976505756322e-05,-0.0005851037744795333,0.03549728173968658,0.03549728173968658,0.03491858010873039,-1.3877787807814457e-17,0.03500969987378796,0.03395409868883914,-6.938893903907228e-17,0.03404521845389671,0.03298961726894789,-1.3877787807814457e-17,0.03240451349446836
development-hmom28-20230807-SOLUSDT,hmom28,2023-08-07T00:00:00+0000,2023-08-14T00:00:00+0000,2023-08-06T00:00:00+0000,SOLUSDT,-0.370524756108687,2,24,23.183,24.217,0.5,0.02156752792994867,20,0.0008785288675367619,0.00043926443376838094,-0.02230082387956689,-0.02230082387956689,-0.02291420437389463,1.3877787807814457e-17,-0.02203567550635787,-0.02393651857826845,3.469446951953614e-18,-0.02305798971073169,-0.024958832782642493,-7.979727989493313e-17,-0.024519568348874112
development-hmom28-20230807-AAVEUSDT,hmom28,2023-08-07T00:00:00+0000,2023-08-14T00:00:00+0000,2023-08-06T00:00:00+0000,AAVEUSDT,-0.29021942398636064,5,24,65.93,65.59,0.5,0.007583801001061732,20,0.0010026097525102382,0.0005013048762551191,0.002578492340361005,0.002578492340361005,0.0019800394357651907,-4.0332320816460765e-17,0.0029826491882754286,0.0009826194752011186,-2.5804011705155006e-17,0.0019852292277113565,-1.4800485363231086e-05,3.518236049715462e-17,0.000486504390891888
development-hmom28-20230814-CRVUSDT,hmom28,2023-08-14T00:00:00+0000,2023-08-21T00:00:00+0000,2023-08-13T00:00:00+0000,CRVUSDT,-0.35249229580539665,1,24,0.576,0.499,0.5,0.8680555555555556,22,0.00012149153775381948,-0.0004209499242881076,0.06684027777777773,0.06684027777777773,0.06628038194444441,-1.3877787807814457e-17,0.06640187348219823,0.06534726232638882,-4.163336342344337e-17,0.06546875386414264,0.06441414270833323,-2.7755575615628914e-17,0.06399319278404512
development-hmom28-20230814-XRPUSDT,hmom28,2023-08-14T00:00:00+0000,2023-08-21T00:00:00+0000,2023-08-13T00:00:00+0000,XRPUSDT,-0.3140819483402425,2,24,0.6252,0.5382,0.5,0.799744081893794,22,0.00035264919836764237,-1.0538776902711146e-05,0.06957773512476007,0.06957773512476007,0.06901948176583489,-2.7755575615628914e-17,0.06937213096420253,0.06808910124760081,1.3877787807814457e-17,0.06844175044596845,0.06715872072936663,2.7755575615628914e-17,0.06714818195246391
development-hmom28-20230814-XLMUSDT,hmom28,2023-08-14T00:00:00+0000,2023-08-21T00:00:00+0000,2023-08-13T00:00:00+0000,XLMUSDT,-0.27179203351105363,3,24,0.13781,0.1295,0.5,3.6281837312241496,22,-0.0010951385830077643,-0.0018711199439739499,0.030150206806472624,0.030150206806472624,0.02956829693055646,-4.85722573273506e-17,0.028473158347548697,0.028598465227487158,-3.469446951953614e-17,0.027503326644479395,0.027628633524417523,-5.204170427930421e-17,0.025757513580443574
development-hmom28-20230814-SNXUSDT,hmom28,2023-08-14T00:00:00+0000,2023-08-21T00:00:00+0000,2023-08-13T00:00:00+0000,SNXUSDT,-0.25593337413720063,4,24,2.497,2.141,0.5,0.20024028834601523,22,-0.0018797992388724068,-0.003098382868170264,0.07128554265118142,0.07128554265118142,0.07072831397677204,-6.938893903907228e-17,0.06884851473789963,0.06979964229074886,-2.7755575615628914e-17,0.06791984305187646,0.06887097060472563,-4.163336342344337e-17,0.06577258773655537
development-hmom28-20230814-TRXUSDT,hmom28,2023-08-14T00:00:00+0000,2023-08-21T00:00:00+0000,2023-08-13T00:00:00+0000,TRXUSDT,-0.19979720925254954,5,24,0.07705,0.07588,0.5,6.489292667099287,22,0.00017690820404282946,-0.00017478005451200524,0.007592472420506091,0.007592472420506091,0.006997027903958397,-1.0408340855860843e-17,0.007173936108001227,0.00600462493186249,5.204170427930421e-18,0.0061815331359053195,0.005012221959766305,1.3877787807814457e-17,0.0048374419052543
development-hmom28-20230821-LTCUSDT,hmom28,2023-08-21T00:00:00+0000,2023-08-28T00:00:00+0000,2023-08-20T00:00:00+0000,LTCUSDT,-0.38896988873905347,2,24,65.19,65.36,0.5,0.007669888019634913,21,0.0002019770025724712,-0.0001568716061412663,-0.001303880963338,-0.001303880963338,-0.001904663291915909,4.206704429243757e-17,-0.0017026862893434378,-0.002905967955207922,-5.898059818321144e-17,-0.002703990952635451,-0.00390727261849988,-1.0408340855860843e-16,-0.0040641442246411455
development-hmom28-20230821-BCHUSDT,hmom28,2023-08-21T00:00:00+0000,2023-08-28T00:00:00+0000,2023-08-20T00:00:00+0000,BCHUSDT,-0.31960917724924026,5,24,188.72,197.61,0.5,0.0026494277236117,21,-0.0019977875263127685,-0.0029966812894691524,-0.023553412462908097,-0.023553412462908097,-0.024167544510385885,-8.673617379884035e-17,-0.026165332036698654,-0.02519111205489616,-8.673617379884035e-17,-0.027188899581208927,-0.026214679599406543,2.7755575615628914e-17,-0.029211360888875694
development-hmom28-20230828-CRVUSDT,hmom28,2023-08-28T00:00:00+0000,2023-09-04T00:00:00+0000,2023-08-27T00:00:00+0000,CRVUSDT,-0.4054651081081643,1,23,0.46,0.434,0.5,1.0869565217391304,21,-0.000819141084959348,-0.0017171877933975,0.028260869565217395,0.028260869565217395,0.027677826086956514,-3.122502256758253e-17,0.026858685001997167,0.026706103913043566,1.0408340855860843e-17,0.02588696282808422,0.025734381739130452,-5.551115123125783e-17,0.024017193945732953
development-hmom28-20230828-UNIUSDT,hmom28,2023-08-28T00:00:00+0000,2023-09-04T00:00:00+0000,2023-08-27T00:00:00+0000,UNIUSDT,-0.35763561007441685,3,23,4.682,4.407,0.5,0.10679196924391285,21,0.0005253758497832763,0.00012075942384675353,0.029367791542076083,0.029367791542076083,0.028785412217001316,0.0,0.029310788066784593,0.027814797629218346,-2.7755575615628914e-17,0.028340173479001623,0.02684418304143532,-2.0816681711721685e-17,0.026964942465282075
development-hmom28-20230828-RUNEUSDT,hmom28,2023-08-28T00:00:00+0000,2023-09-04T00:00:00+0000,2023-08-27T00:00:00+0000,RUNEUSDT,-0.3362773238440634,4,23,1.466,1.46,0.5,0.34106412005457026,21,-0.0026519765327549113,-0.0040584739154079464,0.002046384720327421,0.002046384720327421,0.001447612551159605,-1.474514954580286e-17,-0.0012043639815953063,0.00044966016371084105,-1.973247953923618e-17,-0.00220231636904407,-0.0005482922237380894,-3.924811864397526e-17,-0.004606766139146036
development-hmom28-20230828-XRPUSDT,hmom28,2023-08-28T00:00:00+0000,2023-09-04T00:00:00+0000,2023-08-27T00:00:00+0000,XRPUSDT,-0.3194262911118321,5,23,0.5233,0.5044,0.5,0.9554748710108925,21,6.188915076027135e-05,-0.0003391979712261132,0.018058475062105894,0.018058475062105894,0.017469310147143147,-1.0408340855860843e-17,0.017531199297903418,0.01648737945729034,6.938893903907228e-18,0.016549268608050612,0.015505448767437424,1.9081958235744878e-17,0.015166250796211311
development-hmom28-20230904-HBARUSDT,hmom28,2023-09-04T00:00:00+0000,2023-09-11T00:00:00+0000,2023-09-03T00:00:00+0000,HBARUSDT,-0.4457100923498707,1,20,0.04855,0.0478,0.5,10.298661174047373,21,-0.00032649014589186415,-0.0008427975405453141,0.007723995880535517,0.007723995880535517,0.007128630278063874,1.6479873021779667e-17,0.00680214013217201,0.006136358908341966,-7.806255641895632e-18,0.0058098687624501015,0.00514408753861989,-5.4643789493269423e-17,0.004301289998074576
development-hmom28-20230911-UNIUSDT,hmom28,2023-09-11T00:00:00+0000,2023-09-18T00:00:00+0000,2023-09-10T00:00:00+0000,UNIUSDT,-0.41271265834501075,2,20,4.217,4.279,0.5,0.11856770215793219,21,0.0004995060718592602,0.0001616138282634812,-0.007351197533791876,-0.007351197533791876,-0.007955608252312174,-7.112366251504909e-17,-0.007456102180452914,-0.008962963860564277,4.163336342344337e-17,-0.008463457788705017,-0.009970319468816713,2.949029909160572e-17,-0.009808705640553231
development-hmom28-20230911-SOLUSDT,hmom28,2023-09-11T00:00:00+0000,2023-09-18T00:00:00+0000,2023-09-10T00:00:00+0000,SOLUSDT,-0.33621344658083235,3,20,18.22,18.799,0.5,0.027442371020856202,21,-0.0013144068096385482,-0.001978211189210841,-0.015889132821075735,-0.015889132821075735,-0.016498666300768405,0.0,-0.017813073110406953,-0.0175145649670691,-3.469446951953614e-18,-0.01882897177670765,-0.01853046363336991,-2.42861286636753e-17,-0.02050867482258075
development-hmom28-20230911-CRVUSDT,hmom28,2023-09-11T00:00:00+0000,2023-09-18T00:00:00+0000,2023-09-10T00:00:00+0000,CRVUSDT,-0.3199429346700024,4,20,0.426,0.43,0.5,1.1737089201877935,21,3.32403213441315e-05,-0.0005285523932483568,-0.0046948356807511304,-0.0046948356807511304,-0.005297652582159695,-6.678685382510707e-17,-0.005264412260815564,-0.006302350234741683,2.6020852139652106e-18,-0.006269109913397551,-0.007307047887324003,8.673617379884035e-19,-0.00783560028057236
development-hmom28-20230918-HBARUSDT,hmom28,2023-09-18T00:00:00+0000,2023-09-25T00:00:00+0000,2023-09-17T00:00:00+0000,HBARUSDT,-0.26755143980365026,1,20,0.04953,0.0498,0.5,10.094891984655765,21,0.00022100573893397946,-0.00011302377936099332,-0.0027256208358570344,-0.0027256208358570344,-0.0033272562083585533,1.1709383462843448e-17,-0.003106250469424574,-0.004329983464566922,-5.117434254131581e-17,-0.004108977725632942,-0.0053327107207752356,1.0408340855860843e-17,-0.005445734500136229
development-hmom28-20230918-AVAXUSDT,hmom28,2023-09-18T00:00:00+0000,2023-09-25T00:00:00+0000,2023-09-17T00:00:00+0000,AVAXUSDT,-0.20996725483245057,2,20,9.091,8.774,0.5,0.054999450005499946,21,9.204942929433506e-05,-0.0002625802977723078,0.01743482565174348,0.01743482565174348,0.01684528654713452,-1.734723475976807e-17,0.016937335976428856,0.015862731833681754,1.0408340855860843e-17,0.01595478126297609,0.014880177120228877,2.2551405187698492e-17,0.014617596822456568
development-hmom28-20230918-SNXUSDT,hmom28,2023-09-18T00:00:00+0000,2023-09-25T00:00:00+0000,2023-09-17T00:00:00+0000,SNXUSDT,-0.17926381008597764,3,20,2.129,1.952,0.5,0.23485204321277595,21,-0.0012345527117065055,-0.0019593697811686353,0.04156881164866133,0.04156881164866133,0.04099375293565055,6.938893903907228e-18,0.039759200223944045,0.040035346688586215,-4.163336342344337e-17,0.03880079397687971,0.039076940441521824,-2.7755575615628914e-17,0.03711757066035319
development-hmom28-20230918-KAVAUSDT,hmom28,2023-09-18T00:00:00+0000,2023-09-25T00:00:00+0000,2023-09-17T00:00:00+0000,KAVAUSDT,-0.1609151316193402,4,20,0.6209,0.6161,0.5,0.8052826542116283,21,-0.00012363395457980341,-0.0006400870040978419,0.0038653567402158195,0.0038653567402158195,0.0032676759542599187,-4.7704895589362195e-17,0.0031440419996801154,0.0022715436302142566,-2.42861286636753e-17,0.0021479096756344533,0.001275411306168428,-7.762887554996212e-17,0.0006353243020705861
development-hmom28-20230925-XLMUSDT,hmom28,2023-09-25T00:00:00+0000,2023-10-02T00:00:00+0000,2023-09-24T00:00:00+0000,XLMUSDT,-0.1836731190935801,3,21,0.11214,0.11431,0.5,4.458712323880863,21,-4.743875115926378e-07,-0.00046106097474607634,-0.009675405742821441,-0.009675405742821441,-0.01028121098626722,-9.194034422677078e-17,-0.010281685373778812,-0.011290892197253377,-3.122502256758253e-17,-0.01129136658476497,-0.012300573408239701,-7.45931094670027e-17,-0.012761634382985778
development-hmom28-20230925-RUNEUSDT,hmom28,2023-09-25T00:00:00+0000,2023-10-02T00:00:00+0000,2023-09-24T00:00:00+0000,RUNEUSDT,-0.1727952877104901,4,21,1.671,2.149,0.5,0.2992220227408737,21,0.0007398056305023041,0.00034529788141530527,-0.14302812687013766,-0.14302812687013766,-0.14371394374625973,-2.7755575615628914e-17,-0.14297413811575743,-0.14485705769000584,5.551115123125783e-17,-0.14411725205950354,-0.14600017163375217,2.7755575615628914e-17,-0.14565487375233688
development-hmom28-20231002-SNXUSDT,hmom28,2023-10-02T00:00:00+0000,2023-10-09T00:00:00+0000,2023-10-01T00:00:00+0000,SNXUSDT,-0.15972830510116526,2,21,2.171,2.024,0.5,0.2303086135421465,21,0.0003265782663005067,-1.2235706499170892e-05,0.03385536619069551,0.03385536619069551,0.03327567941040993,2.7755575615628914e-17,0.033602257676710434,0.03230955508982036,-1.3877787807814457e-17,0.03263613335612087,0.03134343076923074,-6.938893903907228e-18,0.03133119506273157
development-hmom28-20231002-KAVAUSDT,hmom28,2023-10-02T00:00:00+0000,2023-10-09T00:00:00+0000,2023-10-01T00:00:00+0000,KAVAUSDT,-0.05780747613855238,3,21,0.6504,0.6184,0.5,0.7687576875768758,21,0.0005122992280905597,7.236205457018758e-05,0.024600246002460024,0.024600246002460024,0.02401500615006147,-5.551115123125783e-17,0.02452730537815203,0.023039621156211554,-6.245004513516506e-17,0.023551920384302115,0.022064236162361583,-4.163336342344337e-17,0.02213659821693177
development-hmom28-20231002-VETUSDT,hmom28,2023-10-02T00:00:00+0000,2023-10-09T00:00:00+0000,2023-10-01T00:00:00+0000,VETUSDT,-0.05569367866324997,4,21,0.01746,0.01713,0.5,28.6368843069874,21,-0.0008376913854810998,-0.0013403845696248569,0.009450171821305864,0.009450171821305864,0.008855841924398644,5.204170427930421e-18,0.008018150538917544,0.00786529776632311,3.469446951953614e-18,0.0070276063808420094,0.006874753608247353,-2.5153490401663703e-17,0.005534369038622496
development-hmom28-20231009-RUNEUSDT,hmom28,2023-10-09T00:00:00+0000,2023-10-16T00:00:00+0000,2023-10-08T00:00:00+0000,RUNEUSDT,-0.2696215757252622,1,21,1.732,1.656,0.5,0.28868360277136257,21,6.897170732110279e-05,-0.0002693966600212327,0.02193995381062358,0.02193995381062358,0.021353117782909936,-1.0408340855860843e-17,0.021422089490231038,0.02037507090069285,-2.42861286636753e-17,0.02044404260801395,0.019397024018475817,1.734723475976807e-17,0.019127627358454583
development-hmom28-20231009-XLMUSDT,hmom28,2023-10-09T00:00:00+0000,2023-10-16T00:00:00+0000,2023-10-08T00:00:00+0000,XLMUSDT,-0.1951761082505265,2,21,0.11065,0.1063,0.5,4.518752824220515,21,0.0005752970434387709,9.561002943063714e-05,0.019656574785359204,0.019656574785359204,0.01906836873023038,-4.163336342344337e-17,0.01964366577366915,0.01808803709896062,-6.591949208711867e-17,0.01866333414239939,0.017107705467690915,-3.122502256758253e-17,0.017203315497121553
development-hmom28-20231009-AVAXUSDT,hmom28,2023-10-09T00:00:00+0000,2023-10-16T00:00:00+0000,2023-10-08T00:00:00+0000,AVAXUSDT,-0.16457059856080875,3,21,10.079,9.173,0.5,0.04960809604127393,21,0.0003359468028934469,9.077143404893095e-05,0.044944935013394194,0.044944935013394194,0.04437190197440222,-3.469446951953614e-17,0.04470784877729567,0.043416873876376716,-2.7755575615628914e-17,0.043752820679270166,0.042461845778351104,3.469446951953614e-17,0.042552617212400036
development-hmom28-20231009-CRVUSDT,hmom28,2023-10-09T00:00:00+0000,2023-10-16T00:00:00+0000,2023-10-08T00:00:00+0000,CRVUSDT,-0.14141165404982864,4,21,0.473,0.44,0.5,1.0570824524312896,21,0.0009105436400617336,0.0004552718200308668,0.03488372093023251,0.03488372093023251,0.034304651162790634,-3.469446951953614e-17,0.035215194802852366,0.03333955581395348,-4.163336342344337e-17,0.03425009945401521,0.03237446046511627,1.3877787807814457e-17,0.03282973228514714
development-hmom28-20231009-BCHUSDT,hmom28,2023-10-09T00:00:00+0000,2023-10-16T00:00:00+0000,2023-10-08T00:00:00+0000,BCHUSDT,-0.11480092123097248,5,21,227.63,215.02,0.5,0.002196547028071871,21,-0.0005833483531730641,-0.0009196837325887487,0.02769845802398624,0.02769845802398624,0.027115077098800622,-2.7755575615628914e-17,0.026531728745627557,0.026142792175899432,-5.204170427930421e-17,0.025559443822726367,0.025170507252998242,-1.0408340855860843e-17,0.024250823520409494
development-hmom28-20231016-SNXUSDT,hmom28,2023-10-16T00:00:00+0000,2023-10-23T00:00:00+0000,2023-10-15T00:00:00+0000,SNXUSDT,-0.16470787353935817,5,21,1.872,2.122,0.5,0.2670940170940171,21,-0.0013585055042627135,-0.0021091910734323985,-0.06677350427350426,-0.06677350427350426,-0.06741356837606843,-1.249000902703301e-16,-0.06877207388033114,-0.06848038194444445,-4.163336342344337e-17,-0.06983888744870716,-0.0695471955128204,1.3877787807814457e-17,-0.0716563865862528
development-hmom28-20231023-RUNEUSDT,hmom28,2023-10-23T00:00:00+0000,2023-10-30T00:00:00+0000,2023-10-22T00:00:00+0000,RUNEUSDT,-0.21458241901217595,1,21,1.83,2.436,0.5,0.27322404371584696,21,0.0012383880885737978,0.0005990491864126094,-0.16557377049180322,-0.16557377049180322,-0.16627311475409834,-5.551115123125783e-17,-0.16503472666552454,-0.16743878786885236,0.0,-0.16620039978027856,-0.1686044609836066,-2.7755575615628914e-17,-0.168005411797194
development-hmom28-20231023-CRVUSDT,hmom28,2023-10-23T00:00:00+0000,2023-10-30T00:00:00+0000,2023-10-22T00:00:00+0000,CRVUSDT,-0.19115163624222675,2,21,0.451,0.493,0.5,1.1086474501108647,21,0.0010165923366521066,0.0004960569665522174,-0.04656319290465627,-0.04656319290465627,-0.04719113082039911,-1.3877787807814457e-17,-0.046174538483747,-0.04823772195121945,-2.0816681711721685e-17,-0.04722112961456734,-0.0492843130820399,-6.938893903907228e-18,-0.048788256115487684
development-hmom28-20231023-AVAXUSDT,hmom28,2023-10-23T00:00:00+0000,2023-10-30T00:00:00+0000,2023-10-22T00:00:00+0000,AVAXUSDT,-0.16457059856080875,3,21,10.079,11.38,0.5,0.04960809604127393,21,0.0011099322534477624,0.0005549661267238812,-0.0645401329496974,-0.0645401329496974,-0.0651788570294673,-9.71445146547012e-17,-0.06406892477601954,-0.0662434358864965,9.71445146547012e-17,-0.06513350363304875,-0.06730801474352616,0.0,-0.06675304861680227
development-hmom28-20231023-UNIUSDT,hmom28,2023-10-23T00:00:00+0000,2023-10-30T00:00:00+0000,2023-10-22T00:00:00+0000,UNIUSDT,-0.10621485146374197,4,21,4.213,4.158,0.5,0.11868027533823879,21,0.0009897672633474722,0.0004948836316737361,0.00652741514360311,0.00652741514360311,0.005931331592689271,8.673617379884035e-18,0.006921098856036743,0.004937862924281944,-7.112366251504909e-17,0.005927630187629416,0.003944394255874617,-4.5102810375396984e-17,0.004439277887548353
development-hmom28-20231023-NEARUSDT,hmom28,2023-10-23T00:00:00+0000,2023-10-30T00:00:00+0000,2023-10-22T00:00:00+0000,NEARUSDT,-0.10422350587075105,5,21,1.056,1.278,0.5,0.47348484848484845,21,0.0011632190156249998,0.0005816095078124999,-0.10511363636363635,-0.10511363636363635,-0.10577670454545457,-5.551115123125783e-17,-0.10461348552982958,-0.10688188125000003,-1.249000902703301e-16,-0.10571866223437504,-0.10798705795454533,5.551115123125783e-17,-0.10740544844673283
development-hmom28-20231030-BCHUSDT,hmom28,2023-10-30T00:00:00+0000,2023-11-06T00:00:00+0000,2023-10-29T00:00:00+0000,BCHUSDT,-0.09341127989205598,2,22,245.84,237.59,0.5,0.0020338431500162707,21,0.0010129902148818435,0.0005064951074409218,0.016779205987634216,0.016779205987634216,0.016189273511226787,-2.42861286636753e-17,0.01720226372610863,0.015206062784738072,-2.949029909160572e-17,0.016219052999619916,0.014222852058249247,-2.6020852139652106e-17,0.014729347165690168
development-hmom28-20231030-AAVEUSDT,hmom28,2023-10-30T00:00:00+0000,2023-11-06T00:00:00+0000,2023-10-29T00:00:00+0000,AAVEUSDT,-0.07273031117000048,4,22,84.57,89.15,0.5,0.005912262031453235,21,0.0016131180125341237,0.0008065590062670618,-0.027078160104055837,-0.027078160104055837,-0.027694407000118437,-1.1102230246251565e-16,-0.026081288987584314,-0.028721501407118433,-5.898059818321144e-17,-0.02710838339458431,-0.02974859581411865,-5.898059818321144e-17,-0.02894203680785159
development-hmom28-20231030-1000XECUSDT,hmom28,2023-10-30T00:00:00+0000,2023-11-06T00:00:00+0000,2023-10-29T00:00:00+0000,1000XECUSDT,-0.06532520008203574,5,22,0.02859,0.0298,0.5,17.488632388947185,21,0.001438140893557188,0.000719070446778594,-0.02116124519062612,-0.02116124519062612,-0.02177394193774057,-1.1449174941446927e-16,-0.020335801044183383,-0.022795115879678085,2.0816681711721685e-17,-0.021356974986120898,-0.023816289821616043,-1.0061396160665481e-16,-0.023097219374837448
development-hmom28-20231106-SOLUSDT,hmom28,2023-11-06T00:00:00+0000,2023-11-13T00:00:00+0000,2023-11-05T00:00:00+0000,SOLUSDT,-0.12824623839046878,2,22,41.167,56.315,0.5,0.012145650642504918,21,0.0023074411184384265,0.0011537205592192133,-0.18398231593266445,-0.18398231593266445,-0.1846927053222241,-5.551115123125783e-17,-0.18238526420378567,-0.1858767980275463,-1.1102230246251565e-16,-0.1835693569091079,-0.18706089073286858,0.0,-0.18590717017364936
development-hmom28-20231106-RUNEUSDT,hmom28,2023-11-06T00:00:00+0000,2023-11-13T00:00:00+0000,2023-11-05T00:00:00+0000,RUNEUSDT,-0.05936031034648159,4,22,3.353,5.142,0.5,0.14912019087384432,21,0.0028133031284132567,0.0014066515642066283,-0.2667760214733075,-0.2667760214733075,-0.26753608708619153,-5.551115123125783e-17,-0.26472278395777826,-0.2688030231732776,0.0,-0.2659897200448643,-0.2700699592603639,0.0,-0.2686633076961573
development-hmom28-20231106-XMRUSDT,hmom28,2023-11-06T00:00:00+0000,2023-11-13T00:00:00+0000,2023-11-05T00:00:00+0000,XMRUSDT,-0.03623248163772324,5,22,169.13,171.34,0.5,0.0029563058002719804,21,0.0013843044047672358,0.0006921522023836179,-0.006533435818601108,-0.006533435818601108,-0.007137355880092289,-2.862293735361732e-17,-0.005753051475325053,-0.00814389323597231,-1.0408340855860843e-17,-0.006759588831205075,-0.009150430591852499,-7.45931094670027e-17,-0.00845827838946888
development-hmom28-20231113-BCHUSDT,hmom28,2023-11-13T00:00:00+0000,2023-11-20T00:00:00+0000,2023-11-12T00:00:00+0000,BCHUSDT,-0.13168056847967255,1,24,236.6,230.14,0.5,0.002113271344040575,21,0.0008818933464830352,0.00042085519199653784,0.013651732882502154,0.013651732882502154,0.013059923922231598,-3.469446951953614e-17,0.013941817268714633,0.012073583846153868,-2.2551405187698492e-17,0.012955477192636903,0.011087243770076083,-6.938893903907228e-18,0.01150809896207262
development-hmom28-20231113-XRPUSDT,hmom28,2023-11-13T00:00:00+0000,2023-11-20T00:00:00+0000,2023-11-12T00:00:00+0000,XRPUSDT,-0.10259149961224187,3,24,0.6619,0.626,0.5,0.7554011179936546,21,0.0012849370173479379,0.0006424685086739689,0.027118900135972235,0.027118900135972235,0.026535171476053776,-4.163336342344337e-17,0.027820108493401715,0.025562306647529953,6.938893903907228e-18,0.026847243664877892,0.024589441819005964,5.204170427930421e-17,0.02523191032767993
development-hmom28-20231113-AAVEUSDT,hmom28,2023-11-13T00:00:00+0000,2023-11-20T00:00:00+0000,2023-11-12T00:00:00+0000,AAVEUSDT,-0.09771306442063511,4,24,99.77,91.51,0.5,0.0050115265109752435,21,0.0009649204829006716,0.0004824602414503358,0.04139520898065546,0.04139520898065546,0.04082004610604384,-2.0816681711721685e-17,0.04178496658894451,0.03986146615214997,2.7755575615628914e-17,0.04082638663505064,0.03890288619825594,-2.0816681711721685e-17,0.03938534643970627
development-hmom28-20231113-ETCUSDT,hmom28,2023-11-13T00:00:00+0000,2023-11-20T00:00:00+0000,2023-11-12T00:00:00+0000,ETCUSDT,-0.08528692698374427,5,24,20.072,19.608,0.5,0.02491032283778398,21,0.0014003384771150958,0.0007001692385575479,0.011558389796731738,0.011558389796731738,0.010965324830609746,-2.6020852139652106e-17,0.012365663307724841,0.009976890155440454,-1.734723475976807e-18,0.01137722863255555,0.00898845548027094,-2.0816681711721685e-17,0.009688624718828488
development-hmom28-20231120-RUNEUSDT,hmom28,2023-11-20T00:00:00+0000,2023-11-27T00:00:00+0000,2023-11-19T00:00:00+0000,RUNEUSDT,-0.1836997515772219,3,25,5.56,5.259,0.5,0.08992805755395684,21,0.001034740626348921,0.0005173703131744605,0.027068345323740917,0.027068345323740917,0.026484586330935145,-4.163336342344337e-17,0.027519326957284065,0.025511670917266138,-1.3877787807814457e-17,0.026546411543615058,0.02453875550359702,-1.734723475976807e-17,0.025056125816771482
development-hmom28-20231120-CRVUSDT,hmom28,2023-11-20T00:00:00+0000,2023-11-27T00:00:00+0000,2023-11-19T00:00:00+0000,CRVUSDT,-0.13005312824819792,5,25,0.576,0.581,0.5,0.8680555555555556,21,0.0010551021481875,0.00052755107409375,-0.00434027777777779,-0.00434027777777779,-0.004942881944444533,-8.500145032286355e-17,-0.0038877797962570326,-0.005947224826388875,-1.3877787807814457e-17,-0.004892122678201375,-0.006951567708333273,9.80118763926896e-17,-0.006424016634239523
development-hmom28-20231127-XRPUSDT,hmom28,2023-11-27T00:00:00+0000,2023-12-04T00:00:00+0000,2023-11-26T00:00:00+0000,XRPUSDT,-0.2016444053735525,2,24,0.6159,0.6235,0.5,0.8118201006656924,21,0.0012722156095746875,0.0006361078047873438,-0.006169832765059335,-0.006169832765059335,-0.00677353466471825,8.933825901280557e-17,-0.005501319055143563,-0.007779708199383006,-3.729655473350135e-17,-0.006507492589808319,-0.008785881734047818,-3.9898639947466563e-17,-0.008149773929260475
development-hmom28-20231127-NEARUSDT,hmom28,2023-11-27T00:00:00+0000,2023-12-04T00:00:00+0000,2023-11-26T00:00:00+0000,NEARUSDT,-0.17930826866267238,3,24,1.829,1.981,0.5,0.2733734281027884,21,0.0011795802847836797,0.0005897901423918398,-0.04155276107162387,-0.04155276107162387,-0.042177692728266825,2.7755575615628914e-17,-0.04099811244348314,-0.043219270420995104,-2.0816681711721685e-17,-0.04203969013621142,-0.04426084811372338,-1.3877787807814457e-17,-0.04367105797133154
development-hmom28-20231127-SOLUSDT,hmom28,2023-11-27T00:00:00+0000,2023-12-04T00:00:00+0000,2023-11-26T00:00:00+0000,SOLUSDT,-0.17132831024569325,4,24,57.593,63.02,0.5,0.008681610612400812,21,0.0012969318628181488,0.0006484659314090744,-0.04711510079349923,-0.04711510079349923,-0.04774336985397537,-6.245004513516506e-17,-0.04644643799115722,-0.04879051322382927,-6.245004513516506e-17,-0.04749358136101112,-0.04983765659368333,-4.163336342344337e-17,-0.04918919066227426
development-hmom28-20231127-BNBUSDT,hmom28,2023-11-27T00:00:00+0000,2023-12-04T00:00:00+0000,2023-11-26T00:00:00+0000,BNBUSDT,-0.1609525084057956,5,24,231.91,228.24,0.5,0.0021560087965158898,21,0.0017648308519193554,0.0008824154259596777,0.007912552283213303,0.007912552283213303,0.0073172998145832335,1.734723475976807e-17,0.009082130666502588,0.006325217114397874,1.0408340855860843e-17,0.008090047966317229,0.005333134414212404,1.474514954580286e-17,0.006215549840172081
development-hmom28-20231204-ENSUSDT,hmom28,2023-12-04T00:00:00+0000,2023-12-11T00:00:00+0000,2023-12-03T00:00:00+0000,ENSUSDT,-0.12580341188882238,3,23,8.817,9.695,0.5,0.05670863105364636,21,0.0038550199763189514,0.0019275099881594757,-0.049790178065101554,-0.049790178065101554,-0.050420052171940566,6.938893903907228e-18,-0.046565032195621615,-0.05146987222411248,0.0,-0.04761485224779353,-0.052519692276284446,-6.245004513516506e-17,-0.05059218228812497
development-hmom28-20231204-XLMUSDT,hmom28,2023-12-04T00:00:00+0000,2023-12-11T00:00:00+0000,2023-12-03T00:00:00+0000,XLMUSDT,-0.12199723937923601,4,23,0.12208,0.13334,0.5,4.095674967234601,21,0.0021379483181577655,0.0010689741590788828,-0.04611730013106152,-0.04611730013106152,-0.046744970511140294,-8.326672684688674e-17,-0.04460702219298253,-0.04779111548165127,-6.938893903907228e-18,-0.045653167163493505,-0.04883726045216241,1.3877787807814457e-17,-0.04776828629308353
development-hmom28-20231204-AVAXUSDT,hmom28,2023-12-04T00:00:00+0000,2023-12-11T00:00:00+0000,2023-12-03T00:00:00+0000,AVAXUSDT,-0.11690720374998725,5,23,21.958,37.198,0.5,0.022770744147918756,21,0.0029993598657341225,0.0014996799328670612,-0.34702614081428185,-0.34702614081428185,-0.3478343564987704,5.551115123125783e-17,-0.3448349966330363,-0.3491815908552692,0.0,-0.34618223098953504,-0.35052882521176804,0.0,-0.349029145278901
development-hmom28-20231211-XRPUSDT,hmom28,2023-12-11T00:00:00+0000,2023-12-18T00:00:00+0000,2023-12-10T00:00:00+0000,XRPUSDT,-0.12916139295340412,1,24,0.6621,0.6108,0.5,0.7551729346020238,21,0.0012009902857831145,0.0006004951428915572,0.03874037154508381,0.03874037154508381,0.03816361576801086,-2.0816681711721685e-17,0.03936460605379397,0.03720237938377896,0.0,0.03840336966956207,0.036241142999546894,2.0816681711721685e-17,0.03684163814243845
development-hmom28-20231211-BNBUSDT,hmom28,2023-12-11T00:00:00+0000,2023-12-18T00:00:00+0000,2023-12-10T00:00:00+0000,BNBUSDT,-0.1268727502343033,2,24,239.96,238.97,0.5,0.0020836806134355724,21,-0.00229138056598079,-0.0035277073531297717,0.0020628438073012623,0.0020628438073012623,0.001464081513585569,-4.7704895589362195e-17,-0.0008272990523952211,0.00046614559509927656,-3.198396408832238e-18,-0.0018252349708815134,-0.0005317903233871268,4.85722573273506e-17,-0.0040594976765168985
development-hmom28-20231211-RUNEUSDT,hmom28,2023-12-11T00:00:00+0000,2023-12-18T00:00:00+0000,2023-12-10T00:00:00+0000,RUNEUSDT,-0.10182664831452538,3,24,6.605,5.5,0.5,0.07570022710068129,21,0.001100507348903679,0.0005502536744518395,0.08364875094625285,0.08364875094625285,0.08309894019682057,-5.551115123125783e-17,0.08419944754572425,0.08218263913701745,1.3877787807814457e-17,0.08328314648592114,0.08126633807721423,-1.3877787807814457e-17,0.08181659175166607
development-hmom28-20231211-UNIUSDT,hmom28,2023-12-11T00:00:00+0000,2023-12-18T00:00:00+0000,2023-12-10T00:00:00+0000,UNIUSDT,-0.08033355584702426,4,24,6.613,6.07,0.5,0.07560864962951762,21,0.0013996526121050055,0.0006998263060525027,0.04105549674882808,0.04105549674882808,0.04048013004687728,-9.020562075079397e-17,0.04187978265898229,0.03952121017692428,-4.163336342344337e-17,0.04092086278902929,0.038562290306971114,-1.3877787807814457e-17,0.03926211661302362
development-hmom28-20231211-AAVEUSDT,hmom28,2023-12-11T00:00:00+0000,2023-12-18T00:00:00+0000,2023-12-10T00:00:00+0000,AAVEUSDT,-0.08028608066740114,5,24,97.97,100.17,0.5,0.005103603143819537,21,0.0010494398721260124,0.0005247199360630062,-0.011227926916402953,-0.011227926916402953,-0.01183466367255298,-1.4224732503009818e-16,-0.010785223800426968,-0.012845898336225348,1.734723475976807e-17,-0.011796458464099335,-0.013857132999897881,1.214306433183765e-17,-0.013332413063834874
development-hmom28-20231218-SNXUSDT,hmom28,2023-12-18T00:00:00+0000,2023-12-25T00:00:00+0000,2023-12-17T00:00:00+0000,SNXUSDT,-0.2724635168205376,2,23,3.774,4.091,0.5,0.13248542660307366,21,0.0017022152506477478,0.0008511076253238739,-0.04199788023317441,-0.04199788023317441,-0.04262307896131429,-6.938893903907228e-18,-0.04092086371066654,-0.04366510204027557,-6.938893903907228e-18,-0.041962886789627826,-0.04470712511923686,-6.938893903907228e-18,-0.043856017493912984
development-hmom28-20231218-LINKUSDT,hmom28,2023-12-18T00:00:00+0000,2023-12-25T00:00:00+0000,2023-12-17T00:00:00+0000,LINKUSDT,-0.2128995418203452,3,23,14.03,15.279,0.5,0.03563791874554526,21,0.002951162688315375,0.0014755813441576875,-0.04451176051318606,-0.04451176051318606,-0.04513846756949397,0.0,-0.04218730488117859,-0.04618300603706332,5.551115123125783e-17,-0.043231843348747946,-0.0472275445046329,2.0816681711721685e-17,-0.045751963160475216
development-hmom28-20231218-ENSUSDT,hmom28,2023-12-18T00:00:00+0000,2023-12-25T00:00:00+0000,2023-12-17T00:00:00+0000,ENSUSDT,-0.1738419851949538,4,23,8.605,9.367,0.5,0.058105752469494475,21,0.0032664431233330044,0.0016332215616665022,-0.044276583381754775,-0.044276583381754775,-0.0449031493317838,6.938893903907228e-17,-0.041636706208450794,-0.04594745248111559,-2.0816681711721685e-17,-0.04268100935778259,-0.04699175563044755,-7.632783294297951e-17,-0.04535853406878105
development-hmom28-20231225-RUNEUSDT,hmom28,2023-12-25T00:00:00+0000,2024-01-01T00:00:00+0000,2023-12-24T00:00:00+0000,RUNEUSDT,-0.18810881632596205,2,25,6.058,5.163,0.5,0.08253549026081215,20,0.00298516674114301,0.001492583370571505,0.07386926378342684,0.07386926378342684,0.07331358534169685,-5.551115123125783e-17,0.07629875208283986,0.07238749892703861,1.3877787807814457e-17,0.07537266566818161,0.07146141251238025,-5.551115123125783e-17,0.07295399588295176
development-hmom28-20231225-1000XECUSDT,hmom28,2023-12-25T00:00:00+0000,2024-01-01T00:00:00+0000,2023-12-24T00:00:00+0000,1000XECUSDT,-0.1816042334040734,3,25,0.03254,0.03728,0.5,15.365703749231715,20,-0.0008541265775553163,-0.0037001475130631527,-0.07283343577135837,-0.07283343577135837,-0.07347713583282117,-2.7755575615628914e-17,-0.07433126241037649,-0.07455001296865382,2.7755575615628914e-17,-0.07540413954620914,-0.07562289010448686,0.0,-0.07932303761755001
development-hmom28-20231225-AAVEUSDT,hmom28,2023-12-25T00:00:00+0000,2024-01-01T00:00:00+0000,2023-12-24T00:00:00+0000,AAVEUSDT,-0.17577736026974072,4,25,99.64,108.77,0.5,0.005018065034122842,20,0.0032908411247271384,0.0016454205623635692,-0.045814933761541554,-0.045814933761541554,-0.04644242272179849,-4.163336342344337e-17,-0.04315158159707135,-0.04748826514452026,-8.326672684688674e-17,-0.04419742401979312,-0.048534107567242135,-8.326672684688674e-17,-0.04688868700487857
development-hmom28-20231225-CRVUSDT,hmom28,2023-12-25T00:00:00+0000,2024-01-01T00:00:00+0000,2023-12-24T00:00:00+0000,CRVUSDT,-0.15806638217007868,5,25,0.619,0.605,0.5,0.8077544426494346,20,0.0026549624336441036,0.0013274812168220518,0.011308562197092087,0.011308562197092087,0.010715347334410319,-3.122502256758253e-17,0.013370309768054423,0.009726662681744769,1.0408340855860843e-17,0.012381625115388872,0.008737978029079163,-1.734723475976807e-18,0.010065459245901215
